artifact_id	relative_path	data_status	source	license	sha256	contains_human_data
CH07_SYN_01	ch07/synthetic_recordings/recording_manifest.tsv	SYNTHETIC_TEACHING_FIXTURE	generated locally by companion/scripts/generate_ch07_fixture.py	CC-BY-4.0	118bbc1df371a4c4f9673449ac42ae4034f710cd6027de613dc587162b9c1c03	false
CH07_SYN_02	ch07/synthetic_recordings/recording_session_metadata.yaml	SYNTHETIC_TEACHING_FIXTURE	generated locally by companion/scripts/generate_ch07_fixture.py	CC-BY-4.0	51291e007741639b5feef2405cebabba0119727b7b947c13ddb624b5df905385	false
CH07_SYN_03	ch07/synthetic_recordings/synthetic_clipped.wav	SYNTHETIC_TEACHING_FIXTURE	generated locally by companion/scripts/generate_ch07_fixture.py	CC-BY-4.0	36eb3f8b1332fd54a0ad398c987d99a79901ffcb13b02c7005345ac1ba11a705	false
CH07_SYN_04	ch07/synthetic_recordings/synthetic_good.wav	SYNTHETIC_TEACHING_FIXTURE	generated locally by companion/scripts/generate_ch07_fixture.py	CC-BY-4.0	35bed3cc4cedf0edac6191a045348193b9e266bc8b857015db0a1abe654c56bb	false
CH07_SYN_05	ch07/synthetic_recordings/synthetic_near_silent.wav	SYNTHETIC_TEACHING_FIXTURE	generated locally by companion/scripts/generate_ch07_fixture.py	CC-BY-4.0	ceed66af6e99985a3e2fd5841de278a3735dc5ea424ddcd4bd67d9e0d9fb579f	false
CH07_SYN_06	ch07/synthetic_recordings/timing_events.tsv	SYNTHETIC_TEACHING_FIXTURE	generated locally by companion/scripts/generate_ch07_fixture.py	CC-BY-4.0	450bec969728017f88c933e526638ef53ebc9518c1a960404fd5b35120ae97f4	false
CH08_SYN_01	ch08/synthetic_perception/detection_event_log.tsv	SYNTHETIC_TEACHING_FIXTURE	generated locally by companion/scripts/generate_ch08_fixture.py	CC-BY-4.0	0489565a7b49fa5b5edb317bea96d9115a2acdf3cc0bf9f0bbb3004e8d835072	false
CH08_SYN_02	ch08/synthetic_perception/online_timing_audit.tsv	SYNTHETIC_TEACHING_FIXTURE	generated locally by companion/scripts/generate_ch08_fixture.py	CC-BY-4.0	55b793a8ade25623fb885c423442cfd0e03f22907ed059541ad9a1e69590fcfb	false
CH08_SYN_03	ch08/synthetic_perception/perception_trial_manifest.tsv	SYNTHETIC_TEACHING_FIXTURE	generated locally by companion/scripts/generate_ch08_fixture.py	CC-BY-4.0	b9ba64d1efb6584986fcece189edfb8faf8876c925400071e388a6cc7e64ca1f	false
CH08_SYN_04	ch08/synthetic_perception/psychometric_responses.tsv	SYNTHETIC_TEACHING_FIXTURE	generated locally by companion/scripts/generate_ch08_fixture.py	CC-BY-4.0	1420f89a6c7d236366df886b9f1e3d0b9bf22b7b857d5100716b6cd13ddcac93	false
CH08_SYN_05	ch08/synthetic_perception/signal_detection_decisions.yaml	SYNTHETIC_TEACHING_FIXTURE	generated locally by companion/scripts/generate_ch08_fixture.py	CC-BY-4.0	cb5eb2bf7bf2d16d0923f82b9b5df7c7c4634cdaae6092624be21c381f753460	false
CH08_SYN_06	ch08/synthetic_perception/stimuli/SYN_CONT_01.wav	SYNTHETIC_TEACHING_FIXTURE	generated locally by companion/scripts/generate_ch08_fixture.py	CC-BY-4.0	7b28fe045234954bb17886fee6eba064df97082b18e4486c50ccc8a0ae142a8d	false
CH08_SYN_07	ch08/synthetic_perception/stimuli/SYN_CONT_02.wav	SYNTHETIC_TEACHING_FIXTURE	generated locally by companion/scripts/generate_ch08_fixture.py	CC-BY-4.0	95858e26dea5df9f116f80eed600a45d071e8c1eb61ee4220a5c8a1458b346dc	false
CH08_SYN_08	ch08/synthetic_perception/stimuli/SYN_CONT_03.wav	SYNTHETIC_TEACHING_FIXTURE	generated locally by companion/scripts/generate_ch08_fixture.py	CC-BY-4.0	54036fdad7417fbe81d9fde6ee12339742deb5e5af4c5e3002a4bbc6f1192307	false
CH08_SYN_09	ch08/synthetic_perception/stimuli/SYN_CONT_04.wav	SYNTHETIC_TEACHING_FIXTURE	generated locally by companion/scripts/generate_ch08_fixture.py	CC-BY-4.0	9b7ed202db27dfd7f1868229b1863b2a2988c7cf9b3f87f7d8c69f555e94f359	false
CH08_SYN_10	ch08/synthetic_perception/stimuli/SYN_CONT_05.wav	SYNTHETIC_TEACHING_FIXTURE	generated locally by companion/scripts/generate_ch08_fixture.py	CC-BY-4.0	5f920fa1cf09fa6c99e30fdf8d7a7e67aa958eb0b08977a71c633e693b7ad2da	false
CH08_SYN_11	ch08/synthetic_perception/stimuli/SYN_CONT_06.wav	SYNTHETIC_TEACHING_FIXTURE	generated locally by companion/scripts/generate_ch08_fixture.py	CC-BY-4.0	be4a82f1f5c4dd2d2c32063a85b62f61107197a3aa76199e700c016aca0a8982	false
CH08_SYN_12	ch08/synthetic_perception/stimuli/SYN_CONT_07.wav	SYNTHETIC_TEACHING_FIXTURE	generated locally by companion/scripts/generate_ch08_fixture.py	CC-BY-4.0	a27fb6494327c92ed2eb840b1083f64331f1aa7151c8bbe77c7b7fb401ab11ac	false
CH08_SYN_13	ch08/synthetic_perception/stimulus_manifest.tsv	SYNTHETIC_TEACHING_FIXTURE	generated locally by companion/scripts/generate_ch08_fixture.py	CC-BY-4.0	a736d36f00b80776ad694461b26b302f89b0b51708809cc504db59862e447a31	false
CH09_SYN_01	ch09/synthetic_annotation/annotation_assignments.tsv	SYNTHETIC_TEACHING_FIXTURE	generated locally by companion/scripts/generate_ch09_fixture.py	CC-BY-4.0	bf98ca965c93b49a34974df23e6ac57b9f57167aadf8677185b7fd1b03d27e6a	false
CH09_SYN_02	ch09/synthetic_annotation/annotation_schema.yaml	SYNTHETIC_TEACHING_FIXTURE	generated locally by companion/scripts/generate_ch09_fixture.py	CC-BY-4.0	e013b2a4e81b782a9a249b2b5ade7be01a68346b579f8659723178cd5963d134	false
CH09_SYN_03	ch09/synthetic_annotation/automatic_proposal_audit.tsv	SYNTHETIC_TEACHING_FIXTURE	generated locally by companion/scripts/generate_ch09_fixture.py	CC-BY-4.0	a1f24b3342827d2093f1818eb6c79e3e4638d0ac8b83602fa6a273d85fcce7b6	false
CH09_SYN_04	ch09/synthetic_annotation/boundary_judgments.tsv	SYNTHETIC_TEACHING_FIXTURE	generated locally by companion/scripts/generate_ch09_fixture.py	CC-BY-4.0	3dd810b681b74e3c24b621597b13b18adbb65f1e0d0a287ba7f8ae5d5c791e21	false
CH09_SYN_05	ch09/synthetic_annotation/categorical_judgments.tsv	SYNTHETIC_TEACHING_FIXTURE	generated locally by companion/scripts/generate_ch09_fixture.py	CC-BY-4.0	c92a10ef8bb494932237f2c43114f325610b79f124317d2080dbef6a48f30e37	false
CH10_SYN_01	ch10/synthetic_acoustics/acoustic_measurement_spec.yaml	SYNTHETIC_TEACHING_FIXTURE	generated locally by companion/scripts/generate_ch10_fixture.py	CC-BY-4.0	59bad8da021126e31635651269ff1e7def81e94b4cd7ed2165e94b12d8484120	false
CH10_SYN_02	ch10/synthetic_acoustics/audio/SYN_VOWEL_01.wav	SYNTHETIC_TEACHING_FIXTURE	generated locally by companion/scripts/generate_ch10_fixture.py	CC-BY-4.0	f63755f102416074a94889e577e35cfdc03883b40053d8fce084011ee46256cc	false
CH10_SYN_03	ch10/synthetic_acoustics/audio/SYN_VOWEL_02.wav	SYNTHETIC_TEACHING_FIXTURE	generated locally by companion/scripts/generate_ch10_fixture.py	CC-BY-4.0	e070bb186d5e560c99237b704e1cb3d9c1bf1c42a5ca288b7262975f9afbf88e	false
CH10_SYN_04	ch10/synthetic_acoustics/audio/SYN_VOWEL_03.wav	SYNTHETIC_TEACHING_FIXTURE	generated locally by companion/scripts/generate_ch10_fixture.py	CC-BY-4.0	4b2cb922b2c2b94c327e14f6b2179bf81e143c3a8b07dcbe66396e4367792bb2	false
CH10_SYN_05	ch10/synthetic_acoustics/audio/SYN_VOWEL_04.wav	SYNTHETIC_TEACHING_FIXTURE	generated locally by companion/scripts/generate_ch10_fixture.py	CC-BY-4.0	8d88df4efb0b329da8d9eab765bba03314c44271bae72adf6c3a7caa18cc25e5	false
CH10_SYN_06	ch10/synthetic_acoustics/audio/SYN_VOWEL_05.wav	SYNTHETIC_TEACHING_FIXTURE	generated locally by companion/scripts/generate_ch10_fixture.py	CC-BY-4.0	99ec82c4fd9a2009a28fed6d56f20489f5975dbf144c9e5c86f069875f5794da	false
CH10_SYN_07	ch10/synthetic_acoustics/audio/SYN_VOWEL_06.wav	SYNTHETIC_TEACHING_FIXTURE	generated locally by companion/scripts/generate_ch10_fixture.py	CC-BY-4.0	e04f97ec48675283c9985a1bd9bfd800f93f2337f5cdf7fd8f8f51ad1a5af5f4	false
CH10_SYN_08	ch10/synthetic_acoustics/audio/SYN_VOWEL_07.wav	SYNTHETIC_TEACHING_FIXTURE	generated locally by companion/scripts/generate_ch10_fixture.py	CC-BY-4.0	476e8b59e0e8ac3cd25a9079614188944feffc85a4942a1fd5009e6f052966d9	false
CH10_SYN_09	ch10/synthetic_acoustics/automatic_landmarks.tsv	SYNTHETIC_TEACHING_FIXTURE	generated locally by companion/scripts/generate_ch10_fixture.py	CC-BY-4.0	0ec84f97d369b7e882da88c73f91815f2f5131fc7181066b56d259a874976d91	false
CH10_SYN_10	ch10/synthetic_acoustics/correction_decisions.tsv	SYNTHETIC_TEACHING_FIXTURE	generated locally by companion/scripts/generate_ch10_fixture.py	CC-BY-4.0	2a08450293d982e2a4b60751fe54314150fb53ba72c6f63f9b6c90f018f2470b	false
CH10_SYN_11	ch10/synthetic_acoustics/duration_validation_manifest.tsv	SYNTHETIC_TEACHING_FIXTURE	generated locally by companion/scripts/generate_ch10_fixture.py	CC-BY-4.0	c96022a1f8d984504120f3f8c732176d4f7f9bc560810acdcadf4aa626ee1503	false
CH10_SYN_12	ch10/synthetic_acoustics/interval_manifest.tsv	SYNTHETIC_TEACHING_FIXTURE	generated locally by companion/scripts/generate_ch10_fixture.py	CC-BY-4.0	0b02fb0e22b865b85aebbeb821f4c4dd719b65eed6ae3a98888c56481244e16b	false
CH10_SYN_13	ch10/synthetic_acoustics/reference_landmarks.tsv	SYNTHETIC_TEACHING_FIXTURE	generated locally by companion/scripts/generate_ch10_fixture.py	CC-BY-4.0	c2aca38e44b30e80d86f6586cc606d993efd6217a2a471711bb0358ca2461fc1	false
CH10_SYN_14	ch10/synthetic_acoustics/source_manifest.tsv	SYNTHETIC_TEACHING_FIXTURE	generated locally by companion/scripts/generate_ch10_fixture.py	CC-BY-4.0	84de46adbceea87b1c106262554529c206f20ec37393ec6b99661262b97d2e15	false
CH11_SYN_01	ch11/synthetic_segmental/acoustic_estimates.tsv	SYNTHETIC_TEACHING_FIXTURE	generated locally by companion/scripts/generate_ch11_fixture.py	CC-BY-4.0	db3d9cc6ec0240b314e773f4cfa3f162d6c9b37b6ae787865e9402d91da1e0ac	false
CH11_SYN_02	ch11/synthetic_segmental/annotation_manifest.tsv	SYNTHETIC_TEACHING_FIXTURE	generated locally by companion/scripts/generate_ch11_fixture.py	CC-BY-4.0	541c695446273f804bb2e8aa222af49afe71b13516c790b04385ab83cc42732c	false
CH11_SYN_03	ch11/synthetic_segmental/event_dictionary.yaml	SYNTHETIC_TEACHING_FIXTURE	generated locally by companion/scripts/generate_ch11_fixture.py	CC-BY-4.0	1c8e5e18d74536fbe035d2bad0b8b70e6dba33d05da8c5ee55063a194f784ab1	false
CH11_SYN_04	ch11/synthetic_segmental/segmental_measure_manifest.tsv	SYNTHETIC_TEACHING_FIXTURE	generated locally by companion/scripts/generate_ch11_fixture.py	CC-BY-4.0	bf8d6bb1e0060f0900665ec63a8a998a02e2cdcea9ca8fa89c9e76bfc31fff86	false
CH11_SYN_05	ch11/synthetic_segmental/split_manifest.tsv	SYNTHETIC_TEACHING_FIXTURE	generated locally by companion/scripts/generate_ch11_fixture.py	CC-BY-4.0	0c06813e4806e105205e05f66f9864894b2a396adf71d8bc630c36965c484840	false
CH12_SYN_01	ch12/synthetic_prosody/interval_manifest.tsv	SYNTHETIC_TEACHING_FIXTURE	generated locally by companion/scripts/generate_ch12_fixture.py	CC-BY-4.0	10ce388ff81e9e7ff316f71b027bffe60517ac828d3943d146f8e9ec7303875c	false
CH12_SYN_02	ch12/synthetic_prosody/landmarks.tsv	SYNTHETIC_TEACHING_FIXTURE	generated locally by companion/scripts/generate_ch12_fixture.py	CC-BY-4.0	84baf80efd6f290d370aca309956bce86279e3fd2b001f26f5b190bbe33012ef	false
CH12_SYN_03	ch12/synthetic_prosody/model_comparison.yaml	SYNTHETIC_TEACHING_FIXTURE	generated locally by companion/scripts/generate_ch12_fixture.py	CC-BY-4.0	ef8e4e58dfe9bf68f2a8c038d9885aa4e58cbe029de4195c10242b5e49a986ff	false
CH12_SYN_04	ch12/synthetic_prosody/prosodic_trajectory_spec.yaml	SYNTHETIC_TEACHING_FIXTURE	generated locally by companion/scripts/generate_ch12_fixture.py	CC-BY-4.0	bb24c3c539c1979063967f3c118b9f0e3d8d9738a5473a3e977197cda1dabc91	false
CH12_SYN_05	ch12/synthetic_prosody/raw_frame_estimates.tsv	SYNTHETIC_TEACHING_FIXTURE	generated locally by companion/scripts/generate_ch12_fixture.py	CC-BY-4.0	4858bb76441beefb84fdc8cff6f05e401a09e015f5006b1f44afd17aa8e61c77	false
CH12_SYN_06	ch12/synthetic_prosody/segmented_intervals.tsv	SYNTHETIC_TEACHING_FIXTURE	generated locally by companion/scripts/generate_ch12_fixture.py	CC-BY-4.0	7372e03df3d5de29c9af7dd721a7f03fbf13a3c166752be7bf41b9fca6f104c7	false
CH12_SYN_07	ch12/synthetic_prosody/source_manifest.tsv	SYNTHETIC_TEACHING_FIXTURE	generated locally by companion/scripts/generate_ch12_fixture.py	CC-BY-4.0	95d4b86b675e6147b2f7dcba27d7d2dda4393731befc518b349eabd7972b12fe	false
CH13_SYN_01	ch13/synthetic_multimodal/calibration_sync_events.tsv	SYNTHETIC_TEACHING_FIXTURE	generated locally by companion/scripts/generate_ch13_fixture.py	CC-BY-4.0	e66aea4d60815057d534c2464f72cf1532dd7effb5cfaa2daf5bf19ccdaa1972	false
CH13_SYN_02	ch13/synthetic_multimodal/landmark_profiles.yaml	SYNTHETIC_TEACHING_FIXTURE	generated locally by companion/scripts/generate_ch13_fixture.py	CC-BY-4.0	c1fe94d47acb7270eeb5a65d010389cedf45875f7daf653ea2db589eb19051e4	false
CH13_SYN_03	ch13/synthetic_multimodal/multimodal_session.yaml	SYNTHETIC_TEACHING_FIXTURE	generated locally by companion/scripts/generate_ch13_fixture.py	CC-BY-4.0	9d8d18965026eef625f393429070d203634903a31eb9c5d4344cde3a8fc70734	false
CH13_SYN_04	ch13/synthetic_multimodal/native_coordinates.tsv	SYNTHETIC_TEACHING_FIXTURE	generated locally by companion/scripts/generate_ch13_fixture.py	CC-BY-4.0	06ee14da8b3105c497d864c1b11930ac83d4daf5b29bcbf3e9fb90d6b3ed8638	false
CH13_SYN_05	ch13/synthetic_multimodal/stream_manifest.tsv	SYNTHETIC_TEACHING_FIXTURE	generated locally by companion/scripts/generate_ch13_fixture.py	CC-BY-4.0	ac521192cd2e6f8a3cd58f5a2c5079f47cffa6efe2cfd022b597648eb2f491f4	false
CH13_SYN_06	ch13/synthetic_multimodal/transformation_matrices.tsv	SYNTHETIC_TEACHING_FIXTURE	generated locally by companion/scripts/generate_ch13_fixture.py	CC-BY-4.0	412d739824d83306d757b66211396dd5b708550e8e5433980c979176249587b7	false
CH13_SYN_07	ch13/synthetic_multimodal/validated_trajectories.tsv	SYNTHETIC_TEACHING_FIXTURE	generated locally by companion/scripts/generate_ch13_fixture.py	CC-BY-4.0	7f4a43a2220edd2455658139e76b136efeb5717c1f0ea7d5a4cddaf23152b189	false
CH14_SYN_01	ch14/synthetic_error/error_map.tsv	SYNTHETIC_TEACHING_FIXTURE	generated locally by companion/scripts/generate_ch14_fixture.py	CC-BY-4.0	fc65e9ebc4a0df10201c59f2b3ca0c8374d6233282aeb89419dee6b1e33010ba	false
CH14_SYN_02	ch14/synthetic_error/raw_analysis_data.tsv	SYNTHETIC_TEACHING_FIXTURE	generated locally by companion/scripts/generate_ch14_fixture.py	CC-BY-4.0	3c334a710af2e9fe6a050e55f4f376b8439a4f8492e8312a452648cb997a83d3	false
CH14_SYN_03	ch14/synthetic_error/repeated_measurements.tsv	SYNTHETIC_TEACHING_FIXTURE	generated locally by companion/scripts/generate_ch14_fixture.py	CC-BY-4.0	a7378321634b061018e13eb233b920a1fbddf5a7237ef1d6c95a4e0f49bce61a	false
CH14_SYN_04	ch14/synthetic_error/sensitivity_analysis_spec.yaml	SYNTHETIC_TEACHING_FIXTURE	generated locally by companion/scripts/generate_ch14_fixture.py	CC-BY-4.0	bb6155038514fcdd4cf51ce57ff1f98c5b11b8a71577d62e876908acf92f03b4	false
CH14_SYN_05	ch14/synthetic_error/specification_table.tsv	SYNTHETIC_TEACHING_FIXTURE	generated locally by companion/scripts/generate_ch14_fixture.py	CC-BY-4.0	fab1bd8a1bd69cd2d89037199dcda1700d7ef77dfb1e1f8899723459e8106717	false
CH14_SYN_06	ch14/synthetic_error/validation_pairs.tsv	SYNTHETIC_TEACHING_FIXTURE	generated locally by companion/scripts/generate_ch14_fixture.py	CC-BY-4.0	b7271e664112a258ac59aead3c6e90922ecebf1e4b4248b4a4fe4081a60dec3c	false
CH15_SYN_01	ch15/synthetic_corpus/corpus_access_profile.yaml	SYNTHETIC_TEACHING_FIXTURE	generated locally by companion/scripts/generate_ch15_fixture.py	CC-BY-4.0	9b411618a5ee9eae9825665259d533dee7f806628211ea419606a034f263a023	false
CH15_SYN_02	ch15/synthetic_corpus/corpus_design.tsv	SYNTHETIC_TEACHING_FIXTURE	generated locally by companion/scripts/generate_ch15_fixture.py	CC-BY-4.0	436833d15ca4499df45f52ac94854cf7bd44f37a6a080370bfb0b56de455c1eb	false
CH15_SYN_03	ch15/synthetic_corpus/cross_corpus_map.tsv	SYNTHETIC_TEACHING_FIXTURE	generated locally by companion/scripts/generate_ch15_fixture.py	CC-BY-4.0	2a5ee0efc32bab967ee7c84e38ac0c2928ade01e1e6199cd07aeef5cf42c685e	false
CH15_SYN_04	ch15/synthetic_corpus/linkage_table.tsv	SYNTHETIC_TEACHING_FIXTURE	generated locally by companion/scripts/generate_ch15_fixture.py	CC-BY-4.0	22ab8cdf904758cc4d9618ab211feee21e9f89b19ce34cce6701c35a2abac960	false
CH15_SYN_05	ch15/synthetic_corpus/query_config.yaml	SYNTHETIC_TEACHING_FIXTURE	generated locally by companion/scripts/generate_ch15_fixture.py	CC-BY-4.0	bc53460d2d9f35b1b64379cca56b3711b49f6cbf445d231d780eb4a0b23bd14a	false
CH15_SYN_06	ch15/synthetic_corpus/searchable_hits.tsv	SYNTHETIC_TEACHING_FIXTURE	generated locally by companion/scripts/generate_ch15_fixture.py	CC-BY-4.0	4ce31a063556f2730ed8c02204147cdf38d4cb4d2143aae8f8497da24ccd653e	false
CH15_SYN_07	ch15/synthetic_corpus/target_population.yaml	SYNTHETIC_TEACHING_FIXTURE	generated locally by companion/scripts/generate_ch15_fixture.py	CC-BY-4.0	be033073e1331654e12c04e749b9ee53062969db6224c250997f1c5232b20a28	false
CH16_SYN_01	ch16/synthetic_pipeline/adverse_cases.tsv	SYNTHETIC_TEACHING_FIXTURE	generated locally by companion/scripts/generate_ch16_fixture.py	CC-BY-4.0	1a0ecd9889ea694e2fdc32a068ec2a19b4c42a57696e1bd14a2779225c5087dc	false
CH16_SYN_02	ch16/synthetic_pipeline/correction_table.tsv	SYNTHETIC_TEACHING_FIXTURE	generated locally by companion/scripts/generate_ch16_fixture.py	CC-BY-4.0	c1b9a00110681184780407a7641e8b35de06883755827e496c352cd3689fa7fa	false
CH16_SYN_03	ch16/synthetic_pipeline/data_contracts.yaml	SYNTHETIC_TEACHING_FIXTURE	generated locally by companion/scripts/generate_ch16_fixture.py	CC-BY-4.0	8bb67fc8ff1cc284d5fc47507846c38e012c8ad986bcb27c0218963b0d9ab804	false
CH16_SYN_04	ch16/synthetic_pipeline/expected/analysis_table.tsv	SYNTHETIC_TEACHING_FIXTURE	generated locally by companion/scripts/generate_ch16_fixture.py	CC-BY-4.0	31bacd00cb2a1d9feb84e11686176bb49e8cb39479ab9e30267a25ca27059b5c	false
CH16_SYN_05	ch16/synthetic_pipeline/expected/summary.json	SYNTHETIC_TEACHING_FIXTURE	generated locally by companion/scripts/generate_ch16_fixture.py	CC-BY-4.0	871103279d5c33a015f53b7886be4fe943d4da0744ab6366fa0524339239a0b2	false
CH16_SYN_06	ch16/synthetic_pipeline/expected_artifacts.tsv	SYNTHETIC_TEACHING_FIXTURE	generated locally by companion/scripts/generate_ch16_fixture.py	CC-BY-4.0	c86cfe4a08b69087f430424c34180e0c0a311bc5d2f98882c89f41dc30510be1	false
CH16_SYN_07	ch16/synthetic_pipeline/pipeline_spec.yaml	SYNTHETIC_TEACHING_FIXTURE	generated locally by companion/scripts/generate_ch16_fixture.py	CC-BY-4.0	1c73239419885642962e2b73035fb154e29b3da9b51e81898146f041befa9dac	false
CH16_SYN_08	ch16/synthetic_pipeline/protected_profile.yaml	CONFIGURATION_ONLY_NO_DATA	generated locally by companion/scripts/generate_ch16_fixture.py	CC-BY-4.0	8a8709c747aee7cdee9423c278aa6f925b400fb2b626bd5a8a07991a0dfd18a8	false
CH16_SYN_09	ch16/synthetic_pipeline/public_allowlist.txt	SYNTHETIC_TEACHING_FIXTURE	generated locally by companion/scripts/generate_ch16_fixture.py	CC-BY-4.0	1e7421243da777d1fe04388721b1ad804ebda3af965c8a9fdb05415db657c603	false
CH16_SYN_10	ch16/synthetic_pipeline/public_profile.yaml	SYNTHETIC_TEACHING_FIXTURE	generated locally by companion/scripts/generate_ch16_fixture.py	CC-BY-4.0	362df7d6a3f5f35aa2ceb01d8013b472c39a05d5b0b4ed1c4a550adfbe01e1ce	false
CH16_SYN_11	ch16/synthetic_pipeline/source_measurements.tsv	SYNTHETIC_TEACHING_FIXTURE	generated locally by companion/scripts/generate_ch16_fixture.py	CC-BY-4.0	61faea1139911ee2da23bec3158c0209144aa82d345a8798b84653dd9ea77323	false
CH16_SYN_12	ch16/synthetic_pipeline/tolerance_policy.yaml	SYNTHETIC_TEACHING_FIXTURE	generated locally by companion/scripts/generate_ch16_fixture.py	CC-BY-4.0	66733fcce274107e5609d9dfdf3c86f9dcb91b9ceec112a767e1e6ca0528b77e	false
CH17_SYN_01	ch17/synthetic_regression/adverse_cases.tsv	SYNTHETIC_TEACHING_FIXTURE	generated locally by companion/scripts/generate_ch17_fixture.py	CC-BY-4.0	008f379bcc0135e3c1264debbb11cb99e9d4b0d5ae888bdf2617d4f51d3bddcd	false
CH17_SYN_02	ch17/synthetic_regression/analysis_data.tsv	SYNTHETIC_TEACHING_FIXTURE	generated locally by companion/scripts/generate_ch17_fixture.py	CC-BY-4.0	978b4d53f3c8e8fe41be493c69fb0f7c6f7156c2e9d8dff7449f0da16b57d879	false
CH17_SYN_03	ch17/synthetic_regression/analysis_manifest.tsv	SYNTHETIC_TEACHING_FIXTURE	generated locally by companion/scripts/generate_ch17_fixture.py	CC-BY-4.0	d407a285e99b7de931f03174d9f355eab420a74063a94e24da10c1a2fd259ad4	false
CH17_SYN_04	ch17/synthetic_regression/analysis_schema.yaml	SYNTHETIC_TEACHING_FIXTURE	generated locally by companion/scripts/generate_ch17_fixture.py	CC-BY-4.0	25e3c9253e18394345996f3b36d5e469b207a8bd3542405bc94eea88bd719701	false
CH17_SYN_05	ch17/synthetic_regression/condition_contrasts.tsv	SYNTHETIC_TEACHING_FIXTURE	generated locally by companion/scripts/generate_ch17_fixture.py	CC-BY-4.0	cd066231747815c9e86886db623b431b668f87cbd32ea5000f26685351715c19	false
CH17_SYN_06	ch17/synthetic_regression/focal_contrasts.tsv	SYNTHETIC_TEACHING_FIXTURE	generated locally by companion/scripts/generate_ch17_fixture.py	CC-BY-4.0	41af523685700a080609404464115f8efd07eef43796c49655bd82500cc8a3ad	false
CH17_SYN_07	ch17/synthetic_regression/prediction_grid.tsv	SYNTHETIC_TEACHING_FIXTURE	generated locally by companion/scripts/generate_ch17_fixture.py	CC-BY-4.0	119de360df793bc6a39ee2ccbfa5b3ddbe6c177211cb3889af17eed6cb607a19	false
CH17_SYN_08	ch17/synthetic_regression/regression_analysis_spec.yaml	SYNTHETIC_TEACHING_FIXTURE	generated locally by companion/scripts/generate_ch17_fixture.py	CC-BY-4.0	80fe38f7e77b70a14adc72b6536626e715f616fd866b2206eb10d64af1fd68e2	false
CH18_SYN_01	ch18/synthetic_complex/candidate_models.tsv	SYNTHETIC_TEACHING_FIXTURE	generated locally by companion/scripts/generate_ch18_fixture.py	CC-BY-4.0	b2cf48e4d11a9ccf355371fa52a72a59e5a799f2614a3dc6899ad48858227460	false
CH18_SYN_02	ch18/synthetic_complex/claim_map.yaml	SYNTHETIC_TEACHING_FIXTURE	generated locally by companion/scripts/generate_ch18_fixture.py	CC-BY-4.0	be4c19b56ce945243de2812322d63850dc7c94b1421018158e39225b9320d0e4	false
CH18_SYN_03	ch18/synthetic_complex/complex_model_spec.yaml	SYNTHETIC_TEACHING_FIXTURE	generated locally by companion/scripts/generate_ch18_fixture.py	CC-BY-4.0	cba5d5e4a7a0ef1c29e100cfb2d07a92a725fc7170b6454d885238ca5009ff8d	false
CH18_SYN_04	ch18/synthetic_complex/deployment_domain.yaml	SYNTHETIC_TEACHING_FIXTURE	generated locally by companion/scripts/generate_ch18_fixture.py	CC-BY-4.0	5907e8e0b5d787eb03dc37db7a9598b70b25af72846f1203a223ba583a710014	false
CH18_SYN_05	ch18/synthetic_complex/error_scenarios.tsv	SYNTHETIC_TEACHING_FIXTURE	generated locally by companion/scripts/generate_ch18_fixture.py	CC-BY-4.0	c5c2599cd4a0b476c95077aa4cd6a214de3360102e7a95693bc565af474bbace	false
CH18_SYN_06	ch18/synthetic_complex/fold_policy.yaml	SYNTHETIC_TEACHING_FIXTURE	generated locally by companion/scripts/generate_ch18_fixture.py	CC-BY-4.0	a24103c9f4cb2baf68c3b1b3539f46f37041c5e3988e851eaadce8199a67de48	false
CH18_SYN_07	ch18/synthetic_complex/measurement_validation.tsv	SYNTHETIC_TEACHING_FIXTURE	generated locally by companion/scripts/generate_ch18_fixture.py	CC-BY-4.0	77bbbb5a46bd3b402b00c6d08522e6ffadb67b6f0264981b65eedef0b1df739c	false
CH18_SYN_08	ch18/synthetic_complex/missingness_codes.tsv	SYNTHETIC_TEACHING_FIXTURE	generated locally by companion/scripts/generate_ch18_fixture.py	CC-BY-4.0	51a4ba9717b398b334a2137b0e61ff6829d7bd8e127777620d948ea0cc7c758f	false
CH18_SYN_09	ch18/synthetic_complex/outcome_schema.yaml	SYNTHETIC_TEACHING_FIXTURE	generated locally by companion/scripts/generate_ch18_fixture.py	CC-BY-4.0	da6ffd3ce16e42b5013a6c6f7ebf092c55b67de151803d07e2b31fb9177d9aee	false
CH18_SYN_10	ch18/synthetic_complex/prediction_features.tsv	SYNTHETIC_TEACHING_FIXTURE	generated locally by companion/scripts/generate_ch18_fixture.py	CC-BY-4.0	eb84485d6542841e3e2ec1250ff1b9d51c546e3fc421e6e62c24e5464155772b	false
CH18_SYN_11	ch18/synthetic_complex/preprocessing_recipe.yaml	SYNTHETIC_TEACHING_FIXTURE	generated locally by companion/scripts/generate_ch18_fixture.py	CC-BY-4.0	4d0d3726473a91a35d744ec7a290dc08ee87e97184a6348e03bb325ecc224532	false
CH18_SYN_12	ch18/synthetic_complex/series_boundaries.tsv	SYNTHETIC_TEACHING_FIXTURE	generated locally by companion/scripts/generate_ch18_fixture.py	CC-BY-4.0	b22fdd258b897d02c79942162c67c7e1ae522e64b74b612f8c0d2975f6addf8c	false
CH18_SYN_13	ch18/synthetic_complex/trajectory_frames.tsv	SYNTHETIC_TEACHING_FIXTURE	generated locally by companion/scripts/generate_ch18_fixture.py	CC-BY-4.0	ae0b426e1eea820e0567790eb34cd7e59c8799fb4553a1321bc726b72215aaf2	false
CH19_SYN_01	ch19/synthetic_claims/claim_evidence_map.yaml	SYNTHETIC_TEACHING_FIXTURE	generated locally by companion/scripts/generate_ch19_fixture.py	CC-BY-4.0	3ec99ae20bc0fc86c7184d3660db4f029983e7db0f4330b85377f2572ee7cacf	false
CH19_SYN_02	ch19/synthetic_claims/draft_claim_registry.tsv	SYNTHETIC_TEACHING_FIXTURE	generated locally by companion/scripts/generate_ch19_fixture.py	CC-BY-4.0	9f7869c4ba221c616fd169cb8da199e7475455cb07e95b49a2381d1cec3e4352	false
CH19_SYN_03	ch19/synthetic_claims/effect_scenarios.tsv	SYNTHETIC_TEACHING_FIXTURE	generated locally by companion/scripts/generate_ch19_fixture.py	CC-BY-4.0	c64defbe7fd674dce351320d46444901c286adadbee97f9a6e50e9ed4b81cc53	false
CH19_SYN_04	ch19/synthetic_claims/evidence_inventory.tsv	SYNTHETIC_TEACHING_FIXTURE	generated locally by companion/scripts/generate_ch19_fixture.py	CC-BY-4.0	c927e9242b4d47957885b629479ed11061c230a06f86d6dedfa18b80f2d4c7d8	false
CH19_SYN_05	ch19/synthetic_claims/meaningful_bounds.tsv	SYNTHETIC_TEACHING_FIXTURE	generated locally by companion/scripts/generate_ch19_fixture.py	CC-BY-4.0	bceaab4ee39513dd1f156a027264d8e78f1fbcd1b08580665f4c72c802d84c0c	false
CH20_SYN_01	ch20/release_candidate/availability_statement_template.md	SYNTHETIC_TEACHING_FIXTURE	generated locally by companion/scripts/generate_ch20_fixture.py	CC-BY-4.0	4c314ed34567cba52199be823f63594e341d962ab65128d7f6605d3748938674	false
CH20_SYN_02	ch20/release_candidate/citation_metadata.yaml	SYNTHETIC_TEACHING_FIXTURE	generated locally by companion/scripts/generate_ch20_fixture.py	CC-BY-4.0	4be5bc8fdd8b3814a9e2c75b842288384e5663968240cd84c682302d6169e6dc	false
CH20_SYN_03	ch20/release_candidate/governance_decisions.tsv	SYNTHETIC_TEACHING_FIXTURE	generated locally by companion/scripts/generate_ch20_fixture.py	CC-BY-4.0	880442b8eb870f4834a88d7b2ed47df8e6fdc247446bd7abe3c1f3a92adcd7f4	false
CH20_SYN_04	ch20/release_candidate/license_matrix.tsv	SYNTHETIC_TEACHING_FIXTURE	generated locally by companion/scripts/generate_ch20_fixture.py	CC-BY-4.0	5c49121c95a0dfd4659759c367e01f33d3c428946de56a40590feb95eae2d731	false
CH20_SYN_05	ch20/release_candidate/maintenance_policy.md	SYNTHETIC_TEACHING_FIXTURE	generated locally by companion/scripts/generate_ch20_fixture.py	CC-BY-4.0	3507c2818cd156fbd962dd4da779679da2a508109578b48040b5e4ad8a3aec5a	false
CH20_SYN_06	ch20/release_candidate/protected_profile.yaml	CONFIGURATION_ONLY_NO_DATA	generated locally by companion/scripts/generate_ch20_fixture.py	CC-BY-4.0	5f85c7bc5eaf2170d2119c878f09dab98d1376b75848c923c5c5c942f3e965cf	false
CH20_SYN_07	ch20/release_candidate/public_profile.yaml	SYNTHETIC_TEACHING_FIXTURE	generated locally by companion/scripts/generate_ch20_fixture.py	CC-BY-4.0	0ca8ec7cafceefd9db104149971415f38d191995ffce22c170a14d00527039d6	false
CH20_SYN_08	ch20/release_candidate/release_manifest.tsv	SYNTHETIC_TEACHING_FIXTURE	generated locally by companion/scripts/generate_ch20_fixture.py	CC-BY-4.0	e9183c39ce0201dc21fa4d2fbfeaa6e1c26f7e8049c8d806dc8ff0b0fd6c4916	false
CH20_SYN_09	ch20/release_candidate/release_spec.yaml	SYNTHETIC_TEACHING_FIXTURE	generated locally by companion/scripts/generate_ch20_fixture.py	CC-BY-4.0	ddd1cec738ed855566bda35d5da6f3c199b51adbd067236475b34a2d62ff9f33	false
