domain	domain_value	included_tokens	share_of_analysis	data_status
speaker_id	SYN_CORP_SPK_01	17	0.038636363636363635	SYNTHETIC_TEACHING_FIXTURE
speaker_id	SYN_CORP_SPK_02	16	0.03636363636363636	SYNTHETIC_TEACHING_FIXTURE
speaker_id	SYN_CORP_SPK_03	16	0.03636363636363636	SYNTHETIC_TEACHING_FIXTURE
speaker_id	SYN_CORP_SPK_04	16	0.03636363636363636	SYNTHETIC_TEACHING_FIXTURE
speaker_id	SYN_CORP_SPK_05	16	0.03636363636363636	SYNTHETIC_TEACHING_FIXTURE
speaker_id	SYN_CORP_SPK_06	15	0.03409090909090909	SYNTHETIC_TEACHING_FIXTURE
speaker_id	SYN_CORP_SPK_07	17	0.038636363636363635	SYNTHETIC_TEACHING_FIXTURE
speaker_id	SYN_CORP_SPK_08	15	0.03409090909090909	SYNTHETIC_TEACHING_FIXTURE
speaker_id	SYN_CORP_SPK_09	16	0.03636363636363636	SYNTHETIC_TEACHING_FIXTURE
speaker_id	SYN_CORP_SPK_10	13	0.029545454545454545	SYNTHETIC_TEACHING_FIXTURE
speaker_id	SYN_CORP_SPK_11	11	0.025	SYNTHETIC_TEACHING_FIXTURE
speaker_id	SYN_CORP_SPK_12	15	0.03409090909090909	SYNTHETIC_TEACHING_FIXTURE
speaker_id	SYN_CORP_SPK_13	17	0.038636363636363635	SYNTHETIC_TEACHING_FIXTURE
speaker_id	SYN_CORP_SPK_14	16	0.03636363636363636	SYNTHETIC_TEACHING_FIXTURE
speaker_id	SYN_CORP_SPK_15	15	0.03409090909090909	SYNTHETIC_TEACHING_FIXTURE
speaker_id	SYN_CORP_SPK_16	17	0.038636363636363635	SYNTHETIC_TEACHING_FIXTURE
speaker_id	SYN_CORP_SPK_17	17	0.038636363636363635	SYNTHETIC_TEACHING_FIXTURE
speaker_id	SYN_CORP_SPK_18	16	0.03636363636363636	SYNTHETIC_TEACHING_FIXTURE
speaker_id	SYN_CORP_SPK_19	13	0.029545454545454545	SYNTHETIC_TEACHING_FIXTURE
speaker_id	SYN_CORP_SPK_20	14	0.031818181818181815	SYNTHETIC_TEACHING_FIXTURE
speaker_id	SYN_CORP_SPK_21	11	0.025	SYNTHETIC_TEACHING_FIXTURE
speaker_id	SYN_CORP_SPK_22	11	0.025	SYNTHETIC_TEACHING_FIXTURE
speaker_id	SYN_CORP_SPK_23	12	0.02727272727272727	SYNTHETIC_TEACHING_FIXTURE
speaker_id	SYN_CORP_SPK_24	16	0.03636363636363636	SYNTHETIC_TEACHING_FIXTURE
speaker_id	SYN_CORP_SPK_25	12	0.02727272727272727	SYNTHETIC_TEACHING_FIXTURE
speaker_id	SYN_CORP_SPK_26	16	0.03636363636363636	SYNTHETIC_TEACHING_FIXTURE
speaker_id	SYN_CORP_SPK_27	12	0.02727272727272727	SYNTHETIC_TEACHING_FIXTURE
speaker_id	SYN_CORP_SPK_28	15	0.03409090909090909	SYNTHETIC_TEACHING_FIXTURE
speaker_id	SYN_CORP_SPK_29	13	0.029545454545454545	SYNTHETIC_TEACHING_FIXTURE
speaker_id	SYN_CORP_SPK_30	14	0.031818181818181815	SYNTHETIC_TEACHING_FIXTURE
conversation_id	CONV_01	33	0.075	SYNTHETIC_TEACHING_FIXTURE
conversation_id	CONV_02	32	0.07272727272727272	SYNTHETIC_TEACHING_FIXTURE
conversation_id	CONV_03	31	0.07045454545454545	SYNTHETIC_TEACHING_FIXTURE
conversation_id	CONV_04	32	0.07272727272727272	SYNTHETIC_TEACHING_FIXTURE
conversation_id	CONV_05	29	0.0659090909090909	SYNTHETIC_TEACHING_FIXTURE
conversation_id	CONV_06	26	0.05909090909090909	SYNTHETIC_TEACHING_FIXTURE
conversation_id	CONV_07	33	0.075	SYNTHETIC_TEACHING_FIXTURE
conversation_id	CONV_08	32	0.07272727272727272	SYNTHETIC_TEACHING_FIXTURE
conversation_id	CONV_09	33	0.075	SYNTHETIC_TEACHING_FIXTURE
conversation_id	CONV_10	27	0.06136363636363636	SYNTHETIC_TEACHING_FIXTURE
conversation_id	CONV_11	22	0.05	SYNTHETIC_TEACHING_FIXTURE
conversation_id	CONV_12	28	0.06363636363636363	SYNTHETIC_TEACHING_FIXTURE
conversation_id	CONV_13	28	0.06363636363636363	SYNTHETIC_TEACHING_FIXTURE
conversation_id	CONV_14	27	0.06136363636363636	SYNTHETIC_TEACHING_FIXTURE
conversation_id	CONV_15	27	0.06136363636363636	SYNTHETIC_TEACHING_FIXTURE
item_id	ITEM_01	28	0.06363636363636363	SYNTHETIC_TEACHING_FIXTURE
item_id	ITEM_02	28	0.06363636363636363	SYNTHETIC_TEACHING_FIXTURE
item_id	ITEM_03	29	0.0659090909090909	SYNTHETIC_TEACHING_FIXTURE
item_id	ITEM_04	26	0.05909090909090909	SYNTHETIC_TEACHING_FIXTURE
item_id	ITEM_05	22	0.05	SYNTHETIC_TEACHING_FIXTURE
item_id	ITEM_06	26	0.05909090909090909	SYNTHETIC_TEACHING_FIXTURE
item_id	ITEM_07	28	0.06363636363636363	SYNTHETIC_TEACHING_FIXTURE
item_id	ITEM_08	26	0.05909090909090909	SYNTHETIC_TEACHING_FIXTURE
item_id	ITEM_09	29	0.0659090909090909	SYNTHETIC_TEACHING_FIXTURE
item_id	ITEM_10	23	0.05227272727272727	SYNTHETIC_TEACHING_FIXTURE
item_id	ITEM_11	28	0.06363636363636363	SYNTHETIC_TEACHING_FIXTURE
item_id	ITEM_12	24	0.05454545454545454	SYNTHETIC_TEACHING_FIXTURE
item_id	ITEM_14	28	0.06363636363636363	SYNTHETIC_TEACHING_FIXTURE
item_id	ITEM_15	22	0.05	SYNTHETIC_TEACHING_FIXTURE
item_id	ITEM_16	26	0.05909090909090909	SYNTHETIC_TEACHING_FIXTURE
item_id	ITEM_18	25	0.056818181818181816	SYNTHETIC_TEACHING_FIXTURE
item_id	ITEM_20	22	0.05	SYNTHETIC_TEACHING_FIXTURE
corpus_id	SYN_CORPUS_A	281	0.6386363636363637	SYNTHETIC_TEACHING_FIXTURE
corpus_id	SYN_CORPUS_B	159	0.3613636363636364	SYNTHETIC_TEACHING_FIXTURE
