trial_id	participant_code	stimulus_id	continuum_step	response_category	binary_response	rt_ms	data_status
SYN_ID_01_001	SYN_P01	SYN_CONT_01	-3	A	0	642	SYNTHETIC_TEACHING_FIXTURE
SYN_ID_01_002	SYN_P01	SYN_CONT_02	-2	A	0	611	SYNTHETIC_TEACHING_FIXTURE
SYN_ID_01_003	SYN_P01	SYN_CONT_03	-1	A	0	570	SYNTHETIC_TEACHING_FIXTURE
SYN_ID_01_004	SYN_P01	SYN_CONT_04	0	A	0	622	SYNTHETIC_TEACHING_FIXTURE
SYN_ID_01_005	SYN_P01	SYN_CONT_05	1	A	0	837	SYNTHETIC_TEACHING_FIXTURE
SYN_ID_01_006	SYN_P01	SYN_CONT_06	2	B	1	666	SYNTHETIC_TEACHING_FIXTURE
SYN_ID_01_007	SYN_P01	SYN_CONT_07	3	B	1	544	SYNTHETIC_TEACHING_FIXTURE
SYN_ID_01_008	SYN_P01	SYN_CONT_01	-3	A	0	602	SYNTHETIC_TEACHING_FIXTURE
SYN_ID_01_009	SYN_P01	SYN_CONT_02	-2	A	0	706	SYNTHETIC_TEACHING_FIXTURE
SYN_ID_01_010	SYN_P01	SYN_CONT_03	-1	A	0	711	SYNTHETIC_TEACHING_FIXTURE
SYN_ID_01_011	SYN_P01	SYN_CONT_04	0	A	0	807	SYNTHETIC_TEACHING_FIXTURE
SYN_ID_01_012	SYN_P01	SYN_CONT_05	1	B	1	752	SYNTHETIC_TEACHING_FIXTURE
SYN_ID_01_013	SYN_P01	SYN_CONT_06	2	B	1	752	SYNTHETIC_TEACHING_FIXTURE
SYN_ID_01_014	SYN_P01	SYN_CONT_07	3	B	1	607	SYNTHETIC_TEACHING_FIXTURE
SYN_ID_01_015	SYN_P01	SYN_CONT_01	-3	A	0	567	SYNTHETIC_TEACHING_FIXTURE
SYN_ID_01_016	SYN_P01	SYN_CONT_02	-2	A	0	601	SYNTHETIC_TEACHING_FIXTURE
SYN_ID_01_017	SYN_P01	SYN_CONT_03	-1	B	1	732	SYNTHETIC_TEACHING_FIXTURE
SYN_ID_01_018	SYN_P01	SYN_CONT_04	0	A	0	632	SYNTHETIC_TEACHING_FIXTURE
SYN_ID_01_019	SYN_P01	SYN_CONT_05	1	A	0	775	SYNTHETIC_TEACHING_FIXTURE
SYN_ID_01_020	SYN_P01	SYN_CONT_06	2	B	1	604	SYNTHETIC_TEACHING_FIXTURE
SYN_ID_01_021	SYN_P01	SYN_CONT_07	3	B	1	521	SYNTHETIC_TEACHING_FIXTURE
SYN_ID_01_022	SYN_P01	SYN_CONT_01	-3	A	0	600	SYNTHETIC_TEACHING_FIXTURE
SYN_ID_01_023	SYN_P01	SYN_CONT_02	-2	A	0	689	SYNTHETIC_TEACHING_FIXTURE
SYN_ID_01_024	SYN_P01	SYN_CONT_03	-1	A	0	835	SYNTHETIC_TEACHING_FIXTURE
SYN_ID_01_025	SYN_P01	SYN_CONT_04	0	B	1	692	SYNTHETIC_TEACHING_FIXTURE
SYN_ID_01_026	SYN_P01	SYN_CONT_05	1	B	1	700	SYNTHETIC_TEACHING_FIXTURE
SYN_ID_01_027	SYN_P01	SYN_CONT_06	2	B	1	557	SYNTHETIC_TEACHING_FIXTURE
SYN_ID_01_028	SYN_P01	SYN_CONT_07	3	B	1	516	SYNTHETIC_TEACHING_FIXTURE
SYN_ID_02_001	SYN_P02	SYN_CONT_01	-3	A	0	656	SYNTHETIC_TEACHING_FIXTURE
SYN_ID_02_002	SYN_P02	SYN_CONT_02	-2	A	0	760	SYNTHETIC_TEACHING_FIXTURE
SYN_ID_02_003	SYN_P02	SYN_CONT_03	-1	B	1	686	SYNTHETIC_TEACHING_FIXTURE
SYN_ID_02_004	SYN_P02	SYN_CONT_04	0	A	0	802	SYNTHETIC_TEACHING_FIXTURE
SYN_ID_02_005	SYN_P02	SYN_CONT_05	1	A	0	676	SYNTHETIC_TEACHING_FIXTURE
SYN_ID_02_006	SYN_P02	SYN_CONT_06	2	B	1	779	SYNTHETIC_TEACHING_FIXTURE
SYN_ID_02_007	SYN_P02	SYN_CONT_07	3	B	1	470	SYNTHETIC_TEACHING_FIXTURE
SYN_ID_02_008	SYN_P02	SYN_CONT_01	-3	A	0	656	SYNTHETIC_TEACHING_FIXTURE
SYN_ID_02_009	SYN_P02	SYN_CONT_02	-2	A	0	643	SYNTHETIC_TEACHING_FIXTURE
SYN_ID_02_010	SYN_P02	SYN_CONT_03	-1	A	0	663	SYNTHETIC_TEACHING_FIXTURE
SYN_ID_02_011	SYN_P02	SYN_CONT_04	0	B	1	709	SYNTHETIC_TEACHING_FIXTURE
SYN_ID_02_012	SYN_P02	SYN_CONT_05	1	B	1	594	SYNTHETIC_TEACHING_FIXTURE
SYN_ID_02_013	SYN_P02	SYN_CONT_06	2	B	1	744	SYNTHETIC_TEACHING_FIXTURE
SYN_ID_02_014	SYN_P02	SYN_CONT_07	3	B	1	597	SYNTHETIC_TEACHING_FIXTURE
SYN_ID_02_015	SYN_P02	SYN_CONT_01	-3	A	0	512	SYNTHETIC_TEACHING_FIXTURE
SYN_ID_02_016	SYN_P02	SYN_CONT_02	-2	A	0	533	SYNTHETIC_TEACHING_FIXTURE
SYN_ID_02_017	SYN_P02	SYN_CONT_03	-1	A	0	669	SYNTHETIC_TEACHING_FIXTURE
SYN_ID_02_018	SYN_P02	SYN_CONT_04	0	B	1	660	SYNTHETIC_TEACHING_FIXTURE
SYN_ID_02_019	SYN_P02	SYN_CONT_05	1	B	1	673	SYNTHETIC_TEACHING_FIXTURE
SYN_ID_02_020	SYN_P02	SYN_CONT_06	2	A	0	686	SYNTHETIC_TEACHING_FIXTURE
SYN_ID_02_021	SYN_P02	SYN_CONT_07	3	B	1	578	SYNTHETIC_TEACHING_FIXTURE
SYN_ID_02_022	SYN_P02	SYN_CONT_01	-3	A	0	658	SYNTHETIC_TEACHING_FIXTURE
SYN_ID_02_023	SYN_P02	SYN_CONT_02	-2	A	0	784	SYNTHETIC_TEACHING_FIXTURE
SYN_ID_02_024	SYN_P02	SYN_CONT_03	-1	A	0	706	SYNTHETIC_TEACHING_FIXTURE
SYN_ID_02_025	SYN_P02	SYN_CONT_04	0	A	0	767	SYNTHETIC_TEACHING_FIXTURE
SYN_ID_02_026	SYN_P02	SYN_CONT_05	1	B	1	633	SYNTHETIC_TEACHING_FIXTURE
SYN_ID_02_027	SYN_P02	SYN_CONT_06	2	B	1	511	SYNTHETIC_TEACHING_FIXTURE
SYN_ID_02_028	SYN_P02	SYN_CONT_07	3	B	1	477	SYNTHETIC_TEACHING_FIXTURE
SYN_ID_03_001	SYN_P03	SYN_CONT_01	-3	A	0	590	SYNTHETIC_TEACHING_FIXTURE
SYN_ID_03_002	SYN_P03	SYN_CONT_02	-2	A	0	523	SYNTHETIC_TEACHING_FIXTURE
SYN_ID_03_003	SYN_P03	SYN_CONT_03	-1	A	0	591	SYNTHETIC_TEACHING_FIXTURE
SYN_ID_03_004	SYN_P03	SYN_CONT_04	0	B	1	716	SYNTHETIC_TEACHING_FIXTURE
SYN_ID_03_005	SYN_P03	SYN_CONT_05	1	B	1	663	SYNTHETIC_TEACHING_FIXTURE
SYN_ID_03_006	SYN_P03	SYN_CONT_06	2	B	1	694	SYNTHETIC_TEACHING_FIXTURE
SYN_ID_03_007	SYN_P03	SYN_CONT_07	3	B	1	540	SYNTHETIC_TEACHING_FIXTURE
SYN_ID_03_008	SYN_P03	SYN_CONT_01	-3	A	0	489	SYNTHETIC_TEACHING_FIXTURE
SYN_ID_03_009	SYN_P03	SYN_CONT_02	-2	A	0	636	SYNTHETIC_TEACHING_FIXTURE
SYN_ID_03_010	SYN_P03	SYN_CONT_03	-1	A	0	616	SYNTHETIC_TEACHING_FIXTURE
SYN_ID_03_011	SYN_P03	SYN_CONT_04	0	A	0	678	SYNTHETIC_TEACHING_FIXTURE
SYN_ID_03_012	SYN_P03	SYN_CONT_05	1	B	1	636	SYNTHETIC_TEACHING_FIXTURE
SYN_ID_03_013	SYN_P03	SYN_CONT_06	2	B	1	633	SYNTHETIC_TEACHING_FIXTURE
SYN_ID_03_014	SYN_P03	SYN_CONT_07	3	B	1	542	SYNTHETIC_TEACHING_FIXTURE
SYN_ID_03_015	SYN_P03	SYN_CONT_01	-3	A	0	499	SYNTHETIC_TEACHING_FIXTURE
SYN_ID_03_016	SYN_P03	SYN_CONT_02	-2	A	0	737	SYNTHETIC_TEACHING_FIXTURE
SYN_ID_03_017	SYN_P03	SYN_CONT_03	-1	A	0	589	SYNTHETIC_TEACHING_FIXTURE
SYN_ID_03_018	SYN_P03	SYN_CONT_04	0	B	1	724	SYNTHETIC_TEACHING_FIXTURE
SYN_ID_03_019	SYN_P03	SYN_CONT_05	1	A	0	681	SYNTHETIC_TEACHING_FIXTURE
SYN_ID_03_020	SYN_P03	SYN_CONT_06	2	B	1	548	SYNTHETIC_TEACHING_FIXTURE
SYN_ID_03_021	SYN_P03	SYN_CONT_07	3	B	1	583	SYNTHETIC_TEACHING_FIXTURE
SYN_ID_03_022	SYN_P03	SYN_CONT_01	-3	A	0	603	SYNTHETIC_TEACHING_FIXTURE
SYN_ID_03_023	SYN_P03	SYN_CONT_02	-2	A	0	647	SYNTHETIC_TEACHING_FIXTURE
SYN_ID_03_024	SYN_P03	SYN_CONT_03	-1	A	0	645	SYNTHETIC_TEACHING_FIXTURE
SYN_ID_03_025	SYN_P03	SYN_CONT_04	0	A	0	770	SYNTHETIC_TEACHING_FIXTURE
SYN_ID_03_026	SYN_P03	SYN_CONT_05	1	B	1	745	SYNTHETIC_TEACHING_FIXTURE
SYN_ID_03_027	SYN_P03	SYN_CONT_06	2	B	1	674	SYNTHETIC_TEACHING_FIXTURE
SYN_ID_03_028	SYN_P03	SYN_CONT_07	3	B	1	436	SYNTHETIC_TEACHING_FIXTURE
SYN_ID_04_001	SYN_P04	SYN_CONT_01	-3	A	0	460	SYNTHETIC_TEACHING_FIXTURE
SYN_ID_04_002	SYN_P04	SYN_CONT_02	-2	A	0	556	SYNTHETIC_TEACHING_FIXTURE
SYN_ID_04_003	SYN_P04	SYN_CONT_03	-1	A	0	647	SYNTHETIC_TEACHING_FIXTURE
SYN_ID_04_004	SYN_P04	SYN_CONT_04	0	B	1	679	SYNTHETIC_TEACHING_FIXTURE
SYN_ID_04_005	SYN_P04	SYN_CONT_05	1	B	1	730	SYNTHETIC_TEACHING_FIXTURE
SYN_ID_04_006	SYN_P04	SYN_CONT_06	2	B	1	731	SYNTHETIC_TEACHING_FIXTURE
SYN_ID_04_007	SYN_P04	SYN_CONT_07	3	B	1	498	SYNTHETIC_TEACHING_FIXTURE
SYN_ID_04_008	SYN_P04	SYN_CONT_01	-3	A	0	560	SYNTHETIC_TEACHING_FIXTURE
SYN_ID_04_009	SYN_P04	SYN_CONT_02	-2	A	0	554	SYNTHETIC_TEACHING_FIXTURE
SYN_ID_04_010	SYN_P04	SYN_CONT_03	-1	B	1	607	SYNTHETIC_TEACHING_FIXTURE
SYN_ID_04_011	SYN_P04	SYN_CONT_04	0	B	1	779	SYNTHETIC_TEACHING_FIXTURE
SYN_ID_04_012	SYN_P04	SYN_CONT_05	1	B	1	762	SYNTHETIC_TEACHING_FIXTURE
SYN_ID_04_013	SYN_P04	SYN_CONT_06	2	B	1	568	SYNTHETIC_TEACHING_FIXTURE
SYN_ID_04_014	SYN_P04	SYN_CONT_07	3	B	1	579	SYNTHETIC_TEACHING_FIXTURE
SYN_ID_04_015	SYN_P04	SYN_CONT_01	-3	A	0	596	SYNTHETIC_TEACHING_FIXTURE
SYN_ID_04_016	SYN_P04	SYN_CONT_02	-2	A	0	761	SYNTHETIC_TEACHING_FIXTURE
SYN_ID_04_017	SYN_P04	SYN_CONT_03	-1	B	1	645	SYNTHETIC_TEACHING_FIXTURE
SYN_ID_04_018	SYN_P04	SYN_CONT_04	0	B	1	742	SYNTHETIC_TEACHING_FIXTURE
SYN_ID_04_019	SYN_P04	SYN_CONT_05	1	B	1	699	SYNTHETIC_TEACHING_FIXTURE
SYN_ID_04_020	SYN_P04	SYN_CONT_06	2	B	1	640	SYNTHETIC_TEACHING_FIXTURE
SYN_ID_04_021	SYN_P04	SYN_CONT_07	3	B	1	757	SYNTHETIC_TEACHING_FIXTURE
SYN_ID_04_022	SYN_P04	SYN_CONT_01	-3	A	0	603	SYNTHETIC_TEACHING_FIXTURE
SYN_ID_04_023	SYN_P04	SYN_CONT_02	-2	A	0	567	SYNTHETIC_TEACHING_FIXTURE
SYN_ID_04_024	SYN_P04	SYN_CONT_03	-1	B	1	572	SYNTHETIC_TEACHING_FIXTURE
SYN_ID_04_025	SYN_P04	SYN_CONT_04	0	B	1	645	SYNTHETIC_TEACHING_FIXTURE
SYN_ID_04_026	SYN_P04	SYN_CONT_05	1	B	1	749	SYNTHETIC_TEACHING_FIXTURE
SYN_ID_04_027	SYN_P04	SYN_CONT_06	2	B	1	543	SYNTHETIC_TEACHING_FIXTURE
SYN_ID_04_028	SYN_P04	SYN_CONT_07	3	B	1	534	SYNTHETIC_TEACHING_FIXTURE
SYN_ID_05_001	SYN_P05	SYN_CONT_01	-3	A	0	603	SYNTHETIC_TEACHING_FIXTURE
SYN_ID_05_002	SYN_P05	SYN_CONT_02	-2	A	0	693	SYNTHETIC_TEACHING_FIXTURE
SYN_ID_05_003	SYN_P05	SYN_CONT_03	-1	B	1	547	SYNTHETIC_TEACHING_FIXTURE
SYN_ID_05_004	SYN_P05	SYN_CONT_04	0	A	0	734	SYNTHETIC_TEACHING_FIXTURE
SYN_ID_05_005	SYN_P05	SYN_CONT_05	1	B	1	652	SYNTHETIC_TEACHING_FIXTURE
SYN_ID_05_006	SYN_P05	SYN_CONT_06	2	A	0	585	SYNTHETIC_TEACHING_FIXTURE
SYN_ID_05_007	SYN_P05	SYN_CONT_07	3	B	1	613	SYNTHETIC_TEACHING_FIXTURE
SYN_ID_05_008	SYN_P05	SYN_CONT_01	-3	A	0	559	SYNTHETIC_TEACHING_FIXTURE
SYN_ID_05_009	SYN_P05	SYN_CONT_02	-2	A	0	536	SYNTHETIC_TEACHING_FIXTURE
SYN_ID_05_010	SYN_P05	SYN_CONT_03	-1	A	0	603	SYNTHETIC_TEACHING_FIXTURE
SYN_ID_05_011	SYN_P05	SYN_CONT_04	0	B	1	823	SYNTHETIC_TEACHING_FIXTURE
SYN_ID_05_012	SYN_P05	SYN_CONT_05	1	B	1	752	SYNTHETIC_TEACHING_FIXTURE
SYN_ID_05_013	SYN_P05	SYN_CONT_06	2	B	1	585	SYNTHETIC_TEACHING_FIXTURE
SYN_ID_05_014	SYN_P05	SYN_CONT_07	3	B	1	490	SYNTHETIC_TEACHING_FIXTURE
SYN_ID_05_015	SYN_P05	SYN_CONT_01	-3	B	1	577	SYNTHETIC_TEACHING_FIXTURE
SYN_ID_05_016	SYN_P05	SYN_CONT_02	-2	A	0	729	SYNTHETIC_TEACHING_FIXTURE
SYN_ID_05_017	SYN_P05	SYN_CONT_03	-1	A	0	685	SYNTHETIC_TEACHING_FIXTURE
SYN_ID_05_018	SYN_P05	SYN_CONT_04	0	B	1	718	SYNTHETIC_TEACHING_FIXTURE
SYN_ID_05_019	SYN_P05	SYN_CONT_05	1	A	0	630	SYNTHETIC_TEACHING_FIXTURE
SYN_ID_05_020	SYN_P05	SYN_CONT_06	2	B	1	625	SYNTHETIC_TEACHING_FIXTURE
SYN_ID_05_021	SYN_P05	SYN_CONT_07	3	A	0	612	SYNTHETIC_TEACHING_FIXTURE
SYN_ID_05_022	SYN_P05	SYN_CONT_01	-3	A	0	597	SYNTHETIC_TEACHING_FIXTURE
SYN_ID_05_023	SYN_P05	SYN_CONT_02	-2	A	0	684	SYNTHETIC_TEACHING_FIXTURE
SYN_ID_05_024	SYN_P05	SYN_CONT_03	-1	A	0	677	SYNTHETIC_TEACHING_FIXTURE
SYN_ID_05_025	SYN_P05	SYN_CONT_04	0	B	1	708	SYNTHETIC_TEACHING_FIXTURE
SYN_ID_05_026	SYN_P05	SYN_CONT_05	1	B	1	777	SYNTHETIC_TEACHING_FIXTURE
SYN_ID_05_027	SYN_P05	SYN_CONT_06	2	B	1	671	SYNTHETIC_TEACHING_FIXTURE
SYN_ID_05_028	SYN_P05	SYN_CONT_07	3	B	1	458	SYNTHETIC_TEACHING_FIXTURE
SYN_ID_06_001	SYN_P06	SYN_CONT_01	-3	A	0	392	SYNTHETIC_TEACHING_FIXTURE
SYN_ID_06_002	SYN_P06	SYN_CONT_02	-2	A	0	623	SYNTHETIC_TEACHING_FIXTURE
SYN_ID_06_003	SYN_P06	SYN_CONT_03	-1	A	0	717	SYNTHETIC_TEACHING_FIXTURE
SYN_ID_06_004	SYN_P06	SYN_CONT_04	0	A	0	816	SYNTHETIC_TEACHING_FIXTURE
SYN_ID_06_005	SYN_P06	SYN_CONT_05	1	A	0	708	SYNTHETIC_TEACHING_FIXTURE
SYN_ID_06_006	SYN_P06	SYN_CONT_06	2	B	1	786	SYNTHETIC_TEACHING_FIXTURE
SYN_ID_06_007	SYN_P06	SYN_CONT_07	3	B	1	602	SYNTHETIC_TEACHING_FIXTURE
SYN_ID_06_008	SYN_P06	SYN_CONT_01	-3	A	0	563	SYNTHETIC_TEACHING_FIXTURE
SYN_ID_06_009	SYN_P06	SYN_CONT_02	-2	A	0	680	SYNTHETIC_TEACHING_FIXTURE
SYN_ID_06_010	SYN_P06	SYN_CONT_03	-1	A	0	704	SYNTHETIC_TEACHING_FIXTURE
SYN_ID_06_011	SYN_P06	SYN_CONT_04	0	A	0	698	SYNTHETIC_TEACHING_FIXTURE
SYN_ID_06_012	SYN_P06	SYN_CONT_05	1	A	0	729	SYNTHETIC_TEACHING_FIXTURE
SYN_ID_06_013	SYN_P06	SYN_CONT_06	2	B	1	664	SYNTHETIC_TEACHING_FIXTURE
SYN_ID_06_014	SYN_P06	SYN_CONT_07	3	B	1	652	SYNTHETIC_TEACHING_FIXTURE
SYN_ID_06_015	SYN_P06	SYN_CONT_01	-3	A	0	512	SYNTHETIC_TEACHING_FIXTURE
SYN_ID_06_016	SYN_P06	SYN_CONT_02	-2	A	0	536	SYNTHETIC_TEACHING_FIXTURE
SYN_ID_06_017	SYN_P06	SYN_CONT_03	-1	A	0	681	SYNTHETIC_TEACHING_FIXTURE
SYN_ID_06_018	SYN_P06	SYN_CONT_04	0	B	1	601	SYNTHETIC_TEACHING_FIXTURE
SYN_ID_06_019	SYN_P06	SYN_CONT_05	1	A	0	576	SYNTHETIC_TEACHING_FIXTURE
SYN_ID_06_020	SYN_P06	SYN_CONT_06	2	B	1	811	SYNTHETIC_TEACHING_FIXTURE
SYN_ID_06_021	SYN_P06	SYN_CONT_07	3	B	1	639	SYNTHETIC_TEACHING_FIXTURE
SYN_ID_06_022	SYN_P06	SYN_CONT_01	-3	A	0	475	SYNTHETIC_TEACHING_FIXTURE
SYN_ID_06_023	SYN_P06	SYN_CONT_02	-2	A	0	539	SYNTHETIC_TEACHING_FIXTURE
SYN_ID_06_024	SYN_P06	SYN_CONT_03	-1	A	0	586	SYNTHETIC_TEACHING_FIXTURE
SYN_ID_06_025	SYN_P06	SYN_CONT_04	0	A	0	815	SYNTHETIC_TEACHING_FIXTURE
SYN_ID_06_026	SYN_P06	SYN_CONT_05	1	A	0	579	SYNTHETIC_TEACHING_FIXTURE
SYN_ID_06_027	SYN_P06	SYN_CONT_06	2	B	1	636	SYNTHETIC_TEACHING_FIXTURE
SYN_ID_06_028	SYN_P06	SYN_CONT_07	3	B	1	547	SYNTHETIC_TEACHING_FIXTURE
SYN_ID_07_001	SYN_P07	SYN_CONT_01	-3	A	0	582	SYNTHETIC_TEACHING_FIXTURE
SYN_ID_07_002	SYN_P07	SYN_CONT_02	-2	A	0	617	SYNTHETIC_TEACHING_FIXTURE
SYN_ID_07_003	SYN_P07	SYN_CONT_03	-1	B	1	649	SYNTHETIC_TEACHING_FIXTURE
SYN_ID_07_004	SYN_P07	SYN_CONT_04	0	B	1	657	SYNTHETIC_TEACHING_FIXTURE
SYN_ID_07_005	SYN_P07	SYN_CONT_05	1	A	0	724	SYNTHETIC_TEACHING_FIXTURE
SYN_ID_07_006	SYN_P07	SYN_CONT_06	2	B	1	618	SYNTHETIC_TEACHING_FIXTURE
SYN_ID_07_007	SYN_P07	SYN_CONT_07	3	A	0	632	SYNTHETIC_TEACHING_FIXTURE
SYN_ID_07_008	SYN_P07	SYN_CONT_01	-3	A	0	554	SYNTHETIC_TEACHING_FIXTURE
SYN_ID_07_009	SYN_P07	SYN_CONT_02	-2	A	0	688	SYNTHETIC_TEACHING_FIXTURE
SYN_ID_07_010	SYN_P07	SYN_CONT_03	-1	A	0	666	SYNTHETIC_TEACHING_FIXTURE
SYN_ID_07_011	SYN_P07	SYN_CONT_04	0	B	1	638	SYNTHETIC_TEACHING_FIXTURE
SYN_ID_07_012	SYN_P07	SYN_CONT_05	1	B	1	728	SYNTHETIC_TEACHING_FIXTURE
SYN_ID_07_013	SYN_P07	SYN_CONT_06	2	B	1	678	SYNTHETIC_TEACHING_FIXTURE
SYN_ID_07_014	SYN_P07	SYN_CONT_07	3	B	1	612	SYNTHETIC_TEACHING_FIXTURE
SYN_ID_07_015	SYN_P07	SYN_CONT_01	-3	A	0	644	SYNTHETIC_TEACHING_FIXTURE
SYN_ID_07_016	SYN_P07	SYN_CONT_02	-2	B	1	639	SYNTHETIC_TEACHING_FIXTURE
SYN_ID_07_017	SYN_P07	SYN_CONT_03	-1	A	0	623	SYNTHETIC_TEACHING_FIXTURE
SYN_ID_07_018	SYN_P07	SYN_CONT_04	0	A	0	653	SYNTHETIC_TEACHING_FIXTURE
SYN_ID_07_019	SYN_P07	SYN_CONT_05	1	A	0	680	SYNTHETIC_TEACHING_FIXTURE
SYN_ID_07_020	SYN_P07	SYN_CONT_06	2	B	1	714	SYNTHETIC_TEACHING_FIXTURE
SYN_ID_07_021	SYN_P07	SYN_CONT_07	3	B	1	600	SYNTHETIC_TEACHING_FIXTURE
SYN_ID_07_022	SYN_P07	SYN_CONT_01	-3	A	0	575	SYNTHETIC_TEACHING_FIXTURE
SYN_ID_07_023	SYN_P07	SYN_CONT_02	-2	A	0	584	SYNTHETIC_TEACHING_FIXTURE
SYN_ID_07_024	SYN_P07	SYN_CONT_03	-1	A	0	600	SYNTHETIC_TEACHING_FIXTURE
SYN_ID_07_025	SYN_P07	SYN_CONT_04	0	A	0	740	SYNTHETIC_TEACHING_FIXTURE
SYN_ID_07_026	SYN_P07	SYN_CONT_05	1	B	1	842	SYNTHETIC_TEACHING_FIXTURE
SYN_ID_07_027	SYN_P07	SYN_CONT_06	2	B	1	640	SYNTHETIC_TEACHING_FIXTURE
SYN_ID_07_028	SYN_P07	SYN_CONT_07	3	B	1	608	SYNTHETIC_TEACHING_FIXTURE
SYN_ID_08_001	SYN_P08	SYN_CONT_01	-3	A	0	559	SYNTHETIC_TEACHING_FIXTURE
SYN_ID_08_002	SYN_P08	SYN_CONT_02	-2	A	0	623	SYNTHETIC_TEACHING_FIXTURE
SYN_ID_08_003	SYN_P08	SYN_CONT_03	-1	B	1	740	SYNTHETIC_TEACHING_FIXTURE
SYN_ID_08_004	SYN_P08	SYN_CONT_04	0	B	1	704	SYNTHETIC_TEACHING_FIXTURE
SYN_ID_08_005	SYN_P08	SYN_CONT_05	1	B	1	756	SYNTHETIC_TEACHING_FIXTURE
SYN_ID_08_006	SYN_P08	SYN_CONT_06	2	B	1	683	SYNTHETIC_TEACHING_FIXTURE
SYN_ID_08_007	SYN_P08	SYN_CONT_07	3	B	1	636	SYNTHETIC_TEACHING_FIXTURE
SYN_ID_08_008	SYN_P08	SYN_CONT_01	-3	A	0	663	SYNTHETIC_TEACHING_FIXTURE
SYN_ID_08_009	SYN_P08	SYN_CONT_02	-2	A	0	679	SYNTHETIC_TEACHING_FIXTURE
SYN_ID_08_010	SYN_P08	SYN_CONT_03	-1	A	0	671	SYNTHETIC_TEACHING_FIXTURE
SYN_ID_08_011	SYN_P08	SYN_CONT_04	0	B	1	799	SYNTHETIC_TEACHING_FIXTURE
SYN_ID_08_012	SYN_P08	SYN_CONT_05	1	A	0	733	SYNTHETIC_TEACHING_FIXTURE
SYN_ID_08_013	SYN_P08	SYN_CONT_06	2	B	1	606	SYNTHETIC_TEACHING_FIXTURE
SYN_ID_08_014	SYN_P08	SYN_CONT_07	3	B	1	632	SYNTHETIC_TEACHING_FIXTURE
SYN_ID_08_015	SYN_P08	SYN_CONT_01	-3	A	0	515	SYNTHETIC_TEACHING_FIXTURE
SYN_ID_08_016	SYN_P08	SYN_CONT_02	-2	A	0	568	SYNTHETIC_TEACHING_FIXTURE
SYN_ID_08_017	SYN_P08	SYN_CONT_03	-1	A	0	661	SYNTHETIC_TEACHING_FIXTURE
SYN_ID_08_018	SYN_P08	SYN_CONT_04	0	B	1	802	SYNTHETIC_TEACHING_FIXTURE
SYN_ID_08_019	SYN_P08	SYN_CONT_05	1	A	0	794	SYNTHETIC_TEACHING_FIXTURE
SYN_ID_08_020	SYN_P08	SYN_CONT_06	2	B	1	614	SYNTHETIC_TEACHING_FIXTURE
SYN_ID_08_021	SYN_P08	SYN_CONT_07	3	B	1	529	SYNTHETIC_TEACHING_FIXTURE
SYN_ID_08_022	SYN_P08	SYN_CONT_01	-3	A	0	532	SYNTHETIC_TEACHING_FIXTURE
SYN_ID_08_023	SYN_P08	SYN_CONT_02	-2	A	0	635	SYNTHETIC_TEACHING_FIXTURE
SYN_ID_08_024	SYN_P08	SYN_CONT_03	-1	A	0	761	SYNTHETIC_TEACHING_FIXTURE
SYN_ID_08_025	SYN_P08	SYN_CONT_04	0	B	1	681	SYNTHETIC_TEACHING_FIXTURE
SYN_ID_08_026	SYN_P08	SYN_CONT_05	1	B	1	670	SYNTHETIC_TEACHING_FIXTURE
SYN_ID_08_027	SYN_P08	SYN_CONT_06	2	B	1	662	SYNTHETIC_TEACHING_FIXTURE
SYN_ID_08_028	SYN_P08	SYN_CONT_07	3	B	1	518	SYNTHETIC_TEACHING_FIXTURE
SYN_ID_09_001	SYN_P09	SYN_CONT_01	-3	A	0	697	SYNTHETIC_TEACHING_FIXTURE
SYN_ID_09_002	SYN_P09	SYN_CONT_02	-2	A	0	603	SYNTHETIC_TEACHING_FIXTURE
SYN_ID_09_003	SYN_P09	SYN_CONT_03	-1	B	1	702	SYNTHETIC_TEACHING_FIXTURE
SYN_ID_09_004	SYN_P09	SYN_CONT_04	0	B	1	686	SYNTHETIC_TEACHING_FIXTURE
SYN_ID_09_005	SYN_P09	SYN_CONT_05	1	B	1	732	SYNTHETIC_TEACHING_FIXTURE
SYN_ID_09_006	SYN_P09	SYN_CONT_06	2	B	1	628	SYNTHETIC_TEACHING_FIXTURE
SYN_ID_09_007	SYN_P09	SYN_CONT_07	3	B	1	649	SYNTHETIC_TEACHING_FIXTURE
SYN_ID_09_008	SYN_P09	SYN_CONT_01	-3	A	0	460	SYNTHETIC_TEACHING_FIXTURE
SYN_ID_09_009	SYN_P09	SYN_CONT_02	-2	A	0	542	SYNTHETIC_TEACHING_FIXTURE
SYN_ID_09_010	SYN_P09	SYN_CONT_03	-1	B	1	697	SYNTHETIC_TEACHING_FIXTURE
SYN_ID_09_011	SYN_P09	SYN_CONT_04	0	A	0	600	SYNTHETIC_TEACHING_FIXTURE
SYN_ID_09_012	SYN_P09	SYN_CONT_05	1	B	1	730	SYNTHETIC_TEACHING_FIXTURE
SYN_ID_09_013	SYN_P09	SYN_CONT_06	2	B	1	662	SYNTHETIC_TEACHING_FIXTURE
SYN_ID_09_014	SYN_P09	SYN_CONT_07	3	B	1	466	SYNTHETIC_TEACHING_FIXTURE
SYN_ID_09_015	SYN_P09	SYN_CONT_01	-3	A	0	633	SYNTHETIC_TEACHING_FIXTURE
SYN_ID_09_016	SYN_P09	SYN_CONT_02	-2	A	0	496	SYNTHETIC_TEACHING_FIXTURE
SYN_ID_09_017	SYN_P09	SYN_CONT_03	-1	B	1	761	SYNTHETIC_TEACHING_FIXTURE
SYN_ID_09_018	SYN_P09	SYN_CONT_04	0	A	0	835	SYNTHETIC_TEACHING_FIXTURE
SYN_ID_09_019	SYN_P09	SYN_CONT_05	1	B	1	797	SYNTHETIC_TEACHING_FIXTURE
SYN_ID_09_020	SYN_P09	SYN_CONT_06	2	B	1	708	SYNTHETIC_TEACHING_FIXTURE
SYN_ID_09_021	SYN_P09	SYN_CONT_07	3	B	1	563	SYNTHETIC_TEACHING_FIXTURE
SYN_ID_09_022	SYN_P09	SYN_CONT_01	-3	A	0	510	SYNTHETIC_TEACHING_FIXTURE
SYN_ID_09_023	SYN_P09	SYN_CONT_02	-2	A	0	483	SYNTHETIC_TEACHING_FIXTURE
SYN_ID_09_024	SYN_P09	SYN_CONT_03	-1	A	0	708	SYNTHETIC_TEACHING_FIXTURE
SYN_ID_09_025	SYN_P09	SYN_CONT_04	0	B	1	742	SYNTHETIC_TEACHING_FIXTURE
SYN_ID_09_026	SYN_P09	SYN_CONT_05	1	B	1	675	SYNTHETIC_TEACHING_FIXTURE
SYN_ID_09_027	SYN_P09	SYN_CONT_06	2	B	1	579	SYNTHETIC_TEACHING_FIXTURE
SYN_ID_09_028	SYN_P09	SYN_CONT_07	3	B	1	568	SYNTHETIC_TEACHING_FIXTURE
SYN_ID_10_001	SYN_P10	SYN_CONT_01	-3	A	0	664	SYNTHETIC_TEACHING_FIXTURE
SYN_ID_10_002	SYN_P10	SYN_CONT_02	-2	A	0	586	SYNTHETIC_TEACHING_FIXTURE
SYN_ID_10_003	SYN_P10	SYN_CONT_03	-1	A	0	767	SYNTHETIC_TEACHING_FIXTURE
SYN_ID_10_004	SYN_P10	SYN_CONT_04	0	A	0	665	SYNTHETIC_TEACHING_FIXTURE
SYN_ID_10_005	SYN_P10	SYN_CONT_05	1	B	1	629	SYNTHETIC_TEACHING_FIXTURE
SYN_ID_10_006	SYN_P10	SYN_CONT_06	2	B	1	639	SYNTHETIC_TEACHING_FIXTURE
SYN_ID_10_007	SYN_P10	SYN_CONT_07	3	B	1	616	SYNTHETIC_TEACHING_FIXTURE
SYN_ID_10_008	SYN_P10	SYN_CONT_01	-3	A	0	506	SYNTHETIC_TEACHING_FIXTURE
SYN_ID_10_009	SYN_P10	SYN_CONT_02	-2	A	0	604	SYNTHETIC_TEACHING_FIXTURE
SYN_ID_10_010	SYN_P10	SYN_CONT_03	-1	A	0	639	SYNTHETIC_TEACHING_FIXTURE
SYN_ID_10_011	SYN_P10	SYN_CONT_04	0	B	1	648	SYNTHETIC_TEACHING_FIXTURE
SYN_ID_10_012	SYN_P10	SYN_CONT_05	1	B	1	797	SYNTHETIC_TEACHING_FIXTURE
SYN_ID_10_013	SYN_P10	SYN_CONT_06	2	B	1	633	SYNTHETIC_TEACHING_FIXTURE
SYN_ID_10_014	SYN_P10	SYN_CONT_07	3	B	1	550	SYNTHETIC_TEACHING_FIXTURE
SYN_ID_10_015	SYN_P10	SYN_CONT_01	-3	A	0	579	SYNTHETIC_TEACHING_FIXTURE
SYN_ID_10_016	SYN_P10	SYN_CONT_02	-2	A	0	498	SYNTHETIC_TEACHING_FIXTURE
SYN_ID_10_017	SYN_P10	SYN_CONT_03	-1	A	0	609	SYNTHETIC_TEACHING_FIXTURE
SYN_ID_10_018	SYN_P10	SYN_CONT_04	0	A	0	709	SYNTHETIC_TEACHING_FIXTURE
SYN_ID_10_019	SYN_P10	SYN_CONT_05	1	B	1	592	SYNTHETIC_TEACHING_FIXTURE
SYN_ID_10_020	SYN_P10	SYN_CONT_06	2	B	1	652	SYNTHETIC_TEACHING_FIXTURE
SYN_ID_10_021	SYN_P10	SYN_CONT_07	3	B	1	683	SYNTHETIC_TEACHING_FIXTURE
SYN_ID_10_022	SYN_P10	SYN_CONT_01	-3	A	0	519	SYNTHETIC_TEACHING_FIXTURE
SYN_ID_10_023	SYN_P10	SYN_CONT_02	-2	A	0	744	SYNTHETIC_TEACHING_FIXTURE
SYN_ID_10_024	SYN_P10	SYN_CONT_03	-1	A	0	784	SYNTHETIC_TEACHING_FIXTURE
SYN_ID_10_025	SYN_P10	SYN_CONT_04	0	B	1	736	SYNTHETIC_TEACHING_FIXTURE
SYN_ID_10_026	SYN_P10	SYN_CONT_05	1	A	0	748	SYNTHETIC_TEACHING_FIXTURE
SYN_ID_10_027	SYN_P10	SYN_CONT_06	2	B	1	511	SYNTHETIC_TEACHING_FIXTURE
SYN_ID_10_028	SYN_P10	SYN_CONT_07	3	B	1	497	SYNTHETIC_TEACHING_FIXTURE
SYN_ID_11_001	SYN_P11	SYN_CONT_01	-3	A	0	507	SYNTHETIC_TEACHING_FIXTURE
SYN_ID_11_002	SYN_P11	SYN_CONT_02	-2	A	0	683	SYNTHETIC_TEACHING_FIXTURE
SYN_ID_11_003	SYN_P11	SYN_CONT_03	-1	A	0	649	SYNTHETIC_TEACHING_FIXTURE
SYN_ID_11_004	SYN_P11	SYN_CONT_04	0	A	0	875	SYNTHETIC_TEACHING_FIXTURE
SYN_ID_11_005	SYN_P11	SYN_CONT_05	1	B	1	635	SYNTHETIC_TEACHING_FIXTURE
SYN_ID_11_006	SYN_P11	SYN_CONT_06	2	B	1	591	SYNTHETIC_TEACHING_FIXTURE
SYN_ID_11_007	SYN_P11	SYN_CONT_07	3	B	1	639	SYNTHETIC_TEACHING_FIXTURE
SYN_ID_11_008	SYN_P11	SYN_CONT_01	-3	A	0	534	SYNTHETIC_TEACHING_FIXTURE
SYN_ID_11_009	SYN_P11	SYN_CONT_02	-2	A	0	785	SYNTHETIC_TEACHING_FIXTURE
SYN_ID_11_010	SYN_P11	SYN_CONT_03	-1	A	0	705	SYNTHETIC_TEACHING_FIXTURE
SYN_ID_11_011	SYN_P11	SYN_CONT_04	0	B	1	558	SYNTHETIC_TEACHING_FIXTURE
SYN_ID_11_012	SYN_P11	SYN_CONT_05	1	B	1	591	SYNTHETIC_TEACHING_FIXTURE
SYN_ID_11_013	SYN_P11	SYN_CONT_06	2	B	1	590	SYNTHETIC_TEACHING_FIXTURE
SYN_ID_11_014	SYN_P11	SYN_CONT_07	3	B	1	511	SYNTHETIC_TEACHING_FIXTURE
SYN_ID_11_015	SYN_P11	SYN_CONT_01	-3	A	0	541	SYNTHETIC_TEACHING_FIXTURE
SYN_ID_11_016	SYN_P11	SYN_CONT_02	-2	A	0	647	SYNTHETIC_TEACHING_FIXTURE
SYN_ID_11_017	SYN_P11	SYN_CONT_03	-1	B	1	716	SYNTHETIC_TEACHING_FIXTURE
SYN_ID_11_018	SYN_P11	SYN_CONT_04	0	A	0	737	SYNTHETIC_TEACHING_FIXTURE
SYN_ID_11_019	SYN_P11	SYN_CONT_05	1	A	0	670	SYNTHETIC_TEACHING_FIXTURE
SYN_ID_11_020	SYN_P11	SYN_CONT_06	2	B	1	637	SYNTHETIC_TEACHING_FIXTURE
SYN_ID_11_021	SYN_P11	SYN_CONT_07	3	B	1	632	SYNTHETIC_TEACHING_FIXTURE
SYN_ID_11_022	SYN_P11	SYN_CONT_01	-3	A	0	576	SYNTHETIC_TEACHING_FIXTURE
SYN_ID_11_023	SYN_P11	SYN_CONT_02	-2	A	0	661	SYNTHETIC_TEACHING_FIXTURE
SYN_ID_11_024	SYN_P11	SYN_CONT_03	-1	A	0	721	SYNTHETIC_TEACHING_FIXTURE
SYN_ID_11_025	SYN_P11	SYN_CONT_04	0	A	0	669	SYNTHETIC_TEACHING_FIXTURE
SYN_ID_11_026	SYN_P11	SYN_CONT_05	1	B	1	608	SYNTHETIC_TEACHING_FIXTURE
SYN_ID_11_027	SYN_P11	SYN_CONT_06	2	B	1	505	SYNTHETIC_TEACHING_FIXTURE
SYN_ID_11_028	SYN_P11	SYN_CONT_07	3	A	0	543	SYNTHETIC_TEACHING_FIXTURE
SYN_ID_12_001	SYN_P12	SYN_CONT_01	-3	B	1	537	SYNTHETIC_TEACHING_FIXTURE
SYN_ID_12_002	SYN_P12	SYN_CONT_02	-2	B	1	657	SYNTHETIC_TEACHING_FIXTURE
SYN_ID_12_003	SYN_P12	SYN_CONT_03	-1	B	1	742	SYNTHETIC_TEACHING_FIXTURE
SYN_ID_12_004	SYN_P12	SYN_CONT_04	0	B	1	742	SYNTHETIC_TEACHING_FIXTURE
SYN_ID_12_005	SYN_P12	SYN_CONT_05	1	A	0	615	SYNTHETIC_TEACHING_FIXTURE
SYN_ID_12_006	SYN_P12	SYN_CONT_06	2	B	1	608	SYNTHETIC_TEACHING_FIXTURE
SYN_ID_12_007	SYN_P12	SYN_CONT_07	3	A	0	537	SYNTHETIC_TEACHING_FIXTURE
SYN_ID_12_008	SYN_P12	SYN_CONT_01	-3	B	1	626	SYNTHETIC_TEACHING_FIXTURE
SYN_ID_12_009	SYN_P12	SYN_CONT_02	-2	B	1	742	SYNTHETIC_TEACHING_FIXTURE
SYN_ID_12_010	SYN_P12	SYN_CONT_03	-1	B	1	837	SYNTHETIC_TEACHING_FIXTURE
SYN_ID_12_011	SYN_P12	SYN_CONT_04	0	A	0	823	SYNTHETIC_TEACHING_FIXTURE
SYN_ID_12_012	SYN_P12	SYN_CONT_05	1	B	1	554	SYNTHETIC_TEACHING_FIXTURE
SYN_ID_12_013	SYN_P12	SYN_CONT_06	2	A	0	571	SYNTHETIC_TEACHING_FIXTURE
SYN_ID_12_014	SYN_P12	SYN_CONT_07	3	A	0	469	SYNTHETIC_TEACHING_FIXTURE
SYN_ID_12_015	SYN_P12	SYN_CONT_01	-3	A	0	683	SYNTHETIC_TEACHING_FIXTURE
SYN_ID_12_016	SYN_P12	SYN_CONT_02	-2	B	1	620	SYNTHETIC_TEACHING_FIXTURE
SYN_ID_12_017	SYN_P12	SYN_CONT_03	-1	B	1	679	SYNTHETIC_TEACHING_FIXTURE
SYN_ID_12_018	SYN_P12	SYN_CONT_04	0	A	0	800	SYNTHETIC_TEACHING_FIXTURE
SYN_ID_12_019	SYN_P12	SYN_CONT_05	1	A	0	618	SYNTHETIC_TEACHING_FIXTURE
SYN_ID_12_020	SYN_P12	SYN_CONT_06	2	A	0	665	SYNTHETIC_TEACHING_FIXTURE
SYN_ID_12_021	SYN_P12	SYN_CONT_07	3	A	0	578	SYNTHETIC_TEACHING_FIXTURE
SYN_ID_12_022	SYN_P12	SYN_CONT_01	-3	B	1	583	SYNTHETIC_TEACHING_FIXTURE
SYN_ID_12_023	SYN_P12	SYN_CONT_02	-2	A	0	425	SYNTHETIC_TEACHING_FIXTURE
SYN_ID_12_024	SYN_P12	SYN_CONT_03	-1	B	1	642	SYNTHETIC_TEACHING_FIXTURE
SYN_ID_12_025	SYN_P12	SYN_CONT_04	0	B	1	730	SYNTHETIC_TEACHING_FIXTURE
SYN_ID_12_026	SYN_P12	SYN_CONT_05	1	A	0	623	SYNTHETIC_TEACHING_FIXTURE
SYN_ID_12_027	SYN_P12	SYN_CONT_06	2	A	0	690	SYNTHETIC_TEACHING_FIXTURE
SYN_ID_12_028	SYN_P12	SYN_CONT_07	3	A	0	619	SYNTHETIC_TEACHING_FIXTURE
