token_id	speaker_id	item_id	raw_value	start_ms	end_ms	measurement_status	unicode_label	data_status
SYN_PIPE_001	SYN_PSPK_01	ITEM_01	101.5	100	181	observed	vowel	SYNTHETIC_TEACHING_FIXTURE
SYN_PIPE_002	SYN_PSPK_01	ITEM_02	103.0	200	282	observed	vowel	SYNTHETIC_TEACHING_FIXTURE
SYN_PIPE_003	SYN_PSPK_01	ITEM_03	104.5	300	383	observed	vowel	SYNTHETIC_TEACHING_FIXTURE
SYN_PIPE_004	SYN_PSPK_02	ITEM_04	106.0	400	484	observed	母音	SYNTHETIC_TEACHING_FIXTURE
SYN_PIPE_005	SYN_PSPK_02	ITEM_05	107.5	500	585	observed	vowel	SYNTHETIC_TEACHING_FIXTURE
SYN_PIPE_006	SYN_PSPK_02	ITEM_06	109.0	600	686	observed	vowel	SYNTHETIC_TEACHING_FIXTURE
SYN_PIPE_007	SYN_PSPK_03	ITEM_07	110.5	700	787	observed	vowel	SYNTHETIC_TEACHING_FIXTURE
SYN_PIPE_008	SYN_PSPK_03	ITEM_08	112.0	800	888	observed	vowel	SYNTHETIC_TEACHING_FIXTURE
SYN_PIPE_009	SYN_PSPK_03	ITEM_09	113.5	900	989	failed	vowel	SYNTHETIC_TEACHING_FIXTURE
SYN_PIPE_010	SYN_PSPK_04	ITEM_10	115.0	1000	1090	observed	vowel	SYNTHETIC_TEACHING_FIXTURE
SYN_PIPE_011	SYN_PSPK_04	ITEM_11	116.5	1100	1191	observed	vowel	SYNTHETIC_TEACHING_FIXTURE
SYN_PIPE_012	SYN_PSPK_04	ITEM_12	118.0	1200	1292	observed	vowel	SYNTHETIC_TEACHING_FIXTURE
