support_unit	speaker_id	item_id	condition	observations	data_status
speaker_condition	SYN_SPK_01	ALL	BASE	18	SYNTHETIC_TEACHING_FIXTURE
speaker_condition	SYN_SPK_02	ALL	BASE	18	SYNTHETIC_TEACHING_FIXTURE
speaker_condition	SYN_SPK_03	ALL	BASE	18	SYNTHETIC_TEACHING_FIXTURE
speaker_condition	SYN_SPK_04	ALL	BASE	18	SYNTHETIC_TEACHING_FIXTURE
speaker_condition	SYN_SPK_05	ALL	BASE	18	SYNTHETIC_TEACHING_FIXTURE
speaker_condition	SYN_SPK_06	ALL	BASE	18	SYNTHETIC_TEACHING_FIXTURE
speaker_condition	SYN_SPK_07	ALL	BASE	18	SYNTHETIC_TEACHING_FIXTURE
speaker_condition	SYN_SPK_08	ALL	BASE	18	SYNTHETIC_TEACHING_FIXTURE
speaker_condition	SYN_SPK_09	ALL	BASE	18	SYNTHETIC_TEACHING_FIXTURE
speaker_condition	SYN_SPK_10	ALL	BASE	18	SYNTHETIC_TEACHING_FIXTURE
speaker_condition	SYN_SPK_11	ALL	BASE	18	SYNTHETIC_TEACHING_FIXTURE
speaker_condition	SYN_SPK_12	ALL	BASE	18	SYNTHETIC_TEACHING_FIXTURE
speaker_condition	SYN_SPK_13	ALL	BASE	18	SYNTHETIC_TEACHING_FIXTURE
speaker_condition	SYN_SPK_14	ALL	BASE	18	SYNTHETIC_TEACHING_FIXTURE
speaker_condition	SYN_SPK_15	ALL	BASE	18	SYNTHETIC_TEACHING_FIXTURE
speaker_condition	SYN_SPK_16	ALL	BASE	18	SYNTHETIC_TEACHING_FIXTURE
speaker_condition	SYN_SPK_17	ALL	BASE	18	SYNTHETIC_TEACHING_FIXTURE
speaker_condition	SYN_SPK_18	ALL	BASE	18	SYNTHETIC_TEACHING_FIXTURE
speaker_condition	SYN_SPK_19	ALL	BASE	18	SYNTHETIC_TEACHING_FIXTURE
speaker_condition	SYN_SPK_20	ALL	BASE	18	SYNTHETIC_TEACHING_FIXTURE
speaker_condition	SYN_SPK_21	ALL	BASE	18	SYNTHETIC_TEACHING_FIXTURE
speaker_condition	SYN_SPK_22	ALL	BASE	18	SYNTHETIC_TEACHING_FIXTURE
speaker_condition	SYN_SPK_23	ALL	BASE	18	SYNTHETIC_TEACHING_FIXTURE
speaker_condition	SYN_SPK_24	ALL	BASE	18	SYNTHETIC_TEACHING_FIXTURE
speaker_condition	SYN_SPK_01	ALL	SHIFT_A	18	SYNTHETIC_TEACHING_FIXTURE
speaker_condition	SYN_SPK_02	ALL	SHIFT_A	18	SYNTHETIC_TEACHING_FIXTURE
speaker_condition	SYN_SPK_03	ALL	SHIFT_A	18	SYNTHETIC_TEACHING_FIXTURE
speaker_condition	SYN_SPK_04	ALL	SHIFT_A	18	SYNTHETIC_TEACHING_FIXTURE
speaker_condition	SYN_SPK_05	ALL	SHIFT_A	18	SYNTHETIC_TEACHING_FIXTURE
speaker_condition	SYN_SPK_06	ALL	SHIFT_A	18	SYNTHETIC_TEACHING_FIXTURE
speaker_condition	SYN_SPK_07	ALL	SHIFT_A	18	SYNTHETIC_TEACHING_FIXTURE
speaker_condition	SYN_SPK_08	ALL	SHIFT_A	18	SYNTHETIC_TEACHING_FIXTURE
speaker_condition	SYN_SPK_09	ALL	SHIFT_A	18	SYNTHETIC_TEACHING_FIXTURE
speaker_condition	SYN_SPK_10	ALL	SHIFT_A	18	SYNTHETIC_TEACHING_FIXTURE
speaker_condition	SYN_SPK_11	ALL	SHIFT_A	18	SYNTHETIC_TEACHING_FIXTURE
speaker_condition	SYN_SPK_12	ALL	SHIFT_A	18	SYNTHETIC_TEACHING_FIXTURE
speaker_condition	SYN_SPK_13	ALL	SHIFT_A	18	SYNTHETIC_TEACHING_FIXTURE
speaker_condition	SYN_SPK_14	ALL	SHIFT_A	18	SYNTHETIC_TEACHING_FIXTURE
speaker_condition	SYN_SPK_15	ALL	SHIFT_A	18	SYNTHETIC_TEACHING_FIXTURE
speaker_condition	SYN_SPK_16	ALL	SHIFT_A	18	SYNTHETIC_TEACHING_FIXTURE
speaker_condition	SYN_SPK_17	ALL	SHIFT_A	18	SYNTHETIC_TEACHING_FIXTURE
speaker_condition	SYN_SPK_18	ALL	SHIFT_A	18	SYNTHETIC_TEACHING_FIXTURE
speaker_condition	SYN_SPK_19	ALL	SHIFT_A	18	SYNTHETIC_TEACHING_FIXTURE
speaker_condition	SYN_SPK_20	ALL	SHIFT_A	18	SYNTHETIC_TEACHING_FIXTURE
speaker_condition	SYN_SPK_21	ALL	SHIFT_A	18	SYNTHETIC_TEACHING_FIXTURE
speaker_condition	SYN_SPK_22	ALL	SHIFT_A	18	SYNTHETIC_TEACHING_FIXTURE
speaker_condition	SYN_SPK_23	ALL	SHIFT_A	18	SYNTHETIC_TEACHING_FIXTURE
speaker_condition	SYN_SPK_24	ALL	SHIFT_A	18	SYNTHETIC_TEACHING_FIXTURE
speaker_condition	SYN_SPK_01	ALL	SHIFT_B	18	SYNTHETIC_TEACHING_FIXTURE
speaker_condition	SYN_SPK_02	ALL	SHIFT_B	18	SYNTHETIC_TEACHING_FIXTURE
speaker_condition	SYN_SPK_03	ALL	SHIFT_B	18	SYNTHETIC_TEACHING_FIXTURE
speaker_condition	SYN_SPK_04	ALL	SHIFT_B	18	SYNTHETIC_TEACHING_FIXTURE
speaker_condition	SYN_SPK_05	ALL	SHIFT_B	18	SYNTHETIC_TEACHING_FIXTURE
speaker_condition	SYN_SPK_06	ALL	SHIFT_B	18	SYNTHETIC_TEACHING_FIXTURE
speaker_condition	SYN_SPK_07	ALL	SHIFT_B	18	SYNTHETIC_TEACHING_FIXTURE
speaker_condition	SYN_SPK_08	ALL	SHIFT_B	18	SYNTHETIC_TEACHING_FIXTURE
speaker_condition	SYN_SPK_09	ALL	SHIFT_B	18	SYNTHETIC_TEACHING_FIXTURE
speaker_condition	SYN_SPK_10	ALL	SHIFT_B	18	SYNTHETIC_TEACHING_FIXTURE
speaker_condition	SYN_SPK_11	ALL	SHIFT_B	18	SYNTHETIC_TEACHING_FIXTURE
speaker_condition	SYN_SPK_12	ALL	SHIFT_B	18	SYNTHETIC_TEACHING_FIXTURE
speaker_condition	SYN_SPK_13	ALL	SHIFT_B	18	SYNTHETIC_TEACHING_FIXTURE
speaker_condition	SYN_SPK_14	ALL	SHIFT_B	18	SYNTHETIC_TEACHING_FIXTURE
speaker_condition	SYN_SPK_15	ALL	SHIFT_B	18	SYNTHETIC_TEACHING_FIXTURE
speaker_condition	SYN_SPK_16	ALL	SHIFT_B	18	SYNTHETIC_TEACHING_FIXTURE
speaker_condition	SYN_SPK_17	ALL	SHIFT_B	18	SYNTHETIC_TEACHING_FIXTURE
speaker_condition	SYN_SPK_18	ALL	SHIFT_B	18	SYNTHETIC_TEACHING_FIXTURE
speaker_condition	SYN_SPK_19	ALL	SHIFT_B	18	SYNTHETIC_TEACHING_FIXTURE
speaker_condition	SYN_SPK_20	ALL	SHIFT_B	18	SYNTHETIC_TEACHING_FIXTURE
speaker_condition	SYN_SPK_21	ALL	SHIFT_B	18	SYNTHETIC_TEACHING_FIXTURE
speaker_condition	SYN_SPK_22	ALL	SHIFT_B	18	SYNTHETIC_TEACHING_FIXTURE
speaker_condition	SYN_SPK_23	ALL	SHIFT_B	18	SYNTHETIC_TEACHING_FIXTURE
speaker_condition	SYN_SPK_24	ALL	SHIFT_B	18	SYNTHETIC_TEACHING_FIXTURE
item_condition	ALL	SYN_ITEM_01	BASE	24	SYNTHETIC_TEACHING_FIXTURE
item_condition	ALL	SYN_ITEM_02	BASE	24	SYNTHETIC_TEACHING_FIXTURE
item_condition	ALL	SYN_ITEM_03	BASE	24	SYNTHETIC_TEACHING_FIXTURE
item_condition	ALL	SYN_ITEM_04	BASE	24	SYNTHETIC_TEACHING_FIXTURE
item_condition	ALL	SYN_ITEM_05	BASE	24	SYNTHETIC_TEACHING_FIXTURE
item_condition	ALL	SYN_ITEM_06	BASE	24	SYNTHETIC_TEACHING_FIXTURE
item_condition	ALL	SYN_ITEM_07	BASE	24	SYNTHETIC_TEACHING_FIXTURE
item_condition	ALL	SYN_ITEM_08	BASE	24	SYNTHETIC_TEACHING_FIXTURE
item_condition	ALL	SYN_ITEM_09	BASE	24	SYNTHETIC_TEACHING_FIXTURE
item_condition	ALL	SYN_ITEM_10	BASE	24	SYNTHETIC_TEACHING_FIXTURE
item_condition	ALL	SYN_ITEM_11	BASE	24	SYNTHETIC_TEACHING_FIXTURE
item_condition	ALL	SYN_ITEM_12	BASE	24	SYNTHETIC_TEACHING_FIXTURE
item_condition	ALL	SYN_ITEM_13	BASE	24	SYNTHETIC_TEACHING_FIXTURE
item_condition	ALL	SYN_ITEM_14	BASE	24	SYNTHETIC_TEACHING_FIXTURE
item_condition	ALL	SYN_ITEM_15	BASE	24	SYNTHETIC_TEACHING_FIXTURE
item_condition	ALL	SYN_ITEM_16	BASE	24	SYNTHETIC_TEACHING_FIXTURE
item_condition	ALL	SYN_ITEM_17	BASE	24	SYNTHETIC_TEACHING_FIXTURE
item_condition	ALL	SYN_ITEM_18	BASE	24	SYNTHETIC_TEACHING_FIXTURE
item_condition	ALL	SYN_ITEM_01	SHIFT_A	24	SYNTHETIC_TEACHING_FIXTURE
item_condition	ALL	SYN_ITEM_02	SHIFT_A	24	SYNTHETIC_TEACHING_FIXTURE
item_condition	ALL	SYN_ITEM_03	SHIFT_A	24	SYNTHETIC_TEACHING_FIXTURE
item_condition	ALL	SYN_ITEM_04	SHIFT_A	24	SYNTHETIC_TEACHING_FIXTURE
item_condition	ALL	SYN_ITEM_05	SHIFT_A	24	SYNTHETIC_TEACHING_FIXTURE
item_condition	ALL	SYN_ITEM_06	SHIFT_A	24	SYNTHETIC_TEACHING_FIXTURE
item_condition	ALL	SYN_ITEM_07	SHIFT_A	24	SYNTHETIC_TEACHING_FIXTURE
item_condition	ALL	SYN_ITEM_08	SHIFT_A	24	SYNTHETIC_TEACHING_FIXTURE
item_condition	ALL	SYN_ITEM_09	SHIFT_A	24	SYNTHETIC_TEACHING_FIXTURE
item_condition	ALL	SYN_ITEM_10	SHIFT_A	24	SYNTHETIC_TEACHING_FIXTURE
item_condition	ALL	SYN_ITEM_11	SHIFT_A	24	SYNTHETIC_TEACHING_FIXTURE
item_condition	ALL	SYN_ITEM_12	SHIFT_A	24	SYNTHETIC_TEACHING_FIXTURE
item_condition	ALL	SYN_ITEM_13	SHIFT_A	24	SYNTHETIC_TEACHING_FIXTURE
item_condition	ALL	SYN_ITEM_14	SHIFT_A	24	SYNTHETIC_TEACHING_FIXTURE
item_condition	ALL	SYN_ITEM_15	SHIFT_A	24	SYNTHETIC_TEACHING_FIXTURE
item_condition	ALL	SYN_ITEM_16	SHIFT_A	24	SYNTHETIC_TEACHING_FIXTURE
item_condition	ALL	SYN_ITEM_17	SHIFT_A	24	SYNTHETIC_TEACHING_FIXTURE
item_condition	ALL	SYN_ITEM_18	SHIFT_A	24	SYNTHETIC_TEACHING_FIXTURE
item_condition	ALL	SYN_ITEM_01	SHIFT_B	24	SYNTHETIC_TEACHING_FIXTURE
item_condition	ALL	SYN_ITEM_02	SHIFT_B	24	SYNTHETIC_TEACHING_FIXTURE
item_condition	ALL	SYN_ITEM_03	SHIFT_B	24	SYNTHETIC_TEACHING_FIXTURE
item_condition	ALL	SYN_ITEM_04	SHIFT_B	24	SYNTHETIC_TEACHING_FIXTURE
item_condition	ALL	SYN_ITEM_05	SHIFT_B	24	SYNTHETIC_TEACHING_FIXTURE
item_condition	ALL	SYN_ITEM_06	SHIFT_B	24	SYNTHETIC_TEACHING_FIXTURE
item_condition	ALL	SYN_ITEM_07	SHIFT_B	24	SYNTHETIC_TEACHING_FIXTURE
item_condition	ALL	SYN_ITEM_08	SHIFT_B	24	SYNTHETIC_TEACHING_FIXTURE
item_condition	ALL	SYN_ITEM_09	SHIFT_B	24	SYNTHETIC_TEACHING_FIXTURE
item_condition	ALL	SYN_ITEM_10	SHIFT_B	24	SYNTHETIC_TEACHING_FIXTURE
item_condition	ALL	SYN_ITEM_11	SHIFT_B	24	SYNTHETIC_TEACHING_FIXTURE
item_condition	ALL	SYN_ITEM_12	SHIFT_B	24	SYNTHETIC_TEACHING_FIXTURE
item_condition	ALL	SYN_ITEM_13	SHIFT_B	24	SYNTHETIC_TEACHING_FIXTURE
item_condition	ALL	SYN_ITEM_14	SHIFT_B	24	SYNTHETIC_TEACHING_FIXTURE
item_condition	ALL	SYN_ITEM_15	SHIFT_B	24	SYNTHETIC_TEACHING_FIXTURE
item_condition	ALL	SYN_ITEM_16	SHIFT_B	24	SYNTHETIC_TEACHING_FIXTURE
item_condition	ALL	SYN_ITEM_17	SHIFT_B	24	SYNTHETIC_TEACHING_FIXTURE
item_condition	ALL	SYN_ITEM_18	SHIFT_B	24	SYNTHETIC_TEACHING_FIXTURE
