event_id	model_id	reference_time_s	articulatory_time_s	residual_ms	event_status	data_status
SYNC_01	single_offset	0.0	0.035571	-19.871999999996802	observed	SYNTHETIC_TEACHING_FIXTURE
SYNC_01	linear_drift	0.0	0.035571	0.3448280254702285	observed	SYNTHETIC_TEACHING_FIXTURE
SYNC_02	single_offset	10.0	10.039053	-16.389999999997684	observed	SYNTHETIC_TEACHING_FIXTURE
SYNC_02	linear_drift	10.0	10.039053	-0.16539044587027263	observed	SYNTHETIC_TEACHING_FIXTURE
SYNC_03	single_offset	20.0	20.042229	-13.213999999997839	observed	SYNTHETIC_TEACHING_FIXTURE
SYNC_03	linear_drift	20.0	20.042229	-0.9816089172076659	observed	SYNTHETIC_TEACHING_FIXTURE
SYNC_04	single_offset	30.0	30.047297	-8.145999999996434	observed	SYNTHETIC_TEACHING_FIXTURE
SYNC_04	linear_drift	30.0	30.047297	0.09417261145827638	observed	SYNTHETIC_TEACHING_FIXTURE
SYNC_05	single_offset	40.0	40.051641	-3.802000000000305	observed	SYNTHETIC_TEACHING_FIXTURE
SYNC_05	linear_drift	40.0	40.051641	0.4459541401118372	observed	SYNTHETIC_TEACHING_FIXTURE
SYNC_06	single_offset	50.0	50.055443	0.0	observed	SYNTHETIC_TEACHING_FIXTURE
SYNC_06	linear_drift	50.0	50.055443	0.2557356687802326	observed	SYNTHETIC_TEACHING_FIXTURE
SYNC_07	single_offset	60			dropped_event	SYNTHETIC_TEACHING_FIXTURE
SYNC_07	linear_drift	60			dropped_event	SYNTHETIC_TEACHING_FIXTURE
SYNC_08	single_offset	70.0	70.063368	7.925000000000182	observed	SYNTHETIC_TEACHING_FIXTURE
SYNC_08	linear_drift	70.0	70.063368	0.19629872609527865	observed	SYNTHETIC_TEACHING_FIXTURE
SYNC_09	single_offset	80.0	80.066937	11.493999999999005	observed	SYNTHETIC_TEACHING_FIXTURE
SYNC_09	linear_drift	80.0	80.066937	-0.22691974524491343	observed	SYNTHETIC_TEACHING_FIXTURE
SYNC_10	single_offset	90.0	90.07153	16.086999999998852	observed	SYNTHETIC_TEACHING_FIXTURE
SYNC_10	linear_drift	90.0	90.07153	0.37386178343012944	observed	SYNTHETIC_TEACHING_FIXTURE
SYNC_11	single_offset	100.0	100.075582	20.13900000000035	observed	SYNTHETIC_TEACHING_FIXTURE
SYNC_11	linear_drift	100.0	100.075582	0.4336433120926131	observed	SYNTHETIC_TEACHING_FIXTURE
SYNC_12	single_offset	110.0	110.07837	22.92700000000991	observed	SYNTHETIC_TEACHING_FIXTURE
SYNC_12	linear_drift	110.0	110.07837	-0.7705751592368415	observed	SYNTHETIC_TEACHING_FIXTURE
