dataset_id	mechanism	estimand	estimate	standard_error	n	primary_estimate	data_status
outcome_random_001	outcome_random	additive_predictor_slope	6.14231505905069	0.393272516740067	409	6.16432014321717	SYNTHETIC_TEACHING_FIXTURE
outcome_random_002	outcome_random	additive_predictor_slope	6.1855270754098	0.405896477121831	409	6.16432014321717	SYNTHETIC_TEACHING_FIXTURE
outcome_random_003	outcome_random	additive_predictor_slope	5.99099649585871	0.380923649241481	409	6.16432014321717	SYNTHETIC_TEACHING_FIXTURE
outcome_random_004	outcome_random	additive_predictor_slope	6.16072604075498	0.385994715881171	409	6.16432014321717	SYNTHETIC_TEACHING_FIXTURE
outcome_random_005	outcome_random	additive_predictor_slope	6.30234456675026	0.382600741865872	409	6.16432014321717	SYNTHETIC_TEACHING_FIXTURE
outcome_random_006	outcome_random	additive_predictor_slope	6.48149062688065	0.391403991147782	409	6.16432014321717	SYNTHETIC_TEACHING_FIXTURE
outcome_random_007	outcome_random	additive_predictor_slope	6.39755107739488	0.395094156621913	409	6.16432014321717	SYNTHETIC_TEACHING_FIXTURE
outcome_random_008	outcome_random	additive_predictor_slope	6.27293062579978	0.383182281139024	409	6.16432014321717	SYNTHETIC_TEACHING_FIXTURE
outcome_random_009	outcome_random	additive_predictor_slope	6.06116549500325	0.386585195907017	409	6.16432014321717	SYNTHETIC_TEACHING_FIXTURE
outcome_random_010	outcome_random	additive_predictor_slope	5.9488189903258	0.384522918321079	409	6.16432014321717	SYNTHETIC_TEACHING_FIXTURE
outcome_random_011	outcome_random	additive_predictor_slope	6.00385740425214	0.381798042593855	409	6.16432014321717	SYNTHETIC_TEACHING_FIXTURE
outcome_random_012	outcome_random	additive_predictor_slope	5.97309065071877	0.373769736181023	409	6.16432014321717	SYNTHETIC_TEACHING_FIXTURE
outcome_random_013	outcome_random	additive_predictor_slope	6.27490283928479	0.386301159360411	409	6.16432014321717	SYNTHETIC_TEACHING_FIXTURE
outcome_random_014	outcome_random	additive_predictor_slope	5.97036871531585	0.404423774629008	409	6.16432014321717	SYNTHETIC_TEACHING_FIXTURE
outcome_random_015	outcome_random	additive_predictor_slope	6.54170536187237	0.380007491269315	409	6.16432014321717	SYNTHETIC_TEACHING_FIXTURE
outcome_random_016	outcome_random	additive_predictor_slope	6.23517332382818	0.384606236304353	409	6.16432014321717	SYNTHETIC_TEACHING_FIXTURE
outcome_random_017	outcome_random	additive_predictor_slope	6.09530527912062	0.392373461974736	409	6.16432014321717	SYNTHETIC_TEACHING_FIXTURE
outcome_random_018	outcome_random	additive_predictor_slope	6.2586832928605	0.373695013392309	409	6.16432014321717	SYNTHETIC_TEACHING_FIXTURE
outcome_random_019	outcome_random	additive_predictor_slope	6.22900943786099	0.388186637270352	409	6.16432014321717	SYNTHETIC_TEACHING_FIXTURE
outcome_random_020	outcome_random	additive_predictor_slope	6.14949528876158	0.378318138199543	409	6.16432014321717	SYNTHETIC_TEACHING_FIXTURE
outcome_random_021	outcome_random	additive_predictor_slope	6.16301691800467	0.378102518509888	409	6.16432014321717	SYNTHETIC_TEACHING_FIXTURE
outcome_random_022	outcome_random	additive_predictor_slope	6.26114764752247	0.380923247894379	409	6.16432014321717	SYNTHETIC_TEACHING_FIXTURE
outcome_random_023	outcome_random	additive_predictor_slope	5.95863470761027	0.37982051000602	409	6.16432014321717	SYNTHETIC_TEACHING_FIXTURE
outcome_random_024	outcome_random	additive_predictor_slope	6.55835815911969	0.388385489457293	409	6.16432014321717	SYNTHETIC_TEACHING_FIXTURE
outcome_random_025	outcome_random	additive_predictor_slope	6.50596917031498	0.377557225666236	409	6.16432014321717	SYNTHETIC_TEACHING_FIXTURE
outcome_random_026	outcome_random	additive_predictor_slope	6.16356696502751	0.393318497579191	409	6.16432014321717	SYNTHETIC_TEACHING_FIXTURE
outcome_random_027	outcome_random	additive_predictor_slope	6.11971484530606	0.395448162543403	409	6.16432014321717	SYNTHETIC_TEACHING_FIXTURE
outcome_random_028	outcome_random	additive_predictor_slope	6.32407387223243	0.388032010950036	409	6.16432014321717	SYNTHETIC_TEACHING_FIXTURE
outcome_random_029	outcome_random	additive_predictor_slope	6.54131952222545	0.388940672711682	409	6.16432014321717	SYNTHETIC_TEACHING_FIXTURE
outcome_random_030	outcome_random	additive_predictor_slope	6.47320655254478	0.384151391439774	409	6.16432014321717	SYNTHETIC_TEACHING_FIXTURE
outcome_random_031	outcome_random	additive_predictor_slope	6.10589974899252	0.38168400179689	409	6.16432014321717	SYNTHETIC_TEACHING_FIXTURE
outcome_random_032	outcome_random	additive_predictor_slope	6.12871808255667	0.381746460803944	409	6.16432014321717	SYNTHETIC_TEACHING_FIXTURE
outcome_random_033	outcome_random	additive_predictor_slope	5.96280666348658	0.362115783145965	409	6.16432014321717	SYNTHETIC_TEACHING_FIXTURE
outcome_random_034	outcome_random	additive_predictor_slope	6.47055001201072	0.380071706568043	409	6.16432014321717	SYNTHETIC_TEACHING_FIXTURE
outcome_random_035	outcome_random	additive_predictor_slope	5.98586114957837	0.387642251069596	409	6.16432014321717	SYNTHETIC_TEACHING_FIXTURE
outcome_random_036	outcome_random	additive_predictor_slope	6.21649141290895	0.396305175803234	409	6.16432014321717	SYNTHETIC_TEACHING_FIXTURE
outcome_random_037	outcome_random	additive_predictor_slope	6.14861111199753	0.374452298867589	409	6.16432014321717	SYNTHETIC_TEACHING_FIXTURE
outcome_random_038	outcome_random	additive_predictor_slope	6.07442231555874	0.388573754238616	409	6.16432014321717	SYNTHETIC_TEACHING_FIXTURE
outcome_random_039	outcome_random	additive_predictor_slope	6.0272056098332	0.381911254979876	409	6.16432014321717	SYNTHETIC_TEACHING_FIXTURE
outcome_random_040	outcome_random	additive_predictor_slope	6.23207513954859	0.375858414142018	409	6.16432014321717	SYNTHETIC_TEACHING_FIXTURE
predictor_random_001	predictor_random	additive_predictor_slope	5.49229833072421	0.329742823836288	409	6.16432014321717	SYNTHETIC_TEACHING_FIXTURE
predictor_random_002	predictor_random	additive_predictor_slope	5.34295915978021	0.322584410252048	409	6.16432014321717	SYNTHETIC_TEACHING_FIXTURE
predictor_random_003	predictor_random	additive_predictor_slope	5.27599364589789	0.331718092845872	409	6.16432014321717	SYNTHETIC_TEACHING_FIXTURE
predictor_random_004	predictor_random	additive_predictor_slope	5.39292115302808	0.337833948522779	409	6.16432014321717	SYNTHETIC_TEACHING_FIXTURE
predictor_random_005	predictor_random	additive_predictor_slope	5.34156553330669	0.32705867892275	409	6.16432014321717	SYNTHETIC_TEACHING_FIXTURE
predictor_random_006	predictor_random	additive_predictor_slope	5.35131856418308	0.30991926430156	409	6.16432014321717	SYNTHETIC_TEACHING_FIXTURE
predictor_random_007	predictor_random	additive_predictor_slope	5.44681487008811	0.317357633736317	409	6.16432014321717	SYNTHETIC_TEACHING_FIXTURE
predictor_random_008	predictor_random	additive_predictor_slope	5.53333250494151	0.31734232051475	409	6.16432014321717	SYNTHETIC_TEACHING_FIXTURE
predictor_random_009	predictor_random	additive_predictor_slope	5.34785094753908	0.338709657677269	409	6.16432014321717	SYNTHETIC_TEACHING_FIXTURE
predictor_random_010	predictor_random	additive_predictor_slope	5.63989737754747	0.32380019268118	409	6.16432014321717	SYNTHETIC_TEACHING_FIXTURE
predictor_random_011	predictor_random	additive_predictor_slope	5.58475205912628	0.324702756504602	409	6.16432014321717	SYNTHETIC_TEACHING_FIXTURE
predictor_random_012	predictor_random	additive_predictor_slope	5.46496792291638	0.323640796538856	409	6.16432014321717	SYNTHETIC_TEACHING_FIXTURE
predictor_random_013	predictor_random	additive_predictor_slope	5.31193036358733	0.333480351209039	409	6.16432014321717	SYNTHETIC_TEACHING_FIXTURE
predictor_random_014	predictor_random	additive_predictor_slope	5.28209474048911	0.324229699008545	409	6.16432014321717	SYNTHETIC_TEACHING_FIXTURE
predictor_random_015	predictor_random	additive_predictor_slope	5.79717020966924	0.327447172497334	409	6.16432014321717	SYNTHETIC_TEACHING_FIXTURE
predictor_random_016	predictor_random	additive_predictor_slope	5.29231717203315	0.324103192504714	409	6.16432014321717	SYNTHETIC_TEACHING_FIXTURE
predictor_random_017	predictor_random	additive_predictor_slope	5.39143296227176	0.330016646639716	409	6.16432014321717	SYNTHETIC_TEACHING_FIXTURE
predictor_random_018	predictor_random	additive_predictor_slope	5.38653262368766	0.336467556636497	409	6.16432014321717	SYNTHETIC_TEACHING_FIXTURE
predictor_random_019	predictor_random	additive_predictor_slope	5.29193752686069	0.330928197660942	409	6.16432014321717	SYNTHETIC_TEACHING_FIXTURE
predictor_random_020	predictor_random	additive_predictor_slope	5.22075776881238	0.321129389234042	409	6.16432014321717	SYNTHETIC_TEACHING_FIXTURE
predictor_random_021	predictor_random	additive_predictor_slope	5.38911817571796	0.329154849447001	409	6.16432014321717	SYNTHETIC_TEACHING_FIXTURE
predictor_random_022	predictor_random	additive_predictor_slope	5.36431140700943	0.333508066597115	409	6.16432014321717	SYNTHETIC_TEACHING_FIXTURE
predictor_random_023	predictor_random	additive_predictor_slope	5.37883636071395	0.325315555081614	409	6.16432014321717	SYNTHETIC_TEACHING_FIXTURE
predictor_random_024	predictor_random	additive_predictor_slope	5.36555137280606	0.323074846714806	409	6.16432014321717	SYNTHETIC_TEACHING_FIXTURE
predictor_random_025	predictor_random	additive_predictor_slope	5.41235848155996	0.337858562808847	409	6.16432014321717	SYNTHETIC_TEACHING_FIXTURE
predictor_random_026	predictor_random	additive_predictor_slope	5.27730922425554	0.328739894384976	409	6.16432014321717	SYNTHETIC_TEACHING_FIXTURE
predictor_random_027	predictor_random	additive_predictor_slope	5.40352603290558	0.327476329587232	409	6.16432014321717	SYNTHETIC_TEACHING_FIXTURE
predictor_random_028	predictor_random	additive_predictor_slope	5.49828925184058	0.310099094948913	409	6.16432014321717	SYNTHETIC_TEACHING_FIXTURE
predictor_random_029	predictor_random	additive_predictor_slope	5.68756319778161	0.332506694565596	409	6.16432014321717	SYNTHETIC_TEACHING_FIXTURE
predictor_random_030	predictor_random	additive_predictor_slope	5.43897167254893	0.333625420945376	409	6.16432014321717	SYNTHETIC_TEACHING_FIXTURE
predictor_random_031	predictor_random	additive_predictor_slope	5.47743733198619	0.337351096092107	409	6.16432014321717	SYNTHETIC_TEACHING_FIXTURE
predictor_random_032	predictor_random	additive_predictor_slope	5.51238300742744	0.331986771648638	409	6.16432014321717	SYNTHETIC_TEACHING_FIXTURE
predictor_random_033	predictor_random	additive_predictor_slope	5.50460780292402	0.32540768678402	409	6.16432014321717	SYNTHETIC_TEACHING_FIXTURE
predictor_random_034	predictor_random	additive_predictor_slope	5.40634214324321	0.329175943067651	409	6.16432014321717	SYNTHETIC_TEACHING_FIXTURE
predictor_random_035	predictor_random	additive_predictor_slope	5.23610300502535	0.325465150712499	409	6.16432014321717	SYNTHETIC_TEACHING_FIXTURE
predictor_random_036	predictor_random	additive_predictor_slope	5.62883977127914	0.3358499347	409	6.16432014321717	SYNTHETIC_TEACHING_FIXTURE
predictor_random_037	predictor_random	additive_predictor_slope	5.47120997311574	0.32041090666484	409	6.16432014321717	SYNTHETIC_TEACHING_FIXTURE
predictor_random_038	predictor_random	additive_predictor_slope	5.14593035734733	0.326267335926191	409	6.16432014321717	SYNTHETIC_TEACHING_FIXTURE
predictor_random_039	predictor_random	additive_predictor_slope	5.43462173173396	0.324649194212225	409	6.16432014321717	SYNTHETIC_TEACHING_FIXTURE
predictor_random_040	predictor_random	additive_predictor_slope	5.50054225494316	0.320885128485889	409	6.16432014321717	SYNTHETIC_TEACHING_FIXTURE
landmark_shared_001	landmark_shared	landmark_alignment_minus_duration_error	-0.801425953125266	0.183989057699404	480	6.16432014321717	SYNTHETIC_TEACHING_FIXTURE
landmark_shared_002	landmark_shared	landmark_alignment_minus_duration_error	-0.344487741674684	0.180535800440065	480	6.16432014321717	SYNTHETIC_TEACHING_FIXTURE
landmark_shared_003	landmark_shared	landmark_alignment_minus_duration_error	-0.958434318211849	0.18855826984763	480	6.16432014321717	SYNTHETIC_TEACHING_FIXTURE
landmark_shared_004	landmark_shared	landmark_alignment_minus_duration_error	-0.647757080614002	0.185531146539418	480	6.16432014321717	SYNTHETIC_TEACHING_FIXTURE
landmark_shared_005	landmark_shared	landmark_alignment_minus_duration_error	-0.799818521789306	0.183738423558629	480	6.16432014321717	SYNTHETIC_TEACHING_FIXTURE
landmark_shared_006	landmark_shared	landmark_alignment_minus_duration_error	-0.810519765915139	0.189700252554685	480	6.16432014321717	SYNTHETIC_TEACHING_FIXTURE
landmark_shared_007	landmark_shared	landmark_alignment_minus_duration_error	-0.839851749629613	0.188215551115696	480	6.16432014321717	SYNTHETIC_TEACHING_FIXTURE
landmark_shared_008	landmark_shared	landmark_alignment_minus_duration_error	-0.732279917285761	0.178570991724437	480	6.16432014321717	SYNTHETIC_TEACHING_FIXTURE
landmark_shared_009	landmark_shared	landmark_alignment_minus_duration_error	-0.739852887271053	0.187120847539324	480	6.16432014321717	SYNTHETIC_TEACHING_FIXTURE
landmark_shared_010	landmark_shared	landmark_alignment_minus_duration_error	-0.971794233807591	0.204379545441704	480	6.16432014321717	SYNTHETIC_TEACHING_FIXTURE
landmark_shared_011	landmark_shared	landmark_alignment_minus_duration_error	-0.981673643451329	0.177766835008682	480	6.16432014321717	SYNTHETIC_TEACHING_FIXTURE
landmark_shared_012	landmark_shared	landmark_alignment_minus_duration_error	-1.05112201712036	0.196556385742701	480	6.16432014321717	SYNTHETIC_TEACHING_FIXTURE
landmark_shared_013	landmark_shared	landmark_alignment_minus_duration_error	-1.01222365514791	0.190574370865529	480	6.16432014321717	SYNTHETIC_TEACHING_FIXTURE
landmark_shared_014	landmark_shared	landmark_alignment_minus_duration_error	-0.90852409888253	0.200693337661972	480	6.16432014321717	SYNTHETIC_TEACHING_FIXTURE
landmark_shared_015	landmark_shared	landmark_alignment_minus_duration_error	-1.01861067184642	0.182326341138704	480	6.16432014321717	SYNTHETIC_TEACHING_FIXTURE
landmark_shared_016	landmark_shared	landmark_alignment_minus_duration_error	-1.28738704429377	0.196464763199697	480	6.16432014321717	SYNTHETIC_TEACHING_FIXTURE
landmark_shared_017	landmark_shared	landmark_alignment_minus_duration_error	-0.601023069308762	0.181590381947593	480	6.16432014321717	SYNTHETIC_TEACHING_FIXTURE
landmark_shared_018	landmark_shared	landmark_alignment_minus_duration_error	-0.810476690918964	0.186151371331084	480	6.16432014321717	SYNTHETIC_TEACHING_FIXTURE
landmark_shared_019	landmark_shared	landmark_alignment_minus_duration_error	-0.853821691710062	0.194082158393681	480	6.16432014321717	SYNTHETIC_TEACHING_FIXTURE
landmark_shared_020	landmark_shared	landmark_alignment_minus_duration_error	-0.772738511824482	0.187523254674988	480	6.16432014321717	SYNTHETIC_TEACHING_FIXTURE
landmark_shared_021	landmark_shared	landmark_alignment_minus_duration_error	-1.27195723805599	0.203776130153342	480	6.16432014321717	SYNTHETIC_TEACHING_FIXTURE
landmark_shared_022	landmark_shared	landmark_alignment_minus_duration_error	-1.12012025234807	0.198810971365298	480	6.16432014321717	SYNTHETIC_TEACHING_FIXTURE
landmark_shared_023	landmark_shared	landmark_alignment_minus_duration_error	-0.636951351399154	0.182888047500856	480	6.16432014321717	SYNTHETIC_TEACHING_FIXTURE
landmark_shared_024	landmark_shared	landmark_alignment_minus_duration_error	-0.987421568670706	0.190779820643396	480	6.16432014321717	SYNTHETIC_TEACHING_FIXTURE
landmark_shared_025	landmark_shared	landmark_alignment_minus_duration_error	-0.618965213660981	0.191337887404545	480	6.16432014321717	SYNTHETIC_TEACHING_FIXTURE
landmark_shared_026	landmark_shared	landmark_alignment_minus_duration_error	-0.691934918819373	0.191953973947884	480	6.16432014321717	SYNTHETIC_TEACHING_FIXTURE
landmark_shared_027	landmark_shared	landmark_alignment_minus_duration_error	-1.19757111273695	0.182691600197835	480	6.16432014321717	SYNTHETIC_TEACHING_FIXTURE
landmark_shared_028	landmark_shared	landmark_alignment_minus_duration_error	-0.971696869674254	0.194062097162058	480	6.16432014321717	SYNTHETIC_TEACHING_FIXTURE
landmark_shared_029	landmark_shared	landmark_alignment_minus_duration_error	-0.969879223101399	0.194945808177227	480	6.16432014321717	SYNTHETIC_TEACHING_FIXTURE
landmark_shared_030	landmark_shared	landmark_alignment_minus_duration_error	-1.2819117768948	0.18424007526673	480	6.16432014321717	SYNTHETIC_TEACHING_FIXTURE
landmark_shared_031	landmark_shared	landmark_alignment_minus_duration_error	-1.19096371809594	0.201568938507134	480	6.16432014321717	SYNTHETIC_TEACHING_FIXTURE
landmark_shared_032	landmark_shared	landmark_alignment_minus_duration_error	-1.13913370310323	0.20141675287261	480	6.16432014321717	SYNTHETIC_TEACHING_FIXTURE
landmark_shared_033	landmark_shared	landmark_alignment_minus_duration_error	-1.25222869494329	0.194992627512685	480	6.16432014321717	SYNTHETIC_TEACHING_FIXTURE
landmark_shared_034	landmark_shared	landmark_alignment_minus_duration_error	-0.963044941215655	0.191249726192599	480	6.16432014321717	SYNTHETIC_TEACHING_FIXTURE
landmark_shared_035	landmark_shared	landmark_alignment_minus_duration_error	-0.74647350017909	0.187148050932881	480	6.16432014321717	SYNTHETIC_TEACHING_FIXTURE
landmark_shared_036	landmark_shared	landmark_alignment_minus_duration_error	-1.0829858621184	0.194234294619616	480	6.16432014321717	SYNTHETIC_TEACHING_FIXTURE
landmark_shared_037	landmark_shared	landmark_alignment_minus_duration_error	-0.762362294690294	0.186537626816634	480	6.16432014321717	SYNTHETIC_TEACHING_FIXTURE
landmark_shared_038	landmark_shared	landmark_alignment_minus_duration_error	-0.358640538403775	0.183936726346651	480	6.16432014321717	SYNTHETIC_TEACHING_FIXTURE
landmark_shared_039	landmark_shared	landmark_alignment_minus_duration_error	-0.471383621415864	0.190391087770852	480	6.16432014321717	SYNTHETIC_TEACHING_FIXTURE
landmark_shared_040	landmark_shared	landmark_alignment_minus_duration_error	-0.884632415635152	0.192679616401953	480	6.16432014321717	SYNTHETIC_TEACHING_FIXTURE
speaker_reference_001	speaker_reference	additive_predictor_slope	6.28320400813969	0.341943603746432	409	6.16432014321717	SYNTHETIC_TEACHING_FIXTURE
speaker_reference_002	speaker_reference	additive_predictor_slope	6.32682635692247	0.325833533804764	409	6.16432014321717	SYNTHETIC_TEACHING_FIXTURE
speaker_reference_003	speaker_reference	additive_predictor_slope	6.30072880777082	0.354864175989023	409	6.16432014321717	SYNTHETIC_TEACHING_FIXTURE
speaker_reference_004	speaker_reference	additive_predictor_slope	6.17142475307619	0.371645944150519	409	6.16432014321717	SYNTHETIC_TEACHING_FIXTURE
speaker_reference_005	speaker_reference	additive_predictor_slope	6.18560449762006	0.350234033965075	409	6.16432014321717	SYNTHETIC_TEACHING_FIXTURE
speaker_reference_006	speaker_reference	additive_predictor_slope	6.04057487241086	0.358545720952027	409	6.16432014321717	SYNTHETIC_TEACHING_FIXTURE
speaker_reference_007	speaker_reference	additive_predictor_slope	6.15335980718618	0.332190225072346	409	6.16432014321717	SYNTHETIC_TEACHING_FIXTURE
speaker_reference_008	speaker_reference	additive_predictor_slope	6.23276553731425	0.349202811551289	409	6.16432014321717	SYNTHETIC_TEACHING_FIXTURE
speaker_reference_009	speaker_reference	additive_predictor_slope	6.07853422494084	0.338931299903143	409	6.16432014321717	SYNTHETIC_TEACHING_FIXTURE
speaker_reference_010	speaker_reference	additive_predictor_slope	6.19085657901496	0.346140073094885	409	6.16432014321717	SYNTHETIC_TEACHING_FIXTURE
speaker_reference_011	speaker_reference	additive_predictor_slope	6.28830819036063	0.341900675906003	409	6.16432014321717	SYNTHETIC_TEACHING_FIXTURE
speaker_reference_012	speaker_reference	additive_predictor_slope	6.12086218166974	0.324378514633895	409	6.16432014321717	SYNTHETIC_TEACHING_FIXTURE
speaker_reference_013	speaker_reference	additive_predictor_slope	6.17256546729666	0.364068744471941	409	6.16432014321717	SYNTHETIC_TEACHING_FIXTURE
speaker_reference_014	speaker_reference	additive_predictor_slope	6.19131755347158	0.321528789289365	409	6.16432014321717	SYNTHETIC_TEACHING_FIXTURE
speaker_reference_015	speaker_reference	additive_predictor_slope	6.1722022975144	0.326759029941232	409	6.16432014321717	SYNTHETIC_TEACHING_FIXTURE
speaker_reference_016	speaker_reference	additive_predictor_slope	6.15443918826653	0.335887746045706	409	6.16432014321717	SYNTHETIC_TEACHING_FIXTURE
speaker_reference_017	speaker_reference	additive_predictor_slope	6.15184798129002	0.359092040116921	409	6.16432014321717	SYNTHETIC_TEACHING_FIXTURE
speaker_reference_018	speaker_reference	additive_predictor_slope	6.04387317771572	0.336374020469825	409	6.16432014321717	SYNTHETIC_TEACHING_FIXTURE
speaker_reference_019	speaker_reference	additive_predictor_slope	6.14853701123382	0.354862229562143	409	6.16432014321717	SYNTHETIC_TEACHING_FIXTURE
speaker_reference_020	speaker_reference	additive_predictor_slope	6.12656277288128	0.336587993385081	409	6.16432014321717	SYNTHETIC_TEACHING_FIXTURE
speaker_reference_021	speaker_reference	additive_predictor_slope	6.21399683564226	0.344377715025177	409	6.16432014321717	SYNTHETIC_TEACHING_FIXTURE
speaker_reference_022	speaker_reference	additive_predictor_slope	6.26277392168928	0.378570834413643	409	6.16432014321717	SYNTHETIC_TEACHING_FIXTURE
speaker_reference_023	speaker_reference	additive_predictor_slope	6.1122790084816	0.339523821026605	409	6.16432014321717	SYNTHETIC_TEACHING_FIXTURE
speaker_reference_024	speaker_reference	additive_predictor_slope	6.3172166644582	0.349656633146532	409	6.16432014321717	SYNTHETIC_TEACHING_FIXTURE
speaker_reference_025	speaker_reference	additive_predictor_slope	6.12983115649723	0.35511752037641	409	6.16432014321717	SYNTHETIC_TEACHING_FIXTURE
speaker_reference_026	speaker_reference	additive_predictor_slope	6.34352977525349	0.344602765850238	409	6.16432014321717	SYNTHETIC_TEACHING_FIXTURE
speaker_reference_027	speaker_reference	additive_predictor_slope	6.13954648510793	0.346413702939608	409	6.16432014321717	SYNTHETIC_TEACHING_FIXTURE
speaker_reference_028	speaker_reference	additive_predictor_slope	6.05717933901808	0.333053376890739	409	6.16432014321717	SYNTHETIC_TEACHING_FIXTURE
speaker_reference_029	speaker_reference	additive_predictor_slope	6.09327236186411	0.356610616081518	409	6.16432014321717	SYNTHETIC_TEACHING_FIXTURE
speaker_reference_030	speaker_reference	additive_predictor_slope	6.20378069950949	0.303494937576473	409	6.16432014321717	SYNTHETIC_TEACHING_FIXTURE
speaker_reference_031	speaker_reference	additive_predictor_slope	6.26635932119577	0.326876609969871	409	6.16432014321717	SYNTHETIC_TEACHING_FIXTURE
speaker_reference_032	speaker_reference	additive_predictor_slope	6.30881597442052	0.336584408768534	409	6.16432014321717	SYNTHETIC_TEACHING_FIXTURE
speaker_reference_033	speaker_reference	additive_predictor_slope	6.11894231653539	0.326239134345416	409	6.16432014321717	SYNTHETIC_TEACHING_FIXTURE
speaker_reference_034	speaker_reference	additive_predictor_slope	6.20954414683219	0.344024968442823	409	6.16432014321717	SYNTHETIC_TEACHING_FIXTURE
speaker_reference_035	speaker_reference	additive_predictor_slope	6.1606249235068	0.34372063894851	409	6.16432014321717	SYNTHETIC_TEACHING_FIXTURE
speaker_reference_036	speaker_reference	additive_predictor_slope	6.13180611049716	0.32719734330835	409	6.16432014321717	SYNTHETIC_TEACHING_FIXTURE
speaker_reference_037	speaker_reference	additive_predictor_slope	6.21635661985359	0.346979837650503	409	6.16432014321717	SYNTHETIC_TEACHING_FIXTURE
speaker_reference_038	speaker_reference	additive_predictor_slope	6.31899056236713	0.320758478831845	409	6.16432014321717	SYNTHETIC_TEACHING_FIXTURE
speaker_reference_039	speaker_reference	additive_predictor_slope	6.13481250390975	0.356414426580618	409	6.16432014321717	SYNTHETIC_TEACHING_FIXTURE
speaker_reference_040	speaker_reference	additive_predictor_slope	6.17879626956699	0.339525057598723	409	6.16432014321717	SYNTHETIC_TEACHING_FIXTURE
differential_group_001	differential_group	additive_predictor_slope	6.16432014321717	0.329955704541565	409	6.16432014321717	SYNTHETIC_TEACHING_FIXTURE
differential_group_002	differential_group	additive_predictor_slope	6.16432014321717	0.329955704541565	409	6.16432014321717	SYNTHETIC_TEACHING_FIXTURE
differential_group_003	differential_group	additive_predictor_slope	6.16432014321717	0.329955704541565	409	6.16432014321717	SYNTHETIC_TEACHING_FIXTURE
differential_group_004	differential_group	additive_predictor_slope	6.16432014321717	0.329955704541565	409	6.16432014321717	SYNTHETIC_TEACHING_FIXTURE
differential_group_005	differential_group	additive_predictor_slope	6.16432014321717	0.329955704541565	409	6.16432014321717	SYNTHETIC_TEACHING_FIXTURE
differential_group_006	differential_group	additive_predictor_slope	6.16432014321717	0.329955704541565	409	6.16432014321717	SYNTHETIC_TEACHING_FIXTURE
differential_group_007	differential_group	additive_predictor_slope	6.16432014321717	0.329955704541565	409	6.16432014321717	SYNTHETIC_TEACHING_FIXTURE
differential_group_008	differential_group	additive_predictor_slope	6.16432014321717	0.329955704541565	409	6.16432014321717	SYNTHETIC_TEACHING_FIXTURE
differential_group_009	differential_group	additive_predictor_slope	6.16432014321717	0.329955704541565	409	6.16432014321717	SYNTHETIC_TEACHING_FIXTURE
differential_group_010	differential_group	additive_predictor_slope	6.16432014321717	0.329955704541565	409	6.16432014321717	SYNTHETIC_TEACHING_FIXTURE
differential_group_011	differential_group	additive_predictor_slope	6.16432014321717	0.329955704541565	409	6.16432014321717	SYNTHETIC_TEACHING_FIXTURE
differential_group_012	differential_group	additive_predictor_slope	6.16432014321717	0.329955704541565	409	6.16432014321717	SYNTHETIC_TEACHING_FIXTURE
differential_group_013	differential_group	additive_predictor_slope	6.16432014321717	0.329955704541565	409	6.16432014321717	SYNTHETIC_TEACHING_FIXTURE
differential_group_014	differential_group	additive_predictor_slope	6.16432014321717	0.329955704541565	409	6.16432014321717	SYNTHETIC_TEACHING_FIXTURE
differential_group_015	differential_group	additive_predictor_slope	6.16432014321717	0.329955704541565	409	6.16432014321717	SYNTHETIC_TEACHING_FIXTURE
differential_group_016	differential_group	additive_predictor_slope	6.16432014321717	0.329955704541565	409	6.16432014321717	SYNTHETIC_TEACHING_FIXTURE
differential_group_017	differential_group	additive_predictor_slope	6.16432014321717	0.329955704541565	409	6.16432014321717	SYNTHETIC_TEACHING_FIXTURE
differential_group_018	differential_group	additive_predictor_slope	6.16432014321717	0.329955704541565	409	6.16432014321717	SYNTHETIC_TEACHING_FIXTURE
differential_group_019	differential_group	additive_predictor_slope	6.16432014321717	0.329955704541565	409	6.16432014321717	SYNTHETIC_TEACHING_FIXTURE
differential_group_020	differential_group	additive_predictor_slope	6.16432014321717	0.329955704541565	409	6.16432014321717	SYNTHETIC_TEACHING_FIXTURE
differential_group_021	differential_group	additive_predictor_slope	6.16432014321717	0.329955704541565	409	6.16432014321717	SYNTHETIC_TEACHING_FIXTURE
differential_group_022	differential_group	additive_predictor_slope	6.16432014321717	0.329955704541565	409	6.16432014321717	SYNTHETIC_TEACHING_FIXTURE
differential_group_023	differential_group	additive_predictor_slope	6.16432014321717	0.329955704541565	409	6.16432014321717	SYNTHETIC_TEACHING_FIXTURE
differential_group_024	differential_group	additive_predictor_slope	6.16432014321717	0.329955704541565	409	6.16432014321717	SYNTHETIC_TEACHING_FIXTURE
differential_group_025	differential_group	additive_predictor_slope	6.16432014321717	0.329955704541565	409	6.16432014321717	SYNTHETIC_TEACHING_FIXTURE
differential_group_026	differential_group	additive_predictor_slope	6.16432014321718	0.329955704541565	409	6.16432014321717	SYNTHETIC_TEACHING_FIXTURE
differential_group_027	differential_group	additive_predictor_slope	6.16432014321717	0.329955704541565	409	6.16432014321717	SYNTHETIC_TEACHING_FIXTURE
differential_group_028	differential_group	additive_predictor_slope	6.16432014321717	0.329955704541565	409	6.16432014321717	SYNTHETIC_TEACHING_FIXTURE
differential_group_029	differential_group	additive_predictor_slope	6.16432014321717	0.329955704541565	409	6.16432014321717	SYNTHETIC_TEACHING_FIXTURE
differential_group_030	differential_group	additive_predictor_slope	6.16432014321717	0.329955704541565	409	6.16432014321717	SYNTHETIC_TEACHING_FIXTURE
differential_group_031	differential_group	additive_predictor_slope	6.16432014321717	0.329955704541565	409	6.16432014321717	SYNTHETIC_TEACHING_FIXTURE
differential_group_032	differential_group	additive_predictor_slope	6.16432014321717	0.329955704541565	409	6.16432014321717	SYNTHETIC_TEACHING_FIXTURE
differential_group_033	differential_group	additive_predictor_slope	6.16432014321717	0.329955704541565	409	6.16432014321717	SYNTHETIC_TEACHING_FIXTURE
differential_group_034	differential_group	additive_predictor_slope	6.16432014321717	0.329955704541565	409	6.16432014321717	SYNTHETIC_TEACHING_FIXTURE
differential_group_035	differential_group	additive_predictor_slope	6.16432014321717	0.329955704541565	409	6.16432014321717	SYNTHETIC_TEACHING_FIXTURE
differential_group_036	differential_group	additive_predictor_slope	6.16432014321717	0.329955704541565	409	6.16432014321717	SYNTHETIC_TEACHING_FIXTURE
differential_group_037	differential_group	additive_predictor_slope	6.16432014321717	0.329955704541565	409	6.16432014321717	SYNTHETIC_TEACHING_FIXTURE
differential_group_038	differential_group	additive_predictor_slope	6.16432014321717	0.329955704541565	409	6.16432014321717	SYNTHETIC_TEACHING_FIXTURE
differential_group_039	differential_group	additive_predictor_slope	6.16432014321718	0.329955704541565	409	6.16432014321717	SYNTHETIC_TEACHING_FIXTURE
differential_group_040	differential_group	additive_predictor_slope	6.16432014321717	0.329955704541565	409	6.16432014321717	SYNTHETIC_TEACHING_FIXTURE
differential_missingness_001	differential_missingness	additive_predictor_slope	6.10247201533428	0.334667624807931	387	6.16432014321717	SYNTHETIC_TEACHING_FIXTURE
differential_missingness_002	differential_missingness	additive_predictor_slope	6.17629314378165	0.344981614963623	387	6.16432014321717	SYNTHETIC_TEACHING_FIXTURE
differential_missingness_003	differential_missingness	additive_predictor_slope	6.23936826860603	0.345118812289601	387	6.16432014321717	SYNTHETIC_TEACHING_FIXTURE
differential_missingness_004	differential_missingness	additive_predictor_slope	6.09035911574389	0.334969935772291	385	6.16432014321717	SYNTHETIC_TEACHING_FIXTURE
differential_missingness_005	differential_missingness	additive_predictor_slope	6.29782700397369	0.336423537671095	387	6.16432014321717	SYNTHETIC_TEACHING_FIXTURE
differential_missingness_006	differential_missingness	additive_predictor_slope	6.00804446789442	0.329808215050081	382	6.16432014321717	SYNTHETIC_TEACHING_FIXTURE
differential_missingness_007	differential_missingness	additive_predictor_slope	6.06797524087515	0.332297988893295	391	6.16432014321717	SYNTHETIC_TEACHING_FIXTURE
differential_missingness_008	differential_missingness	additive_predictor_slope	6.13241878635381	0.345367091664753	378	6.16432014321717	SYNTHETIC_TEACHING_FIXTURE
differential_missingness_009	differential_missingness	additive_predictor_slope	6.08885098257259	0.332911338202752	380	6.16432014321717	SYNTHETIC_TEACHING_FIXTURE
differential_missingness_010	differential_missingness	additive_predictor_slope	6.14223321433892	0.335016762479611	389	6.16432014321717	SYNTHETIC_TEACHING_FIXTURE
differential_missingness_011	differential_missingness	additive_predictor_slope	6.19353468931002	0.340601763983554	390	6.16432014321717	SYNTHETIC_TEACHING_FIXTURE
differential_missingness_012	differential_missingness	additive_predictor_slope	6.32691529409511	0.342661797802729	389	6.16432014321717	SYNTHETIC_TEACHING_FIXTURE
differential_missingness_013	differential_missingness	additive_predictor_slope	6.28051908115627	0.341242485824588	387	6.16432014321717	SYNTHETIC_TEACHING_FIXTURE
differential_missingness_014	differential_missingness	additive_predictor_slope	6.20181998462227	0.337065747194679	390	6.16432014321717	SYNTHETIC_TEACHING_FIXTURE
differential_missingness_015	differential_missingness	additive_predictor_slope	6.16599204967057	0.330203621053465	377	6.16432014321717	SYNTHETIC_TEACHING_FIXTURE
differential_missingness_016	differential_missingness	additive_predictor_slope	6.00172648123069	0.343518276095416	378	6.16432014321717	SYNTHETIC_TEACHING_FIXTURE
differential_missingness_017	differential_missingness	additive_predictor_slope	6.16136216533265	0.334705068044087	384	6.16432014321717	SYNTHETIC_TEACHING_FIXTURE
differential_missingness_018	differential_missingness	additive_predictor_slope	6.14678565893547	0.343557013789245	383	6.16432014321717	SYNTHETIC_TEACHING_FIXTURE
differential_missingness_019	differential_missingness	additive_predictor_slope	6.25288194524113	0.348473775409404	381	6.16432014321717	SYNTHETIC_TEACHING_FIXTURE
differential_missingness_020	differential_missingness	additive_predictor_slope	6.0783065106755	0.34125661413076	382	6.16432014321717	SYNTHETIC_TEACHING_FIXTURE
differential_missingness_021	differential_missingness	additive_predictor_slope	6.13292435917753	0.33316827081049	387	6.16432014321717	SYNTHETIC_TEACHING_FIXTURE
differential_missingness_022	differential_missingness	additive_predictor_slope	6.12608270840976	0.335687307892768	385	6.16432014321717	SYNTHETIC_TEACHING_FIXTURE
differential_missingness_023	differential_missingness	additive_predictor_slope	6.1174277903072	0.330756014227364	390	6.16432014321717	SYNTHETIC_TEACHING_FIXTURE
differential_missingness_024	differential_missingness	additive_predictor_slope	6.12386768338301	0.337716537841362	388	6.16432014321717	SYNTHETIC_TEACHING_FIXTURE
differential_missingness_025	differential_missingness	additive_predictor_slope	6.27903756798891	0.33538434139329	391	6.16432014321717	SYNTHETIC_TEACHING_FIXTURE
differential_missingness_026	differential_missingness	additive_predictor_slope	6.15991499883537	0.341118355280965	385	6.16432014321717	SYNTHETIC_TEACHING_FIXTURE
differential_missingness_027	differential_missingness	additive_predictor_slope	6.12226685959015	0.331500071472525	390	6.16432014321717	SYNTHETIC_TEACHING_FIXTURE
differential_missingness_028	differential_missingness	additive_predictor_slope	6.11259104115591	0.342287725286455	382	6.16432014321717	SYNTHETIC_TEACHING_FIXTURE
differential_missingness_029	differential_missingness	additive_predictor_slope	6.18192166586342	0.337194512647359	394	6.16432014321717	SYNTHETIC_TEACHING_FIXTURE
differential_missingness_030	differential_missingness	additive_predictor_slope	6.06593135731958	0.33853003497078	389	6.16432014321717	SYNTHETIC_TEACHING_FIXTURE
differential_missingness_031	differential_missingness	additive_predictor_slope	6.10342736708173	0.331321680466675	385	6.16432014321717	SYNTHETIC_TEACHING_FIXTURE
differential_missingness_032	differential_missingness	additive_predictor_slope	6.23541754854758	0.346105178896137	385	6.16432014321717	SYNTHETIC_TEACHING_FIXTURE
differential_missingness_033	differential_missingness	additive_predictor_slope	6.15359780475831	0.339681494511472	390	6.16432014321717	SYNTHETIC_TEACHING_FIXTURE
differential_missingness_034	differential_missingness	additive_predictor_slope	6.29098087022642	0.332629143704551	393	6.16432014321717	SYNTHETIC_TEACHING_FIXTURE
differential_missingness_035	differential_missingness	additive_predictor_slope	6.28723596891936	0.357693653741015	377	6.16432014321717	SYNTHETIC_TEACHING_FIXTURE
differential_missingness_036	differential_missingness	additive_predictor_slope	6.3330062445889	0.339056396223438	384	6.16432014321717	SYNTHETIC_TEACHING_FIXTURE
differential_missingness_037	differential_missingness	additive_predictor_slope	6.02570510043987	0.33832232898769	390	6.16432014321717	SYNTHETIC_TEACHING_FIXTURE
differential_missingness_038	differential_missingness	additive_predictor_slope	6.16564472198273	0.336631937054369	389	6.16432014321717	SYNTHETIC_TEACHING_FIXTURE
differential_missingness_039	differential_missingness	additive_predictor_slope	6.2848526456084	0.34121172585424	386	6.16432014321717	SYNTHETIC_TEACHING_FIXTURE
differential_missingness_040	differential_missingness	additive_predictor_slope	6.20410645079738	0.348071684249453	383	6.16432014321717	SYNTHETIC_TEACHING_FIXTURE
