token_id	source_id	interval_start_s	interval_end_s	duration_ms	included_label	data_status
SYN_TRAJ_001	SOURCE_SYN_TRAJ_001	2.0	2.294	294	synthetic_phrase	SYNTHETIC_TEACHING_FIXTURE
SYN_TRAJ_002	SOURCE_SYN_TRAJ_002	4.0	4.437	437	synthetic_phrase	SYNTHETIC_TEACHING_FIXTURE
SYN_TRAJ_003	SOURCE_SYN_TRAJ_003	6.0	6.261	261	synthetic_phrase	SYNTHETIC_TEACHING_FIXTURE
SYN_TRAJ_004	SOURCE_SYN_TRAJ_004	8.0	8.44	440	synthetic_phrase	SYNTHETIC_TEACHING_FIXTURE
SYN_TRAJ_005	SOURCE_SYN_TRAJ_005	10.0	10.334	334	synthetic_phrase	SYNTHETIC_TEACHING_FIXTURE
SYN_TRAJ_006	SOURCE_SYN_TRAJ_006	12.0	12.463	463	synthetic_phrase	SYNTHETIC_TEACHING_FIXTURE
SYN_TRAJ_007	SOURCE_SYN_TRAJ_007	14.0	14.329	329	synthetic_phrase	SYNTHETIC_TEACHING_FIXTURE
SYN_TRAJ_008	SOURCE_SYN_TRAJ_008	16.0	16.447	447	synthetic_phrase	SYNTHETIC_TEACHING_FIXTURE
SYN_TRAJ_009	SOURCE_SYN_TRAJ_009	18.0	18.281	281	synthetic_phrase	SYNTHETIC_TEACHING_FIXTURE
SYN_TRAJ_010	SOURCE_SYN_TRAJ_010	20.0	20.508	508	synthetic_phrase	SYNTHETIC_TEACHING_FIXTURE
SYN_TRAJ_011	SOURCE_SYN_TRAJ_011	22.0	22.333	333	synthetic_phrase	SYNTHETIC_TEACHING_FIXTURE
SYN_TRAJ_012	SOURCE_SYN_TRAJ_012	24.0	24.436	436	synthetic_phrase	SYNTHETIC_TEACHING_FIXTURE
SYN_TRAJ_013	SOURCE_SYN_TRAJ_013	26.0	26.303	303	synthetic_phrase	SYNTHETIC_TEACHING_FIXTURE
SYN_TRAJ_014	SOURCE_SYN_TRAJ_014	28.0	28.471	471	synthetic_phrase	SYNTHETIC_TEACHING_FIXTURE
SYN_TRAJ_015	SOURCE_SYN_TRAJ_015	30.0	30.335	335	synthetic_phrase	SYNTHETIC_TEACHING_FIXTURE
SYN_TRAJ_016	SOURCE_SYN_TRAJ_016	32.0	32.445	445	synthetic_phrase	SYNTHETIC_TEACHING_FIXTURE
SYN_TRAJ_017	SOURCE_SYN_TRAJ_017	34.0	34.262	262	synthetic_phrase	SYNTHETIC_TEACHING_FIXTURE
SYN_TRAJ_018	SOURCE_SYN_TRAJ_018	36.0	36.439	439	synthetic_phrase	SYNTHETIC_TEACHING_FIXTURE
SYN_TRAJ_019	SOURCE_SYN_TRAJ_019	38.0	38.283	283	synthetic_phrase	SYNTHETIC_TEACHING_FIXTURE
SYN_TRAJ_020	SOURCE_SYN_TRAJ_020	40.0	40.476	476	synthetic_phrase	SYNTHETIC_TEACHING_FIXTURE
SYN_TRAJ_021	SOURCE_SYN_TRAJ_021	42.0	42.288	288	synthetic_phrase	SYNTHETIC_TEACHING_FIXTURE
SYN_TRAJ_022	SOURCE_SYN_TRAJ_022	44.0	44.435	435	synthetic_phrase	SYNTHETIC_TEACHING_FIXTURE
SYN_TRAJ_023	SOURCE_SYN_TRAJ_023	46.0	46.325	325	synthetic_phrase	SYNTHETIC_TEACHING_FIXTURE
SYN_TRAJ_024	SOURCE_SYN_TRAJ_024	48.0	48.498	498	synthetic_phrase	SYNTHETIC_TEACHING_FIXTURE
SYN_TRAJ_025	SOURCE_SYN_TRAJ_025	50.0	50.296	296	synthetic_phrase	SYNTHETIC_TEACHING_FIXTURE
SYN_TRAJ_026	SOURCE_SYN_TRAJ_026	52.0	52.471	471	synthetic_phrase	SYNTHETIC_TEACHING_FIXTURE
SYN_TRAJ_027	SOURCE_SYN_TRAJ_027	54.0	54.34	340	synthetic_phrase	SYNTHETIC_TEACHING_FIXTURE
SYN_TRAJ_028	SOURCE_SYN_TRAJ_028	56.0	56.513	513	synthetic_phrase	SYNTHETIC_TEACHING_FIXTURE
SYN_TRAJ_029	SOURCE_SYN_TRAJ_029	58.0	58.296	296	synthetic_phrase	SYNTHETIC_TEACHING_FIXTURE
SYN_TRAJ_030	SOURCE_SYN_TRAJ_030	60.0	60.422	422	synthetic_phrase	SYNTHETIC_TEACHING_FIXTURE
SYN_TRAJ_031	SOURCE_SYN_TRAJ_031	62.0	62.321	321	synthetic_phrase	SYNTHETIC_TEACHING_FIXTURE
SYN_TRAJ_032	SOURCE_SYN_TRAJ_032	64.0	64.48	480	synthetic_phrase	SYNTHETIC_TEACHING_FIXTURE
SYN_TRAJ_033	SOURCE_SYN_TRAJ_033	66.0	66.32	320	synthetic_phrase	SYNTHETIC_TEACHING_FIXTURE
SYN_TRAJ_034	SOURCE_SYN_TRAJ_034	68.0	68.461	461	synthetic_phrase	SYNTHETIC_TEACHING_FIXTURE
SYN_TRAJ_035	SOURCE_SYN_TRAJ_035	70.0	70.311	311	synthetic_phrase	SYNTHETIC_TEACHING_FIXTURE
SYN_TRAJ_036	SOURCE_SYN_TRAJ_036	72.0	72.494	494	synthetic_phrase	SYNTHETIC_TEACHING_FIXTURE
SYN_TRAJ_037	SOURCE_SYN_TRAJ_037	74.0	74.327	327	synthetic_phrase	SYNTHETIC_TEACHING_FIXTURE
SYN_TRAJ_038	SOURCE_SYN_TRAJ_038	76.0	76.428	428	synthetic_phrase	SYNTHETIC_TEACHING_FIXTURE
SYN_TRAJ_039	SOURCE_SYN_TRAJ_039	78.0	78.269	269	synthetic_phrase	SYNTHETIC_TEACHING_FIXTURE
SYN_TRAJ_040	SOURCE_SYN_TRAJ_040	80.0	80.512	512	synthetic_phrase	SYNTHETIC_TEACHING_FIXTURE
SYN_TRAJ_041	SOURCE_SYN_TRAJ_041	82.0	82.336	336	synthetic_phrase	SYNTHETIC_TEACHING_FIXTURE
SYN_TRAJ_042	SOURCE_SYN_TRAJ_042	84.0	84.516	516	synthetic_phrase	SYNTHETIC_TEACHING_FIXTURE
SYN_TRAJ_043	SOURCE_SYN_TRAJ_043	86.0	86.289	289	synthetic_phrase	SYNTHETIC_TEACHING_FIXTURE
SYN_TRAJ_044	SOURCE_SYN_TRAJ_044	88.0	88.5	500	synthetic_phrase	SYNTHETIC_TEACHING_FIXTURE
SYN_TRAJ_045	SOURCE_SYN_TRAJ_045	90.0	90.295	295	synthetic_phrase	SYNTHETIC_TEACHING_FIXTURE
SYN_TRAJ_046	SOURCE_SYN_TRAJ_046	92.0	92.47	470	synthetic_phrase	SYNTHETIC_TEACHING_FIXTURE
SYN_TRAJ_047	SOURCE_SYN_TRAJ_047	94.0	94.267	267	synthetic_phrase	SYNTHETIC_TEACHING_FIXTURE
SYN_TRAJ_048	SOURCE_SYN_TRAJ_048	96.0	96.482	482	synthetic_phrase	SYNTHETIC_TEACHING_FIXTURE
SYN_TRAJ_049	SOURCE_SYN_TRAJ_049	98.0	98.279	279	synthetic_phrase	SYNTHETIC_TEACHING_FIXTURE
SYN_TRAJ_050	SOURCE_SYN_TRAJ_050	100.0	100.501	501	synthetic_phrase	SYNTHETIC_TEACHING_FIXTURE
SYN_TRAJ_051	SOURCE_SYN_TRAJ_051	102.0	102.276	276	synthetic_phrase	SYNTHETIC_TEACHING_FIXTURE
SYN_TRAJ_052	SOURCE_SYN_TRAJ_052	104.0	104.424	424	synthetic_phrase	SYNTHETIC_TEACHING_FIXTURE
SYN_TRAJ_053	SOURCE_SYN_TRAJ_053	106.0	106.323	323	synthetic_phrase	SYNTHETIC_TEACHING_FIXTURE
SYN_TRAJ_054	SOURCE_SYN_TRAJ_054	108.0	108.458	458	synthetic_phrase	SYNTHETIC_TEACHING_FIXTURE
SYN_TRAJ_055	SOURCE_SYN_TRAJ_055	110.0	110.281	281	synthetic_phrase	SYNTHETIC_TEACHING_FIXTURE
SYN_TRAJ_056	SOURCE_SYN_TRAJ_056	112.0	112.438	438	synthetic_phrase	SYNTHETIC_TEACHING_FIXTURE
SYN_TRAJ_057	SOURCE_SYN_TRAJ_057	114.0	114.306	306	synthetic_phrase	SYNTHETIC_TEACHING_FIXTURE
SYN_TRAJ_058	SOURCE_SYN_TRAJ_058	116.0	116.482	482	synthetic_phrase	SYNTHETIC_TEACHING_FIXTURE
SYN_TRAJ_059	SOURCE_SYN_TRAJ_059	118.0	118.31	310	synthetic_phrase	SYNTHETIC_TEACHING_FIXTURE
SYN_TRAJ_060	SOURCE_SYN_TRAJ_060	120.0	120.441	441	synthetic_phrase	SYNTHETIC_TEACHING_FIXTURE
SYN_TRAJ_061	SOURCE_SYN_TRAJ_061	122.0	122.307	307	synthetic_phrase	SYNTHETIC_TEACHING_FIXTURE
SYN_TRAJ_062	SOURCE_SYN_TRAJ_062	124.0	124.509	509	synthetic_phrase	SYNTHETIC_TEACHING_FIXTURE
SYN_TRAJ_063	SOURCE_SYN_TRAJ_063	126.0	126.323	323	synthetic_phrase	SYNTHETIC_TEACHING_FIXTURE
SYN_TRAJ_064	SOURCE_SYN_TRAJ_064	128.0	128.448	448	synthetic_phrase	SYNTHETIC_TEACHING_FIXTURE
SYN_TRAJ_065	SOURCE_SYN_TRAJ_065	130.0	130.338	338	synthetic_phrase	SYNTHETIC_TEACHING_FIXTURE
SYN_TRAJ_066	SOURCE_SYN_TRAJ_066	132.0	132.436	436	synthetic_phrase	SYNTHETIC_TEACHING_FIXTURE
SYN_TRAJ_067	SOURCE_SYN_TRAJ_067	134.0	134.336	336	synthetic_phrase	SYNTHETIC_TEACHING_FIXTURE
SYN_TRAJ_068	SOURCE_SYN_TRAJ_068	136.0	136.486	486	synthetic_phrase	SYNTHETIC_TEACHING_FIXTURE
SYN_TRAJ_069	SOURCE_SYN_TRAJ_069	138.0	138.264	264	synthetic_phrase	SYNTHETIC_TEACHING_FIXTURE
SYN_TRAJ_070	SOURCE_SYN_TRAJ_070	140.0	140.42	420	synthetic_phrase	SYNTHETIC_TEACHING_FIXTURE
SYN_TRAJ_071	SOURCE_SYN_TRAJ_071	142.0	142.308	308	synthetic_phrase	SYNTHETIC_TEACHING_FIXTURE
SYN_TRAJ_072	SOURCE_SYN_TRAJ_072	144.0	144.497	497	synthetic_phrase	SYNTHETIC_TEACHING_FIXTURE
SYN_TRAJ_073	SOURCE_SYN_TRAJ_073	146.0	146.332	332	synthetic_phrase	SYNTHETIC_TEACHING_FIXTURE
SYN_TRAJ_074	SOURCE_SYN_TRAJ_074	148.0	148.441	441	synthetic_phrase	SYNTHETIC_TEACHING_FIXTURE
SYN_TRAJ_075	SOURCE_SYN_TRAJ_075	150.0	150.34	340	synthetic_phrase	SYNTHETIC_TEACHING_FIXTURE
SYN_TRAJ_076	SOURCE_SYN_TRAJ_076	152.0	152.495	495	synthetic_phrase	SYNTHETIC_TEACHING_FIXTURE
SYN_TRAJ_077	SOURCE_SYN_TRAJ_077	154.0	154.265	265	synthetic_phrase	SYNTHETIC_TEACHING_FIXTURE
SYN_TRAJ_078	SOURCE_SYN_TRAJ_078	156.0	156.449	449	synthetic_phrase	SYNTHETIC_TEACHING_FIXTURE
SYN_TRAJ_079	SOURCE_SYN_TRAJ_079	158.0	158.317	317	synthetic_phrase	SYNTHETIC_TEACHING_FIXTURE
SYN_TRAJ_080	SOURCE_SYN_TRAJ_080	160.0	160.519	519	synthetic_phrase	SYNTHETIC_TEACHING_FIXTURE
SYN_TRAJ_081	SOURCE_SYN_TRAJ_081	162.0	162.306	306	synthetic_phrase	SYNTHETIC_TEACHING_FIXTURE
SYN_TRAJ_082	SOURCE_SYN_TRAJ_082	164.0	164.484	484	synthetic_phrase	SYNTHETIC_TEACHING_FIXTURE
SYN_TRAJ_083	SOURCE_SYN_TRAJ_083	166.0	166.305	305	synthetic_phrase	SYNTHETIC_TEACHING_FIXTURE
SYN_TRAJ_084	SOURCE_SYN_TRAJ_084	168.0	168.497	497	synthetic_phrase	SYNTHETIC_TEACHING_FIXTURE
SYN_TRAJ_085	SOURCE_SYN_TRAJ_085	170.0	170.294	294	synthetic_phrase	SYNTHETIC_TEACHING_FIXTURE
SYN_TRAJ_086	SOURCE_SYN_TRAJ_086	172.0	172.42	420	synthetic_phrase	SYNTHETIC_TEACHING_FIXTURE
SYN_TRAJ_087	SOURCE_SYN_TRAJ_087	174.0	174.266	266	synthetic_phrase	SYNTHETIC_TEACHING_FIXTURE
SYN_TRAJ_088	SOURCE_SYN_TRAJ_088	176.0	176.488	488	synthetic_phrase	SYNTHETIC_TEACHING_FIXTURE
SYN_TRAJ_089	SOURCE_SYN_TRAJ_089	178.0	178.288	288	synthetic_phrase	SYNTHETIC_TEACHING_FIXTURE
SYN_TRAJ_090	SOURCE_SYN_TRAJ_090	180.0	180.466	466	synthetic_phrase	SYNTHETIC_TEACHING_FIXTURE
SYN_TRAJ_091	SOURCE_SYN_TRAJ_091	182.0	182.31	310	synthetic_phrase	SYNTHETIC_TEACHING_FIXTURE
SYN_TRAJ_092	SOURCE_SYN_TRAJ_092	184.0	184.5	500	synthetic_phrase	SYNTHETIC_TEACHING_FIXTURE
SYN_TRAJ_093	SOURCE_SYN_TRAJ_093	186.0	186.34	340	synthetic_phrase	SYNTHETIC_TEACHING_FIXTURE
SYN_TRAJ_094	SOURCE_SYN_TRAJ_094	188.0	188.435	435	synthetic_phrase	SYNTHETIC_TEACHING_FIXTURE
SYN_TRAJ_095	SOURCE_SYN_TRAJ_095	190.0	190.279	279	synthetic_phrase	SYNTHETIC_TEACHING_FIXTURE
SYN_TRAJ_096	SOURCE_SYN_TRAJ_096	192.0	192.433	433	synthetic_phrase	SYNTHETIC_TEACHING_FIXTURE
