speaker_id	sample_group	sentence_set	segmentation_profile	unit_index	vowel_duration_ms	consonant_duration_ms	data_status
SYN_PROS_SPK_01	SYN_GROUP_A	SET_1	primary	1	69.1344	140.8926	SYNTHETIC_TEACHING_FIXTURE
SYN_PROS_SPK_01	SYN_GROUP_A	SET_1	primary	2	94.5412	171.9937	SYNTHETIC_TEACHING_FIXTURE
SYN_PROS_SPK_01	SYN_GROUP_A	SET_1	primary	3	83.2438	80.9699	SYNTHETIC_TEACHING_FIXTURE
SYN_PROS_SPK_01	SYN_GROUP_A	SET_1	primary	4	103.6497	63.4766	SYNTHETIC_TEACHING_FIXTURE
SYN_PROS_SPK_01	SYN_GROUP_A	SET_1	primary	5	97.0409	166.6061	SYNTHETIC_TEACHING_FIXTURE
SYN_PROS_SPK_01	SYN_GROUP_A	SET_1	primary	6	85.5799	146.8897	SYNTHETIC_TEACHING_FIXTURE
SYN_PROS_SPK_01	SYN_GROUP_A	SET_1	primary	7	67.8289	146.6009	SYNTHETIC_TEACHING_FIXTURE
SYN_PROS_SPK_01	SYN_GROUP_A	SET_1	primary	8	74.9537	120.2491	SYNTHETIC_TEACHING_FIXTURE
SYN_PROS_SPK_01	SYN_GROUP_A	SET_1	primary	9	123.1408	132.883	SYNTHETIC_TEACHING_FIXTURE
SYN_PROS_SPK_01	SYN_GROUP_A	SET_1	primary	10	106.4317	71.2599	SYNTHETIC_TEACHING_FIXTURE
SYN_PROS_SPK_01	SYN_GROUP_A	SET_1	alternative	1	138.0239	87.9555	SYNTHETIC_TEACHING_FIXTURE
SYN_PROS_SPK_01	SYN_GROUP_A	SET_1	alternative	2	122.5182	120.1417	SYNTHETIC_TEACHING_FIXTURE
SYN_PROS_SPK_01	SYN_GROUP_A	SET_1	alternative	3	86.5406	114.7152	SYNTHETIC_TEACHING_FIXTURE
SYN_PROS_SPK_01	SYN_GROUP_A	SET_1	alternative	4	127.1476	134.4757	SYNTHETIC_TEACHING_FIXTURE
SYN_PROS_SPK_01	SYN_GROUP_A	SET_1	alternative	5	79.4814	93.9319	SYNTHETIC_TEACHING_FIXTURE
SYN_PROS_SPK_01	SYN_GROUP_A	SET_1	alternative	6	124.4302	86.834	SYNTHETIC_TEACHING_FIXTURE
SYN_PROS_SPK_01	SYN_GROUP_A	SET_1	alternative	7	141.3526	124.5369	SYNTHETIC_TEACHING_FIXTURE
SYN_PROS_SPK_01	SYN_GROUP_A	SET_1	alternative	8	78.8038	69.5562	SYNTHETIC_TEACHING_FIXTURE
SYN_PROS_SPK_01	SYN_GROUP_A	SET_1	alternative	9	129.5378	62.759	SYNTHETIC_TEACHING_FIXTURE
SYN_PROS_SPK_01	SYN_GROUP_A	SET_1	alternative	10	129.5321	126.8665	SYNTHETIC_TEACHING_FIXTURE
SYN_PROS_SPK_01	SYN_GROUP_A	SET_2	primary	1	102.382	56.6197	SYNTHETIC_TEACHING_FIXTURE
SYN_PROS_SPK_01	SYN_GROUP_A	SET_2	primary	2	80.9223	106.7595	SYNTHETIC_TEACHING_FIXTURE
SYN_PROS_SPK_01	SYN_GROUP_A	SET_2	primary	3	89.3013	174.5606	SYNTHETIC_TEACHING_FIXTURE
SYN_PROS_SPK_01	SYN_GROUP_A	SET_2	primary	4	91.8215	105.518	SYNTHETIC_TEACHING_FIXTURE
SYN_PROS_SPK_01	SYN_GROUP_A	SET_2	primary	5	65.8488	157.192	SYNTHETIC_TEACHING_FIXTURE
SYN_PROS_SPK_01	SYN_GROUP_A	SET_2	primary	6	136.9543	94.5291	SYNTHETIC_TEACHING_FIXTURE
SYN_PROS_SPK_01	SYN_GROUP_A	SET_2	primary	7	87.472	55.2886	SYNTHETIC_TEACHING_FIXTURE
SYN_PROS_SPK_01	SYN_GROUP_A	SET_2	primary	8	109.7516	85.4785	SYNTHETIC_TEACHING_FIXTURE
SYN_PROS_SPK_01	SYN_GROUP_A	SET_2	primary	9	110.8402	162.9267	SYNTHETIC_TEACHING_FIXTURE
SYN_PROS_SPK_01	SYN_GROUP_A	SET_2	primary	10	78.2214	80.6034	SYNTHETIC_TEACHING_FIXTURE
SYN_PROS_SPK_01	SYN_GROUP_A	SET_2	alternative	1	117.3894	137.8658	SYNTHETIC_TEACHING_FIXTURE
SYN_PROS_SPK_01	SYN_GROUP_A	SET_2	alternative	2	69.2376	116.9387	SYNTHETIC_TEACHING_FIXTURE
SYN_PROS_SPK_01	SYN_GROUP_A	SET_2	alternative	3	130.9203	157.6212	SYNTHETIC_TEACHING_FIXTURE
SYN_PROS_SPK_01	SYN_GROUP_A	SET_2	alternative	4	132.11	113.1495	SYNTHETIC_TEACHING_FIXTURE
SYN_PROS_SPK_01	SYN_GROUP_A	SET_2	alternative	5	141.0215	116.7216	SYNTHETIC_TEACHING_FIXTURE
SYN_PROS_SPK_01	SYN_GROUP_A	SET_2	alternative	6	95.5554	168.2519	SYNTHETIC_TEACHING_FIXTURE
SYN_PROS_SPK_01	SYN_GROUP_A	SET_2	alternative	7	133.5738	103.1395	SYNTHETIC_TEACHING_FIXTURE
SYN_PROS_SPK_01	SYN_GROUP_A	SET_2	alternative	8	110.6855	82.0133	SYNTHETIC_TEACHING_FIXTURE
SYN_PROS_SPK_01	SYN_GROUP_A	SET_2	alternative	9	80.8166	107.977	SYNTHETIC_TEACHING_FIXTURE
SYN_PROS_SPK_01	SYN_GROUP_A	SET_2	alternative	10	127.0336	77.2953	SYNTHETIC_TEACHING_FIXTURE
SYN_PROS_SPK_01	SYN_GROUP_A	SET_3	primary	1	127.1057	168.0996	SYNTHETIC_TEACHING_FIXTURE
SYN_PROS_SPK_01	SYN_GROUP_A	SET_3	primary	2	127.1304	135.2101	SYNTHETIC_TEACHING_FIXTURE
SYN_PROS_SPK_01	SYN_GROUP_A	SET_3	primary	3	126.0116	178.8228	SYNTHETIC_TEACHING_FIXTURE
SYN_PROS_SPK_01	SYN_GROUP_A	SET_3	primary	4	97.2446	90.4702	SYNTHETIC_TEACHING_FIXTURE
SYN_PROS_SPK_01	SYN_GROUP_A	SET_3	primary	5	93.5974	93.9211	SYNTHETIC_TEACHING_FIXTURE
SYN_PROS_SPK_01	SYN_GROUP_A	SET_3	primary	6	117.3845	91.7852	SYNTHETIC_TEACHING_FIXTURE
SYN_PROS_SPK_01	SYN_GROUP_A	SET_3	primary	7	156.6172	136.6895	SYNTHETIC_TEACHING_FIXTURE
SYN_PROS_SPK_01	SYN_GROUP_A	SET_3	primary	8	138.3399	121.3242	SYNTHETIC_TEACHING_FIXTURE
SYN_PROS_SPK_01	SYN_GROUP_A	SET_3	primary	9	109.8313	77.4165	SYNTHETIC_TEACHING_FIXTURE
SYN_PROS_SPK_01	SYN_GROUP_A	SET_3	primary	10	150.2238	67.2246	SYNTHETIC_TEACHING_FIXTURE
SYN_PROS_SPK_01	SYN_GROUP_A	SET_3	alternative	1	106.8243	59.1256	SYNTHETIC_TEACHING_FIXTURE
SYN_PROS_SPK_01	SYN_GROUP_A	SET_3	alternative	2	116.2251	141.0674	SYNTHETIC_TEACHING_FIXTURE
SYN_PROS_SPK_01	SYN_GROUP_A	SET_3	alternative	3	68.4641	101.5218	SYNTHETIC_TEACHING_FIXTURE
SYN_PROS_SPK_01	SYN_GROUP_A	SET_3	alternative	4	155.761	125.6461	SYNTHETIC_TEACHING_FIXTURE
SYN_PROS_SPK_01	SYN_GROUP_A	SET_3	alternative	5	69.1379	139.9069	SYNTHETIC_TEACHING_FIXTURE
SYN_PROS_SPK_01	SYN_GROUP_A	SET_3	alternative	6	90.6437	159.6025	SYNTHETIC_TEACHING_FIXTURE
SYN_PROS_SPK_01	SYN_GROUP_A	SET_3	alternative	7	152.6636	100.6291	SYNTHETIC_TEACHING_FIXTURE
SYN_PROS_SPK_01	SYN_GROUP_A	SET_3	alternative	8	139.6823	174.4326	SYNTHETIC_TEACHING_FIXTURE
SYN_PROS_SPK_01	SYN_GROUP_A	SET_3	alternative	9	119.7239	96.2369	SYNTHETIC_TEACHING_FIXTURE
SYN_PROS_SPK_01	SYN_GROUP_A	SET_3	alternative	10	127.871	136.3724	SYNTHETIC_TEACHING_FIXTURE
SYN_PROS_SPK_01	SYN_GROUP_A	SET_4	primary	1	94.0791	121.1486	SYNTHETIC_TEACHING_FIXTURE
SYN_PROS_SPK_01	SYN_GROUP_A	SET_4	primary	2	79.5448	64.4034	SYNTHETIC_TEACHING_FIXTURE
SYN_PROS_SPK_01	SYN_GROUP_A	SET_4	primary	3	101.0852	155.5212	SYNTHETIC_TEACHING_FIXTURE
SYN_PROS_SPK_01	SYN_GROUP_A	SET_4	primary	4	80.8029	117.6254	SYNTHETIC_TEACHING_FIXTURE
SYN_PROS_SPK_01	SYN_GROUP_A	SET_4	primary	5	101.7996	95.0572	SYNTHETIC_TEACHING_FIXTURE
SYN_PROS_SPK_01	SYN_GROUP_A	SET_4	primary	6	126.7748	71.6643	SYNTHETIC_TEACHING_FIXTURE
SYN_PROS_SPK_01	SYN_GROUP_A	SET_4	primary	7	80.3961	162.1204	SYNTHETIC_TEACHING_FIXTURE
SYN_PROS_SPK_01	SYN_GROUP_A	SET_4	primary	8	71.1759	162.0687	SYNTHETIC_TEACHING_FIXTURE
SYN_PROS_SPK_01	SYN_GROUP_A	SET_4	primary	9	74.3254	144.8317	SYNTHETIC_TEACHING_FIXTURE
SYN_PROS_SPK_01	SYN_GROUP_A	SET_4	primary	10	136.2672	131.6273	SYNTHETIC_TEACHING_FIXTURE
SYN_PROS_SPK_01	SYN_GROUP_A	SET_4	alternative	1	83.7157	175.426	SYNTHETIC_TEACHING_FIXTURE
SYN_PROS_SPK_01	SYN_GROUP_A	SET_4	alternative	2	102.466	86.0478	SYNTHETIC_TEACHING_FIXTURE
SYN_PROS_SPK_01	SYN_GROUP_A	SET_4	alternative	3	106.1863	169.7608	SYNTHETIC_TEACHING_FIXTURE
SYN_PROS_SPK_01	SYN_GROUP_A	SET_4	alternative	4	155.0481	81.9816	SYNTHETIC_TEACHING_FIXTURE
SYN_PROS_SPK_01	SYN_GROUP_A	SET_4	alternative	5	68.0875	91.4356	SYNTHETIC_TEACHING_FIXTURE
SYN_PROS_SPK_01	SYN_GROUP_A	SET_4	alternative	6	131.6478	79.0789	SYNTHETIC_TEACHING_FIXTURE
SYN_PROS_SPK_01	SYN_GROUP_A	SET_4	alternative	7	121.9971	108.3962	SYNTHETIC_TEACHING_FIXTURE
SYN_PROS_SPK_01	SYN_GROUP_A	SET_4	alternative	8	85.6365	179.2908	SYNTHETIC_TEACHING_FIXTURE
SYN_PROS_SPK_01	SYN_GROUP_A	SET_4	alternative	9	127.3914	120.3948	SYNTHETIC_TEACHING_FIXTURE
SYN_PROS_SPK_01	SYN_GROUP_A	SET_4	alternative	10	105.1296	105.7947	SYNTHETIC_TEACHING_FIXTURE
SYN_PROS_SPK_02	SYN_GROUP_A	SET_1	primary	1	69.3461	76.8507	SYNTHETIC_TEACHING_FIXTURE
SYN_PROS_SPK_02	SYN_GROUP_A	SET_1	primary	2	83.5649	102.2184	SYNTHETIC_TEACHING_FIXTURE
SYN_PROS_SPK_02	SYN_GROUP_A	SET_1	primary	3	136.1245	142.8256	SYNTHETIC_TEACHING_FIXTURE
SYN_PROS_SPK_02	SYN_GROUP_A	SET_1	primary	4	112.3059	87.7304	SYNTHETIC_TEACHING_FIXTURE
SYN_PROS_SPK_02	SYN_GROUP_A	SET_1	primary	5	136.7392	158.8727	SYNTHETIC_TEACHING_FIXTURE
SYN_PROS_SPK_02	SYN_GROUP_A	SET_1	primary	6	148.9259	135.8315	SYNTHETIC_TEACHING_FIXTURE
SYN_PROS_SPK_02	SYN_GROUP_A	SET_1	primary	7	85.434	151.4306	SYNTHETIC_TEACHING_FIXTURE
SYN_PROS_SPK_02	SYN_GROUP_A	SET_1	primary	8	100.3775	77.7629	SYNTHETIC_TEACHING_FIXTURE
SYN_PROS_SPK_02	SYN_GROUP_A	SET_1	primary	9	88.7761	175.9493	SYNTHETIC_TEACHING_FIXTURE
SYN_PROS_SPK_02	SYN_GROUP_A	SET_1	primary	10	80.5447	55.599	SYNTHETIC_TEACHING_FIXTURE
SYN_PROS_SPK_02	SYN_GROUP_A	SET_1	alternative	1	116.6662	141.7883	SYNTHETIC_TEACHING_FIXTURE
SYN_PROS_SPK_02	SYN_GROUP_A	SET_1	alternative	2	126.148	58.2695	SYNTHETIC_TEACHING_FIXTURE
SYN_PROS_SPK_02	SYN_GROUP_A	SET_1	alternative	3	98.888	124.2273	SYNTHETIC_TEACHING_FIXTURE
SYN_PROS_SPK_02	SYN_GROUP_A	SET_1	alternative	4	116.1062	153.4439	SYNTHETIC_TEACHING_FIXTURE
SYN_PROS_SPK_02	SYN_GROUP_A	SET_1	alternative	5	135.9251	76.8626	SYNTHETIC_TEACHING_FIXTURE
SYN_PROS_SPK_02	SYN_GROUP_A	SET_1	alternative	6	77.5006	81.2195	SYNTHETIC_TEACHING_FIXTURE
SYN_PROS_SPK_02	SYN_GROUP_A	SET_1	alternative	7	89.0823	89.7057	SYNTHETIC_TEACHING_FIXTURE
SYN_PROS_SPK_02	SYN_GROUP_A	SET_1	alternative	8	68.8159	169.6481	SYNTHETIC_TEACHING_FIXTURE
SYN_PROS_SPK_02	SYN_GROUP_A	SET_1	alternative	9	117.5278	147.3788	SYNTHETIC_TEACHING_FIXTURE
SYN_PROS_SPK_02	SYN_GROUP_A	SET_1	alternative	10	103.4524	81.0072	SYNTHETIC_TEACHING_FIXTURE
SYN_PROS_SPK_02	SYN_GROUP_A	SET_2	primary	1	89.2614	108.8991	SYNTHETIC_TEACHING_FIXTURE
SYN_PROS_SPK_02	SYN_GROUP_A	SET_2	primary	2	95.0269	85.8648	SYNTHETIC_TEACHING_FIXTURE
SYN_PROS_SPK_02	SYN_GROUP_A	SET_2	primary	3	81.7537	97.1998	SYNTHETIC_TEACHING_FIXTURE
SYN_PROS_SPK_02	SYN_GROUP_A	SET_2	primary	4	135.6512	156.3965	SYNTHETIC_TEACHING_FIXTURE
SYN_PROS_SPK_02	SYN_GROUP_A	SET_2	primary	5	112.0315	56.2498	SYNTHETIC_TEACHING_FIXTURE
SYN_PROS_SPK_02	SYN_GROUP_A	SET_2	primary	6	80.0338	104.3714	SYNTHETIC_TEACHING_FIXTURE
SYN_PROS_SPK_02	SYN_GROUP_A	SET_2	primary	7	104.9106	119.7988	SYNTHETIC_TEACHING_FIXTURE
SYN_PROS_SPK_02	SYN_GROUP_A	SET_2	primary	8	106.8489	150.7652	SYNTHETIC_TEACHING_FIXTURE
SYN_PROS_SPK_02	SYN_GROUP_A	SET_2	primary	9	99.0109	122.0532	SYNTHETIC_TEACHING_FIXTURE
SYN_PROS_SPK_02	SYN_GROUP_A	SET_2	primary	10	77.3743	161.2464	SYNTHETIC_TEACHING_FIXTURE
SYN_PROS_SPK_02	SYN_GROUP_A	SET_2	alternative	1	136.995	142.23	SYNTHETIC_TEACHING_FIXTURE
SYN_PROS_SPK_02	SYN_GROUP_A	SET_2	alternative	2	127.7981	103.059	SYNTHETIC_TEACHING_FIXTURE
SYN_PROS_SPK_02	SYN_GROUP_A	SET_2	alternative	3	149.9009	100.8765	SYNTHETIC_TEACHING_FIXTURE
SYN_PROS_SPK_02	SYN_GROUP_A	SET_2	alternative	4	129.2004	134.9574	SYNTHETIC_TEACHING_FIXTURE
SYN_PROS_SPK_02	SYN_GROUP_A	SET_2	alternative	5	126.027	161.1119	SYNTHETIC_TEACHING_FIXTURE
SYN_PROS_SPK_02	SYN_GROUP_A	SET_2	alternative	6	138.6558	78.3298	SYNTHETIC_TEACHING_FIXTURE
SYN_PROS_SPK_02	SYN_GROUP_A	SET_2	alternative	7	76.2147	129.8306	SYNTHETIC_TEACHING_FIXTURE
SYN_PROS_SPK_02	SYN_GROUP_A	SET_2	alternative	8	64.5233	106.2531	SYNTHETIC_TEACHING_FIXTURE
SYN_PROS_SPK_02	SYN_GROUP_A	SET_2	alternative	9	112.8217	167.8547	SYNTHETIC_TEACHING_FIXTURE
SYN_PROS_SPK_02	SYN_GROUP_A	SET_2	alternative	10	78.0445	85.0067	SYNTHETIC_TEACHING_FIXTURE
SYN_PROS_SPK_02	SYN_GROUP_A	SET_3	primary	1	74.6517	78.8615	SYNTHETIC_TEACHING_FIXTURE
SYN_PROS_SPK_02	SYN_GROUP_A	SET_3	primary	2	111.441	120.0716	SYNTHETIC_TEACHING_FIXTURE
SYN_PROS_SPK_02	SYN_GROUP_A	SET_3	primary	3	127.2985	110.9077	SYNTHETIC_TEACHING_FIXTURE
SYN_PROS_SPK_02	SYN_GROUP_A	SET_3	primary	4	156.687	158.8983	SYNTHETIC_TEACHING_FIXTURE
SYN_PROS_SPK_02	SYN_GROUP_A	SET_3	primary	5	111.3779	166.0995	SYNTHETIC_TEACHING_FIXTURE
SYN_PROS_SPK_02	SYN_GROUP_A	SET_3	primary	6	131.9348	106.8676	SYNTHETIC_TEACHING_FIXTURE
SYN_PROS_SPK_02	SYN_GROUP_A	SET_3	primary	7	102.3898	77.8606	SYNTHETIC_TEACHING_FIXTURE
SYN_PROS_SPK_02	SYN_GROUP_A	SET_3	primary	8	145.6383	127.9405	SYNTHETIC_TEACHING_FIXTURE
SYN_PROS_SPK_02	SYN_GROUP_A	SET_3	primary	9	153.0245	92.6558	SYNTHETIC_TEACHING_FIXTURE
SYN_PROS_SPK_02	SYN_GROUP_A	SET_3	primary	10	76.5467	139.7164	SYNTHETIC_TEACHING_FIXTURE
SYN_PROS_SPK_02	SYN_GROUP_A	SET_3	alternative	1	86.2835	111.8955	SYNTHETIC_TEACHING_FIXTURE
SYN_PROS_SPK_02	SYN_GROUP_A	SET_3	alternative	2	130.7671	104.5108	SYNTHETIC_TEACHING_FIXTURE
SYN_PROS_SPK_02	SYN_GROUP_A	SET_3	alternative	3	89.9909	102.4953	SYNTHETIC_TEACHING_FIXTURE
SYN_PROS_SPK_02	SYN_GROUP_A	SET_3	alternative	4	156.25	158.2721	SYNTHETIC_TEACHING_FIXTURE
SYN_PROS_SPK_02	SYN_GROUP_A	SET_3	alternative	5	143.9347	94.3463	SYNTHETIC_TEACHING_FIXTURE
SYN_PROS_SPK_02	SYN_GROUP_A	SET_3	alternative	6	87.6293	80.0424	SYNTHETIC_TEACHING_FIXTURE
SYN_PROS_SPK_02	SYN_GROUP_A	SET_3	alternative	7	125.3353	101.7787	SYNTHETIC_TEACHING_FIXTURE
SYN_PROS_SPK_02	SYN_GROUP_A	SET_3	alternative	8	118.8084	102.1025	SYNTHETIC_TEACHING_FIXTURE
SYN_PROS_SPK_02	SYN_GROUP_A	SET_3	alternative	9	109.9035	125.586	SYNTHETIC_TEACHING_FIXTURE
SYN_PROS_SPK_02	SYN_GROUP_A	SET_3	alternative	10	123.2122	100.8377	SYNTHETIC_TEACHING_FIXTURE
SYN_PROS_SPK_02	SYN_GROUP_A	SET_4	primary	1	99.6495	149.8951	SYNTHETIC_TEACHING_FIXTURE
SYN_PROS_SPK_02	SYN_GROUP_A	SET_4	primary	2	115.7528	172.8713	SYNTHETIC_TEACHING_FIXTURE
SYN_PROS_SPK_02	SYN_GROUP_A	SET_4	primary	3	80.5596	153.0102	SYNTHETIC_TEACHING_FIXTURE
SYN_PROS_SPK_02	SYN_GROUP_A	SET_4	primary	4	76.2048	58.5945	SYNTHETIC_TEACHING_FIXTURE
SYN_PROS_SPK_02	SYN_GROUP_A	SET_4	primary	5	84.4538	135.1568	SYNTHETIC_TEACHING_FIXTURE
SYN_PROS_SPK_02	SYN_GROUP_A	SET_4	primary	6	147.9504	157.9358	SYNTHETIC_TEACHING_FIXTURE
SYN_PROS_SPK_02	SYN_GROUP_A	SET_4	primary	7	99.9282	133.4662	SYNTHETIC_TEACHING_FIXTURE
SYN_PROS_SPK_02	SYN_GROUP_A	SET_4	primary	8	99.2335	117.6234	SYNTHETIC_TEACHING_FIXTURE
SYN_PROS_SPK_02	SYN_GROUP_A	SET_4	primary	9	110.1869	149.9111	SYNTHETIC_TEACHING_FIXTURE
SYN_PROS_SPK_02	SYN_GROUP_A	SET_4	primary	10	130.0244	55.0033	SYNTHETIC_TEACHING_FIXTURE
SYN_PROS_SPK_02	SYN_GROUP_A	SET_4	alternative	1	106.5615	61.1568	SYNTHETIC_TEACHING_FIXTURE
SYN_PROS_SPK_02	SYN_GROUP_A	SET_4	alternative	2	149.6661	160.8156	SYNTHETIC_TEACHING_FIXTURE
SYN_PROS_SPK_02	SYN_GROUP_A	SET_4	alternative	3	122.1711	109.5481	SYNTHETIC_TEACHING_FIXTURE
SYN_PROS_SPK_02	SYN_GROUP_A	SET_4	alternative	4	154.794	166.776	SYNTHETIC_TEACHING_FIXTURE
SYN_PROS_SPK_02	SYN_GROUP_A	SET_4	alternative	5	139.5539	183.1105	SYNTHETIC_TEACHING_FIXTURE
SYN_PROS_SPK_02	SYN_GROUP_A	SET_4	alternative	6	113.2684	111.7682	SYNTHETIC_TEACHING_FIXTURE
SYN_PROS_SPK_02	SYN_GROUP_A	SET_4	alternative	7	141.0658	180.1469	SYNTHETIC_TEACHING_FIXTURE
SYN_PROS_SPK_02	SYN_GROUP_A	SET_4	alternative	8	137.7108	182.2949	SYNTHETIC_TEACHING_FIXTURE
SYN_PROS_SPK_02	SYN_GROUP_A	SET_4	alternative	9	92.0517	118.6394	SYNTHETIC_TEACHING_FIXTURE
SYN_PROS_SPK_02	SYN_GROUP_A	SET_4	alternative	10	71.9719	109.5007	SYNTHETIC_TEACHING_FIXTURE
SYN_PROS_SPK_03	SYN_GROUP_A	SET_1	primary	1	65.1715	131.6244	SYNTHETIC_TEACHING_FIXTURE
SYN_PROS_SPK_03	SYN_GROUP_A	SET_1	primary	2	103.0768	79.6583	SYNTHETIC_TEACHING_FIXTURE
SYN_PROS_SPK_03	SYN_GROUP_A	SET_1	primary	3	137.6385	84.3715	SYNTHETIC_TEACHING_FIXTURE
SYN_PROS_SPK_03	SYN_GROUP_A	SET_1	primary	4	73.6664	170.5522	SYNTHETIC_TEACHING_FIXTURE
SYN_PROS_SPK_03	SYN_GROUP_A	SET_1	primary	5	112.1646	168.3448	SYNTHETIC_TEACHING_FIXTURE
SYN_PROS_SPK_03	SYN_GROUP_A	SET_1	primary	6	106.6665	124.1067	SYNTHETIC_TEACHING_FIXTURE
SYN_PROS_SPK_03	SYN_GROUP_A	SET_1	primary	7	78.5272	134.3576	SYNTHETIC_TEACHING_FIXTURE
SYN_PROS_SPK_03	SYN_GROUP_A	SET_1	primary	8	116.0086	172.6301	SYNTHETIC_TEACHING_FIXTURE
SYN_PROS_SPK_03	SYN_GROUP_A	SET_1	primary	9	149.522	179.4185	SYNTHETIC_TEACHING_FIXTURE
SYN_PROS_SPK_03	SYN_GROUP_A	SET_1	primary	10	128.9788	115.5088	SYNTHETIC_TEACHING_FIXTURE
SYN_PROS_SPK_03	SYN_GROUP_A	SET_1	alternative	1	113.0307	107.6173	SYNTHETIC_TEACHING_FIXTURE
SYN_PROS_SPK_03	SYN_GROUP_A	SET_1	alternative	2	128.561	151.257	SYNTHETIC_TEACHING_FIXTURE
SYN_PROS_SPK_03	SYN_GROUP_A	SET_1	alternative	3	82.1221	156.8921	SYNTHETIC_TEACHING_FIXTURE
SYN_PROS_SPK_03	SYN_GROUP_A	SET_1	alternative	4	107.4973	130.3018	SYNTHETIC_TEACHING_FIXTURE
SYN_PROS_SPK_03	SYN_GROUP_A	SET_1	alternative	5	125.1405	78.564	SYNTHETIC_TEACHING_FIXTURE
SYN_PROS_SPK_03	SYN_GROUP_A	SET_1	alternative	6	106.5728	102.8115	SYNTHETIC_TEACHING_FIXTURE
SYN_PROS_SPK_03	SYN_GROUP_A	SET_1	alternative	7	102.9574	72.6271	SYNTHETIC_TEACHING_FIXTURE
SYN_PROS_SPK_03	SYN_GROUP_A	SET_1	alternative	8	99.6748	61.2531	SYNTHETIC_TEACHING_FIXTURE
SYN_PROS_SPK_03	SYN_GROUP_A	SET_1	alternative	9	103.8455	59.1749	SYNTHETIC_TEACHING_FIXTURE
SYN_PROS_SPK_03	SYN_GROUP_A	SET_1	alternative	10	114.5294	139.7653	SYNTHETIC_TEACHING_FIXTURE
SYN_PROS_SPK_03	SYN_GROUP_A	SET_2	primary	1	117.9696	55.5176	SYNTHETIC_TEACHING_FIXTURE
SYN_PROS_SPK_03	SYN_GROUP_A	SET_2	primary	2	123.7196	88.5697	SYNTHETIC_TEACHING_FIXTURE
SYN_PROS_SPK_03	SYN_GROUP_A	SET_2	primary	3	107.3422	59.5633	SYNTHETIC_TEACHING_FIXTURE
SYN_PROS_SPK_03	SYN_GROUP_A	SET_2	primary	4	116.9464	149.1084	SYNTHETIC_TEACHING_FIXTURE
SYN_PROS_SPK_03	SYN_GROUP_A	SET_2	primary	5	66.2563	87.5876	SYNTHETIC_TEACHING_FIXTURE
SYN_PROS_SPK_03	SYN_GROUP_A	SET_2	primary	6	93.4127	153.8945	SYNTHETIC_TEACHING_FIXTURE
SYN_PROS_SPK_03	SYN_GROUP_A	SET_2	primary	7	135.7233	109.1031	SYNTHETIC_TEACHING_FIXTURE
SYN_PROS_SPK_03	SYN_GROUP_A	SET_2	primary	8	71.9197	159.7368	SYNTHETIC_TEACHING_FIXTURE
SYN_PROS_SPK_03	SYN_GROUP_A	SET_2	primary	9	72.4743	154.7245	SYNTHETIC_TEACHING_FIXTURE
SYN_PROS_SPK_03	SYN_GROUP_A	SET_2	primary	10	68.1386	102.6783	SYNTHETIC_TEACHING_FIXTURE
SYN_PROS_SPK_03	SYN_GROUP_A	SET_2	alternative	1	79.8906	53.7119	SYNTHETIC_TEACHING_FIXTURE
SYN_PROS_SPK_03	SYN_GROUP_A	SET_2	alternative	2	91.5168	93.0331	SYNTHETIC_TEACHING_FIXTURE
SYN_PROS_SPK_03	SYN_GROUP_A	SET_2	alternative	3	151.8226	110.9511	SYNTHETIC_TEACHING_FIXTURE
SYN_PROS_SPK_03	SYN_GROUP_A	SET_2	alternative	4	145.9256	174.7171	SYNTHETIC_TEACHING_FIXTURE
SYN_PROS_SPK_03	SYN_GROUP_A	SET_2	alternative	5	124.6089	118.626	SYNTHETIC_TEACHING_FIXTURE
SYN_PROS_SPK_03	SYN_GROUP_A	SET_2	alternative	6	121.7756	185.8489	SYNTHETIC_TEACHING_FIXTURE
SYN_PROS_SPK_03	SYN_GROUP_A	SET_2	alternative	7	123.2271	70.4654	SYNTHETIC_TEACHING_FIXTURE
SYN_PROS_SPK_03	SYN_GROUP_A	SET_2	alternative	8	103.1707	84.5374	SYNTHETIC_TEACHING_FIXTURE
SYN_PROS_SPK_03	SYN_GROUP_A	SET_2	alternative	9	145.0027	87.4931	SYNTHETIC_TEACHING_FIXTURE
SYN_PROS_SPK_03	SYN_GROUP_A	SET_2	alternative	10	134.7111	146.2819	SYNTHETIC_TEACHING_FIXTURE
SYN_PROS_SPK_03	SYN_GROUP_A	SET_3	primary	1	99.0825	65.7809	SYNTHETIC_TEACHING_FIXTURE
SYN_PROS_SPK_03	SYN_GROUP_A	SET_3	primary	2	115.0063	73.5338	SYNTHETIC_TEACHING_FIXTURE
SYN_PROS_SPK_03	SYN_GROUP_A	SET_3	primary	3	101.0189	89.9796	SYNTHETIC_TEACHING_FIXTURE
SYN_PROS_SPK_03	SYN_GROUP_A	SET_3	primary	4	150.2478	60.231	SYNTHETIC_TEACHING_FIXTURE
SYN_PROS_SPK_03	SYN_GROUP_A	SET_3	primary	5	79.8543	169.0623	SYNTHETIC_TEACHING_FIXTURE
SYN_PROS_SPK_03	SYN_GROUP_A	SET_3	primary	6	127.0952	86.6862	SYNTHETIC_TEACHING_FIXTURE
SYN_PROS_SPK_03	SYN_GROUP_A	SET_3	primary	7	140.7668	82.2094	SYNTHETIC_TEACHING_FIXTURE
SYN_PROS_SPK_03	SYN_GROUP_A	SET_3	primary	8	122.1406	56.0684	SYNTHETIC_TEACHING_FIXTURE
SYN_PROS_SPK_03	SYN_GROUP_A	SET_3	primary	9	125.3546	167.6346	SYNTHETIC_TEACHING_FIXTURE
SYN_PROS_SPK_03	SYN_GROUP_A	SET_3	primary	10	79.9589	78.7498	SYNTHETIC_TEACHING_FIXTURE
SYN_PROS_SPK_03	SYN_GROUP_A	SET_3	alternative	1	140.9392	162.7831	SYNTHETIC_TEACHING_FIXTURE
SYN_PROS_SPK_03	SYN_GROUP_A	SET_3	alternative	2	106.4475	57.6676	SYNTHETIC_TEACHING_FIXTURE
SYN_PROS_SPK_03	SYN_GROUP_A	SET_3	alternative	3	94.6802	172.9423	SYNTHETIC_TEACHING_FIXTURE
SYN_PROS_SPK_03	SYN_GROUP_A	SET_3	alternative	4	105.2575	112.5035	SYNTHETIC_TEACHING_FIXTURE
SYN_PROS_SPK_03	SYN_GROUP_A	SET_3	alternative	5	125.1102	132.421	SYNTHETIC_TEACHING_FIXTURE
SYN_PROS_SPK_03	SYN_GROUP_A	SET_3	alternative	6	138.2848	152.6463	SYNTHETIC_TEACHING_FIXTURE
SYN_PROS_SPK_03	SYN_GROUP_A	SET_3	alternative	7	90.7706	72.541	SYNTHETIC_TEACHING_FIXTURE
SYN_PROS_SPK_03	SYN_GROUP_A	SET_3	alternative	8	107.611	153.4833	SYNTHETIC_TEACHING_FIXTURE
SYN_PROS_SPK_03	SYN_GROUP_A	SET_3	alternative	9	133.4923	70.2027	SYNTHETIC_TEACHING_FIXTURE
SYN_PROS_SPK_03	SYN_GROUP_A	SET_3	alternative	10	118.3984	171.0743	SYNTHETIC_TEACHING_FIXTURE
SYN_PROS_SPK_03	SYN_GROUP_A	SET_4	primary	1	139.4347	61.062	SYNTHETIC_TEACHING_FIXTURE
SYN_PROS_SPK_03	SYN_GROUP_A	SET_4	primary	2	82.0897	99.0179	SYNTHETIC_TEACHING_FIXTURE
SYN_PROS_SPK_03	SYN_GROUP_A	SET_4	primary	3	81.3196	150.8395	SYNTHETIC_TEACHING_FIXTURE
SYN_PROS_SPK_03	SYN_GROUP_A	SET_4	primary	4	78.5091	92.6338	SYNTHETIC_TEACHING_FIXTURE
SYN_PROS_SPK_03	SYN_GROUP_A	SET_4	primary	5	128.0638	147.4959	SYNTHETIC_TEACHING_FIXTURE
SYN_PROS_SPK_03	SYN_GROUP_A	SET_4	primary	6	117.7315	144.2548	SYNTHETIC_TEACHING_FIXTURE
SYN_PROS_SPK_03	SYN_GROUP_A	SET_4	primary	7	143.6982	89.427	SYNTHETIC_TEACHING_FIXTURE
SYN_PROS_SPK_03	SYN_GROUP_A	SET_4	primary	8	127.55	147.303	SYNTHETIC_TEACHING_FIXTURE
SYN_PROS_SPK_03	SYN_GROUP_A	SET_4	primary	9	84.702	171.7421	SYNTHETIC_TEACHING_FIXTURE
SYN_PROS_SPK_03	SYN_GROUP_A	SET_4	primary	10	87.7413	131.4072	SYNTHETIC_TEACHING_FIXTURE
SYN_PROS_SPK_03	SYN_GROUP_A	SET_4	alternative	1	82.44	140.9571	SYNTHETIC_TEACHING_FIXTURE
SYN_PROS_SPK_03	SYN_GROUP_A	SET_4	alternative	2	112.4569	74.2014	SYNTHETIC_TEACHING_FIXTURE
SYN_PROS_SPK_03	SYN_GROUP_A	SET_4	alternative	3	92.9747	96.0839	SYNTHETIC_TEACHING_FIXTURE
SYN_PROS_SPK_03	SYN_GROUP_A	SET_4	alternative	4	114.1132	147.7059	SYNTHETIC_TEACHING_FIXTURE
SYN_PROS_SPK_03	SYN_GROUP_A	SET_4	alternative	5	127.4954	121.5247	SYNTHETIC_TEACHING_FIXTURE
SYN_PROS_SPK_03	SYN_GROUP_A	SET_4	alternative	6	105.7976	172.1994	SYNTHETIC_TEACHING_FIXTURE
SYN_PROS_SPK_03	SYN_GROUP_A	SET_4	alternative	7	102.9848	166.0869	SYNTHETIC_TEACHING_FIXTURE
SYN_PROS_SPK_03	SYN_GROUP_A	SET_4	alternative	8	148.6092	64.8605	SYNTHETIC_TEACHING_FIXTURE
SYN_PROS_SPK_03	SYN_GROUP_A	SET_4	alternative	9	101.7061	75.9365	SYNTHETIC_TEACHING_FIXTURE
SYN_PROS_SPK_03	SYN_GROUP_A	SET_4	alternative	10	114.664	92.8056	SYNTHETIC_TEACHING_FIXTURE
SYN_PROS_SPK_04	SYN_GROUP_A	SET_1	primary	1	103.0077	72.1226	SYNTHETIC_TEACHING_FIXTURE
SYN_PROS_SPK_04	SYN_GROUP_A	SET_1	primary	2	81.7498	109.8107	SYNTHETIC_TEACHING_FIXTURE
SYN_PROS_SPK_04	SYN_GROUP_A	SET_1	primary	3	110.116	103.4665	SYNTHETIC_TEACHING_FIXTURE
SYN_PROS_SPK_04	SYN_GROUP_A	SET_1	primary	4	108.5997	61.5897	SYNTHETIC_TEACHING_FIXTURE
SYN_PROS_SPK_04	SYN_GROUP_A	SET_1	primary	5	78.8342	111.6626	SYNTHETIC_TEACHING_FIXTURE
SYN_PROS_SPK_04	SYN_GROUP_A	SET_1	primary	6	139.3484	61.7265	SYNTHETIC_TEACHING_FIXTURE
SYN_PROS_SPK_04	SYN_GROUP_A	SET_1	primary	7	135.9615	176.4323	SYNTHETIC_TEACHING_FIXTURE
SYN_PROS_SPK_04	SYN_GROUP_A	SET_1	primary	8	129.3998	163.4599	SYNTHETIC_TEACHING_FIXTURE
SYN_PROS_SPK_04	SYN_GROUP_A	SET_1	primary	9	100.0449	143.8935	SYNTHETIC_TEACHING_FIXTURE
SYN_PROS_SPK_04	SYN_GROUP_A	SET_1	primary	10	104.1892	177.5979	SYNTHETIC_TEACHING_FIXTURE
SYN_PROS_SPK_04	SYN_GROUP_A	SET_1	alternative	1	125.1537	159.3862	SYNTHETIC_TEACHING_FIXTURE
SYN_PROS_SPK_04	SYN_GROUP_A	SET_1	alternative	2	85.752	79.4471	SYNTHETIC_TEACHING_FIXTURE
SYN_PROS_SPK_04	SYN_GROUP_A	SET_1	alternative	3	145.7254	61.3564	SYNTHETIC_TEACHING_FIXTURE
SYN_PROS_SPK_04	SYN_GROUP_A	SET_1	alternative	4	100.2223	174.1903	SYNTHETIC_TEACHING_FIXTURE
SYN_PROS_SPK_04	SYN_GROUP_A	SET_1	alternative	5	61.4199	121.8528	SYNTHETIC_TEACHING_FIXTURE
SYN_PROS_SPK_04	SYN_GROUP_A	SET_1	alternative	6	142.9453	137.3755	SYNTHETIC_TEACHING_FIXTURE
SYN_PROS_SPK_04	SYN_GROUP_A	SET_1	alternative	7	144.8261	162.9223	SYNTHETIC_TEACHING_FIXTURE
SYN_PROS_SPK_04	SYN_GROUP_A	SET_1	alternative	8	115.6973	176.7759	SYNTHETIC_TEACHING_FIXTURE
SYN_PROS_SPK_04	SYN_GROUP_A	SET_1	alternative	9	84.8549	71.7208	SYNTHETIC_TEACHING_FIXTURE
SYN_PROS_SPK_04	SYN_GROUP_A	SET_1	alternative	10	136.8693	149.1985	SYNTHETIC_TEACHING_FIXTURE
SYN_PROS_SPK_04	SYN_GROUP_A	SET_2	primary	1	69.8412	65.1841	SYNTHETIC_TEACHING_FIXTURE
SYN_PROS_SPK_04	SYN_GROUP_A	SET_2	primary	2	111.8856	128.0556	SYNTHETIC_TEACHING_FIXTURE
SYN_PROS_SPK_04	SYN_GROUP_A	SET_2	primary	3	89.1201	156.8376	SYNTHETIC_TEACHING_FIXTURE
SYN_PROS_SPK_04	SYN_GROUP_A	SET_2	primary	4	73.4506	82.0625	SYNTHETIC_TEACHING_FIXTURE
SYN_PROS_SPK_04	SYN_GROUP_A	SET_2	primary	5	137.9493	178.6974	SYNTHETIC_TEACHING_FIXTURE
SYN_PROS_SPK_04	SYN_GROUP_A	SET_2	primary	6	111.3988	70.6261	SYNTHETIC_TEACHING_FIXTURE
SYN_PROS_SPK_04	SYN_GROUP_A	SET_2	primary	7	71.1528	148.3148	SYNTHETIC_TEACHING_FIXTURE
SYN_PROS_SPK_04	SYN_GROUP_A	SET_2	primary	8	124.93	164.8426	SYNTHETIC_TEACHING_FIXTURE
SYN_PROS_SPK_04	SYN_GROUP_A	SET_2	primary	9	140.8098	121.2528	SYNTHETIC_TEACHING_FIXTURE
SYN_PROS_SPK_04	SYN_GROUP_A	SET_2	primary	10	94.161	159.1627	SYNTHETIC_TEACHING_FIXTURE
SYN_PROS_SPK_04	SYN_GROUP_A	SET_2	alternative	1	81.8776	159.7986	SYNTHETIC_TEACHING_FIXTURE
SYN_PROS_SPK_04	SYN_GROUP_A	SET_2	alternative	2	98.5313	126.5508	SYNTHETIC_TEACHING_FIXTURE
SYN_PROS_SPK_04	SYN_GROUP_A	SET_2	alternative	3	80.958	179.3454	SYNTHETIC_TEACHING_FIXTURE
SYN_PROS_SPK_04	SYN_GROUP_A	SET_2	alternative	4	108.4005	118.7763	SYNTHETIC_TEACHING_FIXTURE
SYN_PROS_SPK_04	SYN_GROUP_A	SET_2	alternative	5	87.5787	137.3229	SYNTHETIC_TEACHING_FIXTURE
SYN_PROS_SPK_04	SYN_GROUP_A	SET_2	alternative	6	117.2528	54.5305	SYNTHETIC_TEACHING_FIXTURE
SYN_PROS_SPK_04	SYN_GROUP_A	SET_2	alternative	7	145.0453	131.9773	SYNTHETIC_TEACHING_FIXTURE
SYN_PROS_SPK_04	SYN_GROUP_A	SET_2	alternative	8	121.476	180.5074	SYNTHETIC_TEACHING_FIXTURE
SYN_PROS_SPK_04	SYN_GROUP_A	SET_2	alternative	9	77.9772	135.902	SYNTHETIC_TEACHING_FIXTURE
SYN_PROS_SPK_04	SYN_GROUP_A	SET_2	alternative	10	139.3392	76.3632	SYNTHETIC_TEACHING_FIXTURE
SYN_PROS_SPK_04	SYN_GROUP_A	SET_3	primary	1	112.0337	69.2844	SYNTHETIC_TEACHING_FIXTURE
SYN_PROS_SPK_04	SYN_GROUP_A	SET_3	primary	2	149.7848	132.9365	SYNTHETIC_TEACHING_FIXTURE
SYN_PROS_SPK_04	SYN_GROUP_A	SET_3	primary	3	96.7582	173.5332	SYNTHETIC_TEACHING_FIXTURE
SYN_PROS_SPK_04	SYN_GROUP_A	SET_3	primary	4	112.2965	76.8534	SYNTHETIC_TEACHING_FIXTURE
SYN_PROS_SPK_04	SYN_GROUP_A	SET_3	primary	5	101.5028	131.6202	SYNTHETIC_TEACHING_FIXTURE
SYN_PROS_SPK_04	SYN_GROUP_A	SET_3	primary	6	155.7217	130.2082	SYNTHETIC_TEACHING_FIXTURE
SYN_PROS_SPK_04	SYN_GROUP_A	SET_3	primary	7	152.9116	76.5402	SYNTHETIC_TEACHING_FIXTURE
SYN_PROS_SPK_04	SYN_GROUP_A	SET_3	primary	8	143.036	143.7328	SYNTHETIC_TEACHING_FIXTURE
SYN_PROS_SPK_04	SYN_GROUP_A	SET_3	primary	9	128.4453	122.4245	SYNTHETIC_TEACHING_FIXTURE
SYN_PROS_SPK_04	SYN_GROUP_A	SET_3	primary	10	121.5829	88.2098	SYNTHETIC_TEACHING_FIXTURE
SYN_PROS_SPK_04	SYN_GROUP_A	SET_3	alternative	1	147.4009	181.9872	SYNTHETIC_TEACHING_FIXTURE
SYN_PROS_SPK_04	SYN_GROUP_A	SET_3	alternative	2	153.969	80.6885	SYNTHETIC_TEACHING_FIXTURE
SYN_PROS_SPK_04	SYN_GROUP_A	SET_3	alternative	3	76.8035	64.6937	SYNTHETIC_TEACHING_FIXTURE
SYN_PROS_SPK_04	SYN_GROUP_A	SET_3	alternative	4	73.0497	139.656	SYNTHETIC_TEACHING_FIXTURE
SYN_PROS_SPK_04	SYN_GROUP_A	SET_3	alternative	5	84.67	99.4467	SYNTHETIC_TEACHING_FIXTURE
SYN_PROS_SPK_04	SYN_GROUP_A	SET_3	alternative	6	105.7248	70.3723	SYNTHETIC_TEACHING_FIXTURE
SYN_PROS_SPK_04	SYN_GROUP_A	SET_3	alternative	7	118.2337	138.3581	SYNTHETIC_TEACHING_FIXTURE
SYN_PROS_SPK_04	SYN_GROUP_A	SET_3	alternative	8	123.6285	132.6308	SYNTHETIC_TEACHING_FIXTURE
SYN_PROS_SPK_04	SYN_GROUP_A	SET_3	alternative	9	138.6604	116.5345	SYNTHETIC_TEACHING_FIXTURE
SYN_PROS_SPK_04	SYN_GROUP_A	SET_3	alternative	10	98.1989	66.7739	SYNTHETIC_TEACHING_FIXTURE
SYN_PROS_SPK_04	SYN_GROUP_A	SET_4	primary	1	73.5996	89.7238	SYNTHETIC_TEACHING_FIXTURE
SYN_PROS_SPK_04	SYN_GROUP_A	SET_4	primary	2	69.5143	58.564	SYNTHETIC_TEACHING_FIXTURE
SYN_PROS_SPK_04	SYN_GROUP_A	SET_4	primary	3	72.2978	141.9814	SYNTHETIC_TEACHING_FIXTURE
SYN_PROS_SPK_04	SYN_GROUP_A	SET_4	primary	4	104.4375	78.3814	SYNTHETIC_TEACHING_FIXTURE
SYN_PROS_SPK_04	SYN_GROUP_A	SET_4	primary	5	83.4421	70.9234	SYNTHETIC_TEACHING_FIXTURE
SYN_PROS_SPK_04	SYN_GROUP_A	SET_4	primary	6	118.1869	55.5583	SYNTHETIC_TEACHING_FIXTURE
SYN_PROS_SPK_04	SYN_GROUP_A	SET_4	primary	7	77.7828	158.9061	SYNTHETIC_TEACHING_FIXTURE
SYN_PROS_SPK_04	SYN_GROUP_A	SET_4	primary	8	113.1506	163.7812	SYNTHETIC_TEACHING_FIXTURE
SYN_PROS_SPK_04	SYN_GROUP_A	SET_4	primary	9	157.1744	152.1456	SYNTHETIC_TEACHING_FIXTURE
SYN_PROS_SPK_04	SYN_GROUP_A	SET_4	primary	10	100.0934	154.3325	SYNTHETIC_TEACHING_FIXTURE
SYN_PROS_SPK_04	SYN_GROUP_A	SET_4	alternative	1	102.7554	158.2463	SYNTHETIC_TEACHING_FIXTURE
SYN_PROS_SPK_04	SYN_GROUP_A	SET_4	alternative	2	94.6555	144.9763	SYNTHETIC_TEACHING_FIXTURE
SYN_PROS_SPK_04	SYN_GROUP_A	SET_4	alternative	3	89.9277	99.993	SYNTHETIC_TEACHING_FIXTURE
SYN_PROS_SPK_04	SYN_GROUP_A	SET_4	alternative	4	68.0118	82.9342	SYNTHETIC_TEACHING_FIXTURE
SYN_PROS_SPK_04	SYN_GROUP_A	SET_4	alternative	5	72.9681	135.715	SYNTHETIC_TEACHING_FIXTURE
SYN_PROS_SPK_04	SYN_GROUP_A	SET_4	alternative	6	100.8411	79.6292	SYNTHETIC_TEACHING_FIXTURE
SYN_PROS_SPK_04	SYN_GROUP_A	SET_4	alternative	7	146.6483	62.8516	SYNTHETIC_TEACHING_FIXTURE
SYN_PROS_SPK_04	SYN_GROUP_A	SET_4	alternative	8	118.0126	72.6418	SYNTHETIC_TEACHING_FIXTURE
SYN_PROS_SPK_04	SYN_GROUP_A	SET_4	alternative	9	85.8857	155.9274	SYNTHETIC_TEACHING_FIXTURE
SYN_PROS_SPK_04	SYN_GROUP_A	SET_4	alternative	10	135.641	150.4056	SYNTHETIC_TEACHING_FIXTURE
SYN_PROS_SPK_05	SYN_GROUP_A	SET_1	primary	1	109.827	142.674	SYNTHETIC_TEACHING_FIXTURE
SYN_PROS_SPK_05	SYN_GROUP_A	SET_1	primary	2	146.0036	77.7615	SYNTHETIC_TEACHING_FIXTURE
SYN_PROS_SPK_05	SYN_GROUP_A	SET_1	primary	3	84.5689	116.2263	SYNTHETIC_TEACHING_FIXTURE
SYN_PROS_SPK_05	SYN_GROUP_A	SET_1	primary	4	109.8708	107.3016	SYNTHETIC_TEACHING_FIXTURE
SYN_PROS_SPK_05	SYN_GROUP_A	SET_1	primary	5	149.1413	101.4254	SYNTHETIC_TEACHING_FIXTURE
SYN_PROS_SPK_05	SYN_GROUP_A	SET_1	primary	6	65.0539	101.2749	SYNTHETIC_TEACHING_FIXTURE
SYN_PROS_SPK_05	SYN_GROUP_A	SET_1	primary	7	73.3464	61.6948	SYNTHETIC_TEACHING_FIXTURE
SYN_PROS_SPK_05	SYN_GROUP_A	SET_1	primary	8	136.3669	67.0446	SYNTHETIC_TEACHING_FIXTURE
SYN_PROS_SPK_05	SYN_GROUP_A	SET_1	primary	9	67.9532	107.8229	SYNTHETIC_TEACHING_FIXTURE
SYN_PROS_SPK_05	SYN_GROUP_A	SET_1	primary	10	79.0395	83.4601	SYNTHETIC_TEACHING_FIXTURE
SYN_PROS_SPK_05	SYN_GROUP_A	SET_1	alternative	1	141.3904	62.5467	SYNTHETIC_TEACHING_FIXTURE
SYN_PROS_SPK_05	SYN_GROUP_A	SET_1	alternative	2	125.2762	94.1158	SYNTHETIC_TEACHING_FIXTURE
SYN_PROS_SPK_05	SYN_GROUP_A	SET_1	alternative	3	108.8562	177.7809	SYNTHETIC_TEACHING_FIXTURE
SYN_PROS_SPK_05	SYN_GROUP_A	SET_1	alternative	4	95.5484	68.3724	SYNTHETIC_TEACHING_FIXTURE
SYN_PROS_SPK_05	SYN_GROUP_A	SET_1	alternative	5	146.911	157.0648	SYNTHETIC_TEACHING_FIXTURE
SYN_PROS_SPK_05	SYN_GROUP_A	SET_1	alternative	6	152.0444	141.5618	SYNTHETIC_TEACHING_FIXTURE
SYN_PROS_SPK_05	SYN_GROUP_A	SET_1	alternative	7	87.236	130.6214	SYNTHETIC_TEACHING_FIXTURE
SYN_PROS_SPK_05	SYN_GROUP_A	SET_1	alternative	8	120.7471	175.6596	SYNTHETIC_TEACHING_FIXTURE
SYN_PROS_SPK_05	SYN_GROUP_A	SET_1	alternative	9	78.7962	164.625	SYNTHETIC_TEACHING_FIXTURE
SYN_PROS_SPK_05	SYN_GROUP_A	SET_1	alternative	10	72.0986	168.357	SYNTHETIC_TEACHING_FIXTURE
SYN_PROS_SPK_05	SYN_GROUP_A	SET_2	primary	1	80.1019	86.6622	SYNTHETIC_TEACHING_FIXTURE
SYN_PROS_SPK_05	SYN_GROUP_A	SET_2	primary	2	145.9912	55.6325	SYNTHETIC_TEACHING_FIXTURE
SYN_PROS_SPK_05	SYN_GROUP_A	SET_2	primary	3	87.6425	115.4316	SYNTHETIC_TEACHING_FIXTURE
SYN_PROS_SPK_05	SYN_GROUP_A	SET_2	primary	4	84.4017	160.2409	SYNTHETIC_TEACHING_FIXTURE
SYN_PROS_SPK_05	SYN_GROUP_A	SET_2	primary	5	69.309	146.4396	SYNTHETIC_TEACHING_FIXTURE
SYN_PROS_SPK_05	SYN_GROUP_A	SET_2	primary	6	93.9391	167.7573	SYNTHETIC_TEACHING_FIXTURE
SYN_PROS_SPK_05	SYN_GROUP_A	SET_2	primary	7	67.0066	67.2401	SYNTHETIC_TEACHING_FIXTURE
SYN_PROS_SPK_05	SYN_GROUP_A	SET_2	primary	8	82.2791	106.4993	SYNTHETIC_TEACHING_FIXTURE
SYN_PROS_SPK_05	SYN_GROUP_A	SET_2	primary	9	106.1406	112.0433	SYNTHETIC_TEACHING_FIXTURE
SYN_PROS_SPK_05	SYN_GROUP_A	SET_2	primary	10	98.6153	129.2097	SYNTHETIC_TEACHING_FIXTURE
SYN_PROS_SPK_05	SYN_GROUP_A	SET_2	alternative	1	97.1143	107.0561	SYNTHETIC_TEACHING_FIXTURE
SYN_PROS_SPK_05	SYN_GROUP_A	SET_2	alternative	2	66.3441	170.9947	SYNTHETIC_TEACHING_FIXTURE
SYN_PROS_SPK_05	SYN_GROUP_A	SET_2	alternative	3	133.5082	89.0019	SYNTHETIC_TEACHING_FIXTURE
SYN_PROS_SPK_05	SYN_GROUP_A	SET_2	alternative	4	104.273	138.6331	SYNTHETIC_TEACHING_FIXTURE
SYN_PROS_SPK_05	SYN_GROUP_A	SET_2	alternative	5	80.8425	90.679	SYNTHETIC_TEACHING_FIXTURE
SYN_PROS_SPK_05	SYN_GROUP_A	SET_2	alternative	6	115.6512	128.4106	SYNTHETIC_TEACHING_FIXTURE
SYN_PROS_SPK_05	SYN_GROUP_A	SET_2	alternative	7	145.8789	107.9887	SYNTHETIC_TEACHING_FIXTURE
SYN_PROS_SPK_05	SYN_GROUP_A	SET_2	alternative	8	146.8626	139.3512	SYNTHETIC_TEACHING_FIXTURE
SYN_PROS_SPK_05	SYN_GROUP_A	SET_2	alternative	9	138.7077	66.238	SYNTHETIC_TEACHING_FIXTURE
SYN_PROS_SPK_05	SYN_GROUP_A	SET_2	alternative	10	151.0315	90.0651	SYNTHETIC_TEACHING_FIXTURE
SYN_PROS_SPK_05	SYN_GROUP_A	SET_3	primary	1	97.6073	138.6815	SYNTHETIC_TEACHING_FIXTURE
SYN_PROS_SPK_05	SYN_GROUP_A	SET_3	primary	2	123.355	55.4983	SYNTHETIC_TEACHING_FIXTURE
SYN_PROS_SPK_05	SYN_GROUP_A	SET_3	primary	3	123.3273	158.5477	SYNTHETIC_TEACHING_FIXTURE
SYN_PROS_SPK_05	SYN_GROUP_A	SET_3	primary	4	108.8907	93.2775	SYNTHETIC_TEACHING_FIXTURE
SYN_PROS_SPK_05	SYN_GROUP_A	SET_3	primary	5	129.7023	96.4887	SYNTHETIC_TEACHING_FIXTURE
SYN_PROS_SPK_05	SYN_GROUP_A	SET_3	primary	6	119.6022	64.4359	SYNTHETIC_TEACHING_FIXTURE
SYN_PROS_SPK_05	SYN_GROUP_A	SET_3	primary	7	78.2344	138.4864	SYNTHETIC_TEACHING_FIXTURE
SYN_PROS_SPK_05	SYN_GROUP_A	SET_3	primary	8	145.7024	82.8553	SYNTHETIC_TEACHING_FIXTURE
SYN_PROS_SPK_05	SYN_GROUP_A	SET_3	primary	9	73.5241	127.1264	SYNTHETIC_TEACHING_FIXTURE
SYN_PROS_SPK_05	SYN_GROUP_A	SET_3	primary	10	151.1336	137.3325	SYNTHETIC_TEACHING_FIXTURE
SYN_PROS_SPK_05	SYN_GROUP_A	SET_3	alternative	1	115.82	125.3294	SYNTHETIC_TEACHING_FIXTURE
SYN_PROS_SPK_05	SYN_GROUP_A	SET_3	alternative	2	84.2662	159.1784	SYNTHETIC_TEACHING_FIXTURE
SYN_PROS_SPK_05	SYN_GROUP_A	SET_3	alternative	3	150.8371	71.2597	SYNTHETIC_TEACHING_FIXTURE
SYN_PROS_SPK_05	SYN_GROUP_A	SET_3	alternative	4	139.617	143.2865	SYNTHETIC_TEACHING_FIXTURE
SYN_PROS_SPK_05	SYN_GROUP_A	SET_3	alternative	5	131.2848	78.6537	SYNTHETIC_TEACHING_FIXTURE
SYN_PROS_SPK_05	SYN_GROUP_A	SET_3	alternative	6	133.5214	74.2727	SYNTHETIC_TEACHING_FIXTURE
SYN_PROS_SPK_05	SYN_GROUP_A	SET_3	alternative	7	131.9857	141.1979	SYNTHETIC_TEACHING_FIXTURE
SYN_PROS_SPK_05	SYN_GROUP_A	SET_3	alternative	8	94.3893	65.9944	SYNTHETIC_TEACHING_FIXTURE
SYN_PROS_SPK_05	SYN_GROUP_A	SET_3	alternative	9	139.4516	111.3747	SYNTHETIC_TEACHING_FIXTURE
SYN_PROS_SPK_05	SYN_GROUP_A	SET_3	alternative	10	124.3922	120.0073	SYNTHETIC_TEACHING_FIXTURE
SYN_PROS_SPK_05	SYN_GROUP_A	SET_4	primary	1	132.3785	106.4241	SYNTHETIC_TEACHING_FIXTURE
SYN_PROS_SPK_05	SYN_GROUP_A	SET_4	primary	2	127.3743	152.681	SYNTHETIC_TEACHING_FIXTURE
SYN_PROS_SPK_05	SYN_GROUP_A	SET_4	primary	3	98.2953	77.7434	SYNTHETIC_TEACHING_FIXTURE
SYN_PROS_SPK_05	SYN_GROUP_A	SET_4	primary	4	146.6331	76.3416	SYNTHETIC_TEACHING_FIXTURE
SYN_PROS_SPK_05	SYN_GROUP_A	SET_4	primary	5	103.2682	138.6298	SYNTHETIC_TEACHING_FIXTURE
SYN_PROS_SPK_05	SYN_GROUP_A	SET_4	primary	6	116.599	118.6538	SYNTHETIC_TEACHING_FIXTURE
SYN_PROS_SPK_05	SYN_GROUP_A	SET_4	primary	7	128.1301	154.4987	SYNTHETIC_TEACHING_FIXTURE
SYN_PROS_SPK_05	SYN_GROUP_A	SET_4	primary	8	133.0807	62.3253	SYNTHETIC_TEACHING_FIXTURE
SYN_PROS_SPK_05	SYN_GROUP_A	SET_4	primary	9	87.5151	96.9277	SYNTHETIC_TEACHING_FIXTURE
SYN_PROS_SPK_05	SYN_GROUP_A	SET_4	primary	10	137.484	72.6363	SYNTHETIC_TEACHING_FIXTURE
SYN_PROS_SPK_05	SYN_GROUP_A	SET_4	alternative	1	77.1159	158.7561	SYNTHETIC_TEACHING_FIXTURE
SYN_PROS_SPK_05	SYN_GROUP_A	SET_4	alternative	2	69.5368	67.8371	SYNTHETIC_TEACHING_FIXTURE
SYN_PROS_SPK_05	SYN_GROUP_A	SET_4	alternative	3	121.387	102.3474	SYNTHETIC_TEACHING_FIXTURE
SYN_PROS_SPK_05	SYN_GROUP_A	SET_4	alternative	4	161.5707	172.8581	SYNTHETIC_TEACHING_FIXTURE
SYN_PROS_SPK_05	SYN_GROUP_A	SET_4	alternative	5	131.5105	175.4531	SYNTHETIC_TEACHING_FIXTURE
SYN_PROS_SPK_05	SYN_GROUP_A	SET_4	alternative	6	88.3895	149.2877	SYNTHETIC_TEACHING_FIXTURE
SYN_PROS_SPK_05	SYN_GROUP_A	SET_4	alternative	7	122.4194	88.8406	SYNTHETIC_TEACHING_FIXTURE
SYN_PROS_SPK_05	SYN_GROUP_A	SET_4	alternative	8	125.5274	157.369	SYNTHETIC_TEACHING_FIXTURE
SYN_PROS_SPK_05	SYN_GROUP_A	SET_4	alternative	9	102.9176	120.393	SYNTHETIC_TEACHING_FIXTURE
SYN_PROS_SPK_05	SYN_GROUP_A	SET_4	alternative	10	76.8433	59.2519	SYNTHETIC_TEACHING_FIXTURE
SYN_PROS_SPK_06	SYN_GROUP_A	SET_1	primary	1	124.3566	92.6194	SYNTHETIC_TEACHING_FIXTURE
SYN_PROS_SPK_06	SYN_GROUP_A	SET_1	primary	2	77.6049	156.9066	SYNTHETIC_TEACHING_FIXTURE
SYN_PROS_SPK_06	SYN_GROUP_A	SET_1	primary	3	97.6238	138.0193	SYNTHETIC_TEACHING_FIXTURE
SYN_PROS_SPK_06	SYN_GROUP_A	SET_1	primary	4	108.1941	152.5156	SYNTHETIC_TEACHING_FIXTURE
SYN_PROS_SPK_06	SYN_GROUP_A	SET_1	primary	5	121.0596	125.6143	SYNTHETIC_TEACHING_FIXTURE
SYN_PROS_SPK_06	SYN_GROUP_A	SET_1	primary	6	99.2492	126.5374	SYNTHETIC_TEACHING_FIXTURE
SYN_PROS_SPK_06	SYN_GROUP_A	SET_1	primary	7	136.6379	83.648	SYNTHETIC_TEACHING_FIXTURE
SYN_PROS_SPK_06	SYN_GROUP_A	SET_1	primary	8	114.4637	143.1273	SYNTHETIC_TEACHING_FIXTURE
SYN_PROS_SPK_06	SYN_GROUP_A	SET_1	primary	9	104.6095	124.7119	SYNTHETIC_TEACHING_FIXTURE
SYN_PROS_SPK_06	SYN_GROUP_A	SET_1	primary	10	136.217	174.0782	SYNTHETIC_TEACHING_FIXTURE
SYN_PROS_SPK_06	SYN_GROUP_A	SET_1	alternative	1	122.4699	108.7142	SYNTHETIC_TEACHING_FIXTURE
SYN_PROS_SPK_06	SYN_GROUP_A	SET_1	alternative	2	86.9171	118.5532	SYNTHETIC_TEACHING_FIXTURE
SYN_PROS_SPK_06	SYN_GROUP_A	SET_1	alternative	3	113.8012	94.7199	SYNTHETIC_TEACHING_FIXTURE
SYN_PROS_SPK_06	SYN_GROUP_A	SET_1	alternative	4	84.3795	114.0112	SYNTHETIC_TEACHING_FIXTURE
SYN_PROS_SPK_06	SYN_GROUP_A	SET_1	alternative	5	130.4446	99.671	SYNTHETIC_TEACHING_FIXTURE
SYN_PROS_SPK_06	SYN_GROUP_A	SET_1	alternative	6	155.6872	169.1807	SYNTHETIC_TEACHING_FIXTURE
SYN_PROS_SPK_06	SYN_GROUP_A	SET_1	alternative	7	126.886	91.6982	SYNTHETIC_TEACHING_FIXTURE
SYN_PROS_SPK_06	SYN_GROUP_A	SET_1	alternative	8	85.6363	100.7276	SYNTHETIC_TEACHING_FIXTURE
SYN_PROS_SPK_06	SYN_GROUP_A	SET_1	alternative	9	91.8179	132.2343	SYNTHETIC_TEACHING_FIXTURE
SYN_PROS_SPK_06	SYN_GROUP_A	SET_1	alternative	10	123.2541	171.3862	SYNTHETIC_TEACHING_FIXTURE
SYN_PROS_SPK_06	SYN_GROUP_A	SET_2	primary	1	89.6406	146.8383	SYNTHETIC_TEACHING_FIXTURE
SYN_PROS_SPK_06	SYN_GROUP_A	SET_2	primary	2	67.0339	55.1207	SYNTHETIC_TEACHING_FIXTURE
SYN_PROS_SPK_06	SYN_GROUP_A	SET_2	primary	3	68.1454	175.7135	SYNTHETIC_TEACHING_FIXTURE
SYN_PROS_SPK_06	SYN_GROUP_A	SET_2	primary	4	90.0182	164.1738	SYNTHETIC_TEACHING_FIXTURE
SYN_PROS_SPK_06	SYN_GROUP_A	SET_2	primary	5	87.1514	162.0251	SYNTHETIC_TEACHING_FIXTURE
SYN_PROS_SPK_06	SYN_GROUP_A	SET_2	primary	6	138.3727	95.4283	SYNTHETIC_TEACHING_FIXTURE
SYN_PROS_SPK_06	SYN_GROUP_A	SET_2	primary	7	125.6667	73.5757	SYNTHETIC_TEACHING_FIXTURE
SYN_PROS_SPK_06	SYN_GROUP_A	SET_2	primary	8	109.5607	69.153	SYNTHETIC_TEACHING_FIXTURE
SYN_PROS_SPK_06	SYN_GROUP_A	SET_2	primary	9	102.4868	166.0372	SYNTHETIC_TEACHING_FIXTURE
SYN_PROS_SPK_06	SYN_GROUP_A	SET_2	primary	10	77.4594	140.5288	SYNTHETIC_TEACHING_FIXTURE
SYN_PROS_SPK_06	SYN_GROUP_A	SET_2	alternative	1	78.2311	157.3969	SYNTHETIC_TEACHING_FIXTURE
SYN_PROS_SPK_06	SYN_GROUP_A	SET_2	alternative	2	125.4014	157.3534	SYNTHETIC_TEACHING_FIXTURE
SYN_PROS_SPK_06	SYN_GROUP_A	SET_2	alternative	3	95.9986	158.0448	SYNTHETIC_TEACHING_FIXTURE
SYN_PROS_SPK_06	SYN_GROUP_A	SET_2	alternative	4	94.4704	61.7313	SYNTHETIC_TEACHING_FIXTURE
SYN_PROS_SPK_06	SYN_GROUP_A	SET_2	alternative	5	113.8863	154.2297	SYNTHETIC_TEACHING_FIXTURE
SYN_PROS_SPK_06	SYN_GROUP_A	SET_2	alternative	6	154.6153	70.3912	SYNTHETIC_TEACHING_FIXTURE
SYN_PROS_SPK_06	SYN_GROUP_A	SET_2	alternative	7	128.6947	73.9009	SYNTHETIC_TEACHING_FIXTURE
SYN_PROS_SPK_06	SYN_GROUP_A	SET_2	alternative	8	131.4559	73.2375	SYNTHETIC_TEACHING_FIXTURE
SYN_PROS_SPK_06	SYN_GROUP_A	SET_2	alternative	9	77.1333	69.6804	SYNTHETIC_TEACHING_FIXTURE
SYN_PROS_SPK_06	SYN_GROUP_A	SET_2	alternative	10	67.6892	143.7747	SYNTHETIC_TEACHING_FIXTURE
SYN_PROS_SPK_06	SYN_GROUP_A	SET_3	primary	1	94.8037	157.0543	SYNTHETIC_TEACHING_FIXTURE
SYN_PROS_SPK_06	SYN_GROUP_A	SET_3	primary	2	134.6271	122.1077	SYNTHETIC_TEACHING_FIXTURE
SYN_PROS_SPK_06	SYN_GROUP_A	SET_3	primary	3	122.8321	101.9599	SYNTHETIC_TEACHING_FIXTURE
SYN_PROS_SPK_06	SYN_GROUP_A	SET_3	primary	4	143.7193	105.2046	SYNTHETIC_TEACHING_FIXTURE
SYN_PROS_SPK_06	SYN_GROUP_A	SET_3	primary	5	79.7911	145.2609	SYNTHETIC_TEACHING_FIXTURE
SYN_PROS_SPK_06	SYN_GROUP_A	SET_3	primary	6	115.7186	60.6002	SYNTHETIC_TEACHING_FIXTURE
SYN_PROS_SPK_06	SYN_GROUP_A	SET_3	primary	7	98.5378	74.5803	SYNTHETIC_TEACHING_FIXTURE
SYN_PROS_SPK_06	SYN_GROUP_A	SET_3	primary	8	70.3136	128.7659	SYNTHETIC_TEACHING_FIXTURE
SYN_PROS_SPK_06	SYN_GROUP_A	SET_3	primary	9	69.7176	153.6984	SYNTHETIC_TEACHING_FIXTURE
SYN_PROS_SPK_06	SYN_GROUP_A	SET_3	primary	10	99.2067	129.4629	SYNTHETIC_TEACHING_FIXTURE
SYN_PROS_SPK_06	SYN_GROUP_A	SET_3	alternative	1	94.1528	161.3495	SYNTHETIC_TEACHING_FIXTURE
SYN_PROS_SPK_06	SYN_GROUP_A	SET_3	alternative	2	79.2797	151.9571	SYNTHETIC_TEACHING_FIXTURE
SYN_PROS_SPK_06	SYN_GROUP_A	SET_3	alternative	3	110.7966	96.4604	SYNTHETIC_TEACHING_FIXTURE
SYN_PROS_SPK_06	SYN_GROUP_A	SET_3	alternative	4	88.2036	161.5281	SYNTHETIC_TEACHING_FIXTURE
SYN_PROS_SPK_06	SYN_GROUP_A	SET_3	alternative	5	127.7695	95.9015	SYNTHETIC_TEACHING_FIXTURE
SYN_PROS_SPK_06	SYN_GROUP_A	SET_3	alternative	6	101.0848	122.4886	SYNTHETIC_TEACHING_FIXTURE
SYN_PROS_SPK_06	SYN_GROUP_A	SET_3	alternative	7	141.0777	131.7248	SYNTHETIC_TEACHING_FIXTURE
SYN_PROS_SPK_06	SYN_GROUP_A	SET_3	alternative	8	108.5821	77.7886	SYNTHETIC_TEACHING_FIXTURE
SYN_PROS_SPK_06	SYN_GROUP_A	SET_3	alternative	9	88.267	115.7607	SYNTHETIC_TEACHING_FIXTURE
SYN_PROS_SPK_06	SYN_GROUP_A	SET_3	alternative	10	87.2924	166.4266	SYNTHETIC_TEACHING_FIXTURE
SYN_PROS_SPK_06	SYN_GROUP_A	SET_4	primary	1	112.7084	109.7595	SYNTHETIC_TEACHING_FIXTURE
SYN_PROS_SPK_06	SYN_GROUP_A	SET_4	primary	2	126.8072	162.0476	SYNTHETIC_TEACHING_FIXTURE
SYN_PROS_SPK_06	SYN_GROUP_A	SET_4	primary	3	131.5794	174.2511	SYNTHETIC_TEACHING_FIXTURE
SYN_PROS_SPK_06	SYN_GROUP_A	SET_4	primary	4	110.8729	94.1322	SYNTHETIC_TEACHING_FIXTURE
SYN_PROS_SPK_06	SYN_GROUP_A	SET_4	primary	5	155.7945	151.2412	SYNTHETIC_TEACHING_FIXTURE
SYN_PROS_SPK_06	SYN_GROUP_A	SET_4	primary	6	97.976	122.8258	SYNTHETIC_TEACHING_FIXTURE
SYN_PROS_SPK_06	SYN_GROUP_A	SET_4	primary	7	120.7893	103.2909	SYNTHETIC_TEACHING_FIXTURE
SYN_PROS_SPK_06	SYN_GROUP_A	SET_4	primary	8	74.9717	93.9482	SYNTHETIC_TEACHING_FIXTURE
SYN_PROS_SPK_06	SYN_GROUP_A	SET_4	primary	9	141.5993	150.0851	SYNTHETIC_TEACHING_FIXTURE
SYN_PROS_SPK_06	SYN_GROUP_A	SET_4	primary	10	136.7816	71.5071	SYNTHETIC_TEACHING_FIXTURE
SYN_PROS_SPK_06	SYN_GROUP_A	SET_4	alternative	1	118.2614	138.8242	SYNTHETIC_TEACHING_FIXTURE
SYN_PROS_SPK_06	SYN_GROUP_A	SET_4	alternative	2	146.8766	160.2721	SYNTHETIC_TEACHING_FIXTURE
SYN_PROS_SPK_06	SYN_GROUP_A	SET_4	alternative	3	147.9253	131.737	SYNTHETIC_TEACHING_FIXTURE
SYN_PROS_SPK_06	SYN_GROUP_A	SET_4	alternative	4	145.0279	82.44	SYNTHETIC_TEACHING_FIXTURE
SYN_PROS_SPK_06	SYN_GROUP_A	SET_4	alternative	5	110.462	160.7893	SYNTHETIC_TEACHING_FIXTURE
SYN_PROS_SPK_06	SYN_GROUP_A	SET_4	alternative	6	142.2269	162.2962	SYNTHETIC_TEACHING_FIXTURE
SYN_PROS_SPK_06	SYN_GROUP_A	SET_4	alternative	7	159.1558	159.2034	SYNTHETIC_TEACHING_FIXTURE
SYN_PROS_SPK_06	SYN_GROUP_A	SET_4	alternative	8	124.673	159.3368	SYNTHETIC_TEACHING_FIXTURE
SYN_PROS_SPK_06	SYN_GROUP_A	SET_4	alternative	9	111.7139	107.817	SYNTHETIC_TEACHING_FIXTURE
SYN_PROS_SPK_06	SYN_GROUP_A	SET_4	alternative	10	77.8065	148.7025	SYNTHETIC_TEACHING_FIXTURE
SYN_PROS_SPK_07	SYN_GROUP_B	SET_1	primary	1	77.013	98.3733	SYNTHETIC_TEACHING_FIXTURE
SYN_PROS_SPK_07	SYN_GROUP_B	SET_1	primary	2	75.904	76.4522	SYNTHETIC_TEACHING_FIXTURE
SYN_PROS_SPK_07	SYN_GROUP_B	SET_1	primary	3	83.5105	187.5098	SYNTHETIC_TEACHING_FIXTURE
SYN_PROS_SPK_07	SYN_GROUP_B	SET_1	primary	4	117.7094	126.195	SYNTHETIC_TEACHING_FIXTURE
SYN_PROS_SPK_07	SYN_GROUP_B	SET_1	primary	5	71.73	107.5109	SYNTHETIC_TEACHING_FIXTURE
SYN_PROS_SPK_07	SYN_GROUP_B	SET_1	primary	6	112.7973	158.285	SYNTHETIC_TEACHING_FIXTURE
SYN_PROS_SPK_07	SYN_GROUP_B	SET_1	primary	7	123.837	63.4947	SYNTHETIC_TEACHING_FIXTURE
SYN_PROS_SPK_07	SYN_GROUP_B	SET_1	primary	8	67.1419	68.8276	SYNTHETIC_TEACHING_FIXTURE
SYN_PROS_SPK_07	SYN_GROUP_B	SET_1	primary	9	67.6474	192.7213	SYNTHETIC_TEACHING_FIXTURE
SYN_PROS_SPK_07	SYN_GROUP_B	SET_1	primary	10	69.8371	135.1806	SYNTHETIC_TEACHING_FIXTURE
SYN_PROS_SPK_07	SYN_GROUP_B	SET_1	alternative	1	142.7986	73.1368	SYNTHETIC_TEACHING_FIXTURE
SYN_PROS_SPK_07	SYN_GROUP_B	SET_1	alternative	2	125.934	113.1865	SYNTHETIC_TEACHING_FIXTURE
SYN_PROS_SPK_07	SYN_GROUP_B	SET_1	alternative	3	79.0983	159.3183	SYNTHETIC_TEACHING_FIXTURE
SYN_PROS_SPK_07	SYN_GROUP_B	SET_1	alternative	4	68.323	73.7828	SYNTHETIC_TEACHING_FIXTURE
SYN_PROS_SPK_07	SYN_GROUP_B	SET_1	alternative	5	117.9435	128.5172	SYNTHETIC_TEACHING_FIXTURE
SYN_PROS_SPK_07	SYN_GROUP_B	SET_1	alternative	6	95.7758	167.2952	SYNTHETIC_TEACHING_FIXTURE
SYN_PROS_SPK_07	SYN_GROUP_B	SET_1	alternative	7	78.2847	109.2459	SYNTHETIC_TEACHING_FIXTURE
SYN_PROS_SPK_07	SYN_GROUP_B	SET_1	alternative	8	78.0122	101.7637	SYNTHETIC_TEACHING_FIXTURE
SYN_PROS_SPK_07	SYN_GROUP_B	SET_1	alternative	9	97.2442	172.5753	SYNTHETIC_TEACHING_FIXTURE
SYN_PROS_SPK_07	SYN_GROUP_B	SET_1	alternative	10	80.8652	78.0129	SYNTHETIC_TEACHING_FIXTURE
SYN_PROS_SPK_07	SYN_GROUP_B	SET_2	primary	1	84.9174	153.2886	SYNTHETIC_TEACHING_FIXTURE
SYN_PROS_SPK_07	SYN_GROUP_B	SET_2	primary	2	75.9261	183.9508	SYNTHETIC_TEACHING_FIXTURE
SYN_PROS_SPK_07	SYN_GROUP_B	SET_2	primary	3	102.8509	155.7516	SYNTHETIC_TEACHING_FIXTURE
SYN_PROS_SPK_07	SYN_GROUP_B	SET_2	primary	4	78.6862	162.9215	SYNTHETIC_TEACHING_FIXTURE
SYN_PROS_SPK_07	SYN_GROUP_B	SET_2	primary	5	127.7139	62.5631	SYNTHETIC_TEACHING_FIXTURE
SYN_PROS_SPK_07	SYN_GROUP_B	SET_2	primary	6	110.5147	187.1485	SYNTHETIC_TEACHING_FIXTURE
SYN_PROS_SPK_07	SYN_GROUP_B	SET_2	primary	7	132.3526	123.6819	SYNTHETIC_TEACHING_FIXTURE
SYN_PROS_SPK_07	SYN_GROUP_B	SET_2	primary	8	131.4277	98.3688	SYNTHETIC_TEACHING_FIXTURE
SYN_PROS_SPK_07	SYN_GROUP_B	SET_2	primary	9	93.4176	175.7261	SYNTHETIC_TEACHING_FIXTURE
SYN_PROS_SPK_07	SYN_GROUP_B	SET_2	primary	10	121.6049	146.6738	SYNTHETIC_TEACHING_FIXTURE
SYN_PROS_SPK_07	SYN_GROUP_B	SET_2	alternative	1	140.7327	70.0814	SYNTHETIC_TEACHING_FIXTURE
SYN_PROS_SPK_07	SYN_GROUP_B	SET_2	alternative	2	74.5965	112.6035	SYNTHETIC_TEACHING_FIXTURE
SYN_PROS_SPK_07	SYN_GROUP_B	SET_2	alternative	3	72.9861	195.2723	SYNTHETIC_TEACHING_FIXTURE
SYN_PROS_SPK_07	SYN_GROUP_B	SET_2	alternative	4	85.5046	131.5017	SYNTHETIC_TEACHING_FIXTURE
SYN_PROS_SPK_07	SYN_GROUP_B	SET_2	alternative	5	111.8012	170.5622	SYNTHETIC_TEACHING_FIXTURE
SYN_PROS_SPK_07	SYN_GROUP_B	SET_2	alternative	6	130.1381	163.8662	SYNTHETIC_TEACHING_FIXTURE
SYN_PROS_SPK_07	SYN_GROUP_B	SET_2	alternative	7	132.8974	130.9736	SYNTHETIC_TEACHING_FIXTURE
SYN_PROS_SPK_07	SYN_GROUP_B	SET_2	alternative	8	77.0155	106.8133	SYNTHETIC_TEACHING_FIXTURE
SYN_PROS_SPK_07	SYN_GROUP_B	SET_2	alternative	9	68.7424	156.6837	SYNTHETIC_TEACHING_FIXTURE
SYN_PROS_SPK_07	SYN_GROUP_B	SET_2	alternative	10	132.8076	162.4579	SYNTHETIC_TEACHING_FIXTURE
SYN_PROS_SPK_07	SYN_GROUP_B	SET_3	primary	1	126.9904	106.6683	SYNTHETIC_TEACHING_FIXTURE
SYN_PROS_SPK_07	SYN_GROUP_B	SET_3	primary	2	140.0713	110.194	SYNTHETIC_TEACHING_FIXTURE
SYN_PROS_SPK_07	SYN_GROUP_B	SET_3	primary	3	80.1191	76.7473	SYNTHETIC_TEACHING_FIXTURE
SYN_PROS_SPK_07	SYN_GROUP_B	SET_3	primary	4	130.2107	176.2091	SYNTHETIC_TEACHING_FIXTURE
SYN_PROS_SPK_07	SYN_GROUP_B	SET_3	primary	5	79.3752	189.1032	SYNTHETIC_TEACHING_FIXTURE
SYN_PROS_SPK_07	SYN_GROUP_B	SET_3	primary	6	81.7611	169.7062	SYNTHETIC_TEACHING_FIXTURE
SYN_PROS_SPK_07	SYN_GROUP_B	SET_3	primary	7	74.2615	106.8184	SYNTHETIC_TEACHING_FIXTURE
SYN_PROS_SPK_07	SYN_GROUP_B	SET_3	primary	8	98.2625	181.25	SYNTHETIC_TEACHING_FIXTURE
SYN_PROS_SPK_07	SYN_GROUP_B	SET_3	primary	9	82.4968	93.1609	SYNTHETIC_TEACHING_FIXTURE
SYN_PROS_SPK_07	SYN_GROUP_B	SET_3	primary	10	101.7916	173.267	SYNTHETIC_TEACHING_FIXTURE
SYN_PROS_SPK_07	SYN_GROUP_B	SET_3	alternative	1	69.7057	160.659	SYNTHETIC_TEACHING_FIXTURE
SYN_PROS_SPK_07	SYN_GROUP_B	SET_3	alternative	2	144.2203	143.3398	SYNTHETIC_TEACHING_FIXTURE
SYN_PROS_SPK_07	SYN_GROUP_B	SET_3	alternative	3	118.5646	160.152	SYNTHETIC_TEACHING_FIXTURE
SYN_PROS_SPK_07	SYN_GROUP_B	SET_3	alternative	4	125.7639	144.027	SYNTHETIC_TEACHING_FIXTURE
SYN_PROS_SPK_07	SYN_GROUP_B	SET_3	alternative	5	81.7024	89.0666	SYNTHETIC_TEACHING_FIXTURE
SYN_PROS_SPK_07	SYN_GROUP_B	SET_3	alternative	6	98.9573	90.6906	SYNTHETIC_TEACHING_FIXTURE
SYN_PROS_SPK_07	SYN_GROUP_B	SET_3	alternative	7	98.4098	181.2494	SYNTHETIC_TEACHING_FIXTURE
SYN_PROS_SPK_07	SYN_GROUP_B	SET_3	alternative	8	98.6487	67.2732	SYNTHETIC_TEACHING_FIXTURE
SYN_PROS_SPK_07	SYN_GROUP_B	SET_3	alternative	9	79.2827	91.3093	SYNTHETIC_TEACHING_FIXTURE
SYN_PROS_SPK_07	SYN_GROUP_B	SET_3	alternative	10	100.542	71.6974	SYNTHETIC_TEACHING_FIXTURE
SYN_PROS_SPK_07	SYN_GROUP_B	SET_4	primary	1	140.502	82.2115	SYNTHETIC_TEACHING_FIXTURE
SYN_PROS_SPK_07	SYN_GROUP_B	SET_4	primary	2	156.9048	155.5198	SYNTHETIC_TEACHING_FIXTURE
SYN_PROS_SPK_07	SYN_GROUP_B	SET_4	primary	3	88.016	74.4513	SYNTHETIC_TEACHING_FIXTURE
SYN_PROS_SPK_07	SYN_GROUP_B	SET_4	primary	4	118.4696	116.9393	SYNTHETIC_TEACHING_FIXTURE
SYN_PROS_SPK_07	SYN_GROUP_B	SET_4	primary	5	128.7441	191.456	SYNTHETIC_TEACHING_FIXTURE
SYN_PROS_SPK_07	SYN_GROUP_B	SET_4	primary	6	157.3571	158.1581	SYNTHETIC_TEACHING_FIXTURE
SYN_PROS_SPK_07	SYN_GROUP_B	SET_4	primary	7	70.548	127.9806	SYNTHETIC_TEACHING_FIXTURE
SYN_PROS_SPK_07	SYN_GROUP_B	SET_4	primary	8	134.1434	175.7611	SYNTHETIC_TEACHING_FIXTURE
SYN_PROS_SPK_07	SYN_GROUP_B	SET_4	primary	9	115.0295	92.1549	SYNTHETIC_TEACHING_FIXTURE
SYN_PROS_SPK_07	SYN_GROUP_B	SET_4	primary	10	113.1981	139.4111	SYNTHETIC_TEACHING_FIXTURE
SYN_PROS_SPK_07	SYN_GROUP_B	SET_4	alternative	1	86.4493	70.9332	SYNTHETIC_TEACHING_FIXTURE
SYN_PROS_SPK_07	SYN_GROUP_B	SET_4	alternative	2	105.5531	195.6697	SYNTHETIC_TEACHING_FIXTURE
SYN_PROS_SPK_07	SYN_GROUP_B	SET_4	alternative	3	92.1213	114.7845	SYNTHETIC_TEACHING_FIXTURE
SYN_PROS_SPK_07	SYN_GROUP_B	SET_4	alternative	4	78.6013	138.4349	SYNTHETIC_TEACHING_FIXTURE
SYN_PROS_SPK_07	SYN_GROUP_B	SET_4	alternative	5	142.549	63.6677	SYNTHETIC_TEACHING_FIXTURE
SYN_PROS_SPK_07	SYN_GROUP_B	SET_4	alternative	6	148.6074	164.6142	SYNTHETIC_TEACHING_FIXTURE
SYN_PROS_SPK_07	SYN_GROUP_B	SET_4	alternative	7	124.6954	185.6032	SYNTHETIC_TEACHING_FIXTURE
SYN_PROS_SPK_07	SYN_GROUP_B	SET_4	alternative	8	70.6463	101.6172	SYNTHETIC_TEACHING_FIXTURE
SYN_PROS_SPK_07	SYN_GROUP_B	SET_4	alternative	9	106.3294	73.9385	SYNTHETIC_TEACHING_FIXTURE
SYN_PROS_SPK_07	SYN_GROUP_B	SET_4	alternative	10	125.7304	85.0479	SYNTHETIC_TEACHING_FIXTURE
SYN_PROS_SPK_08	SYN_GROUP_B	SET_1	primary	1	118.3142	123.8139	SYNTHETIC_TEACHING_FIXTURE
SYN_PROS_SPK_08	SYN_GROUP_B	SET_1	primary	2	76.7641	93.0221	SYNTHETIC_TEACHING_FIXTURE
SYN_PROS_SPK_08	SYN_GROUP_B	SET_1	primary	3	134.8598	186.0309	SYNTHETIC_TEACHING_FIXTURE
SYN_PROS_SPK_08	SYN_GROUP_B	SET_1	primary	4	74.77	160.7897	SYNTHETIC_TEACHING_FIXTURE
SYN_PROS_SPK_08	SYN_GROUP_B	SET_1	primary	5	109.2691	66.511	SYNTHETIC_TEACHING_FIXTURE
SYN_PROS_SPK_08	SYN_GROUP_B	SET_1	primary	6	90.2785	64.8644	SYNTHETIC_TEACHING_FIXTURE
SYN_PROS_SPK_08	SYN_GROUP_B	SET_1	primary	7	137.8097	163.8053	SYNTHETIC_TEACHING_FIXTURE
SYN_PROS_SPK_08	SYN_GROUP_B	SET_1	primary	8	80.5299	69.135	SYNTHETIC_TEACHING_FIXTURE
SYN_PROS_SPK_08	SYN_GROUP_B	SET_1	primary	9	126.6299	64.3468	SYNTHETIC_TEACHING_FIXTURE
SYN_PROS_SPK_08	SYN_GROUP_B	SET_1	primary	10	95.6879	117.647	SYNTHETIC_TEACHING_FIXTURE
SYN_PROS_SPK_08	SYN_GROUP_B	SET_1	alternative	1	128.3946	107.0934	SYNTHETIC_TEACHING_FIXTURE
SYN_PROS_SPK_08	SYN_GROUP_B	SET_1	alternative	2	137.7105	149.5473	SYNTHETIC_TEACHING_FIXTURE
SYN_PROS_SPK_08	SYN_GROUP_B	SET_1	alternative	3	101.7404	177.7206	SYNTHETIC_TEACHING_FIXTURE
SYN_PROS_SPK_08	SYN_GROUP_B	SET_1	alternative	4	81.8753	95.7227	SYNTHETIC_TEACHING_FIXTURE
SYN_PROS_SPK_08	SYN_GROUP_B	SET_1	alternative	5	105.5888	117.5785	SYNTHETIC_TEACHING_FIXTURE
SYN_PROS_SPK_08	SYN_GROUP_B	SET_1	alternative	6	136.5454	174.7849	SYNTHETIC_TEACHING_FIXTURE
SYN_PROS_SPK_08	SYN_GROUP_B	SET_1	alternative	7	103.009	119.1449	SYNTHETIC_TEACHING_FIXTURE
SYN_PROS_SPK_08	SYN_GROUP_B	SET_1	alternative	8	105.8724	178.1803	SYNTHETIC_TEACHING_FIXTURE
SYN_PROS_SPK_08	SYN_GROUP_B	SET_1	alternative	9	119.3681	137.1646	SYNTHETIC_TEACHING_FIXTURE
SYN_PROS_SPK_08	SYN_GROUP_B	SET_1	alternative	10	127.4791	118.001	SYNTHETIC_TEACHING_FIXTURE
SYN_PROS_SPK_08	SYN_GROUP_B	SET_2	primary	1	134.5922	121.2396	SYNTHETIC_TEACHING_FIXTURE
SYN_PROS_SPK_08	SYN_GROUP_B	SET_2	primary	2	118.2408	133.0864	SYNTHETIC_TEACHING_FIXTURE
SYN_PROS_SPK_08	SYN_GROUP_B	SET_2	primary	3	146.586	84.5287	SYNTHETIC_TEACHING_FIXTURE
SYN_PROS_SPK_08	SYN_GROUP_B	SET_2	primary	4	138.1362	166.6035	SYNTHETIC_TEACHING_FIXTURE
SYN_PROS_SPK_08	SYN_GROUP_B	SET_2	primary	5	141.0114	180.359	SYNTHETIC_TEACHING_FIXTURE
SYN_PROS_SPK_08	SYN_GROUP_B	SET_2	primary	6	80.5749	189.3906	SYNTHETIC_TEACHING_FIXTURE
SYN_PROS_SPK_08	SYN_GROUP_B	SET_2	primary	7	85.3412	93.24	SYNTHETIC_TEACHING_FIXTURE
SYN_PROS_SPK_08	SYN_GROUP_B	SET_2	primary	8	132.9846	168.7132	SYNTHETIC_TEACHING_FIXTURE
SYN_PROS_SPK_08	SYN_GROUP_B	SET_2	primary	9	89.1225	118.7603	SYNTHETIC_TEACHING_FIXTURE
SYN_PROS_SPK_08	SYN_GROUP_B	SET_2	primary	10	109.4394	101.7634	SYNTHETIC_TEACHING_FIXTURE
SYN_PROS_SPK_08	SYN_GROUP_B	SET_2	alternative	1	112.7542	79.4826	SYNTHETIC_TEACHING_FIXTURE
SYN_PROS_SPK_08	SYN_GROUP_B	SET_2	alternative	2	68.7269	138.5555	SYNTHETIC_TEACHING_FIXTURE
SYN_PROS_SPK_08	SYN_GROUP_B	SET_2	alternative	3	129.8189	148.5761	SYNTHETIC_TEACHING_FIXTURE
SYN_PROS_SPK_08	SYN_GROUP_B	SET_2	alternative	4	79.4647	66.6719	SYNTHETIC_TEACHING_FIXTURE
SYN_PROS_SPK_08	SYN_GROUP_B	SET_2	alternative	5	112.7781	123.3391	SYNTHETIC_TEACHING_FIXTURE
SYN_PROS_SPK_08	SYN_GROUP_B	SET_2	alternative	6	117.3848	94.3759	SYNTHETIC_TEACHING_FIXTURE
SYN_PROS_SPK_08	SYN_GROUP_B	SET_2	alternative	7	100.5316	73.0171	SYNTHETIC_TEACHING_FIXTURE
SYN_PROS_SPK_08	SYN_GROUP_B	SET_2	alternative	8	145.1596	132.0788	SYNTHETIC_TEACHING_FIXTURE
SYN_PROS_SPK_08	SYN_GROUP_B	SET_2	alternative	9	142.8892	70.7712	SYNTHETIC_TEACHING_FIXTURE
SYN_PROS_SPK_08	SYN_GROUP_B	SET_2	alternative	10	111.6296	60.7101	SYNTHETIC_TEACHING_FIXTURE
SYN_PROS_SPK_08	SYN_GROUP_B	SET_3	primary	1	128.683	134.4222	SYNTHETIC_TEACHING_FIXTURE
SYN_PROS_SPK_08	SYN_GROUP_B	SET_3	primary	2	113.3896	66.6632	SYNTHETIC_TEACHING_FIXTURE
SYN_PROS_SPK_08	SYN_GROUP_B	SET_3	primary	3	110.8654	136.117	SYNTHETIC_TEACHING_FIXTURE
SYN_PROS_SPK_08	SYN_GROUP_B	SET_3	primary	4	104.9196	113.3159	SYNTHETIC_TEACHING_FIXTURE
SYN_PROS_SPK_08	SYN_GROUP_B	SET_3	primary	5	146.0754	164.3636	SYNTHETIC_TEACHING_FIXTURE
SYN_PROS_SPK_08	SYN_GROUP_B	SET_3	primary	6	73.2859	115.8599	SYNTHETIC_TEACHING_FIXTURE
SYN_PROS_SPK_08	SYN_GROUP_B	SET_3	primary	7	114.064	124.16	SYNTHETIC_TEACHING_FIXTURE
SYN_PROS_SPK_08	SYN_GROUP_B	SET_3	primary	8	139.0479	158.0129	SYNTHETIC_TEACHING_FIXTURE
SYN_PROS_SPK_08	SYN_GROUP_B	SET_3	primary	9	96.9938	119.6006	SYNTHETIC_TEACHING_FIXTURE
SYN_PROS_SPK_08	SYN_GROUP_B	SET_3	primary	10	75.6144	150.9608	SYNTHETIC_TEACHING_FIXTURE
SYN_PROS_SPK_08	SYN_GROUP_B	SET_3	alternative	1	141.4436	77.9549	SYNTHETIC_TEACHING_FIXTURE
SYN_PROS_SPK_08	SYN_GROUP_B	SET_3	alternative	2	142.9678	88.4649	SYNTHETIC_TEACHING_FIXTURE
SYN_PROS_SPK_08	SYN_GROUP_B	SET_3	alternative	3	145.7484	59.5489	SYNTHETIC_TEACHING_FIXTURE
SYN_PROS_SPK_08	SYN_GROUP_B	SET_3	alternative	4	97.6925	174.6986	SYNTHETIC_TEACHING_FIXTURE
SYN_PROS_SPK_08	SYN_GROUP_B	SET_3	alternative	5	119.7751	61.7555	SYNTHETIC_TEACHING_FIXTURE
SYN_PROS_SPK_08	SYN_GROUP_B	SET_3	alternative	6	133.6095	82.2109	SYNTHETIC_TEACHING_FIXTURE
SYN_PROS_SPK_08	SYN_GROUP_B	SET_3	alternative	7	120.4348	131.4266	SYNTHETIC_TEACHING_FIXTURE
SYN_PROS_SPK_08	SYN_GROUP_B	SET_3	alternative	8	130.6953	115.2897	SYNTHETIC_TEACHING_FIXTURE
SYN_PROS_SPK_08	SYN_GROUP_B	SET_3	alternative	9	108.6417	106.6117	SYNTHETIC_TEACHING_FIXTURE
SYN_PROS_SPK_08	SYN_GROUP_B	SET_3	alternative	10	68.2518	181.0545	SYNTHETIC_TEACHING_FIXTURE
SYN_PROS_SPK_08	SYN_GROUP_B	SET_4	primary	1	145.7967	96.9888	SYNTHETIC_TEACHING_FIXTURE
SYN_PROS_SPK_08	SYN_GROUP_B	SET_4	primary	2	138.396	126.8719	SYNTHETIC_TEACHING_FIXTURE
SYN_PROS_SPK_08	SYN_GROUP_B	SET_4	primary	3	96.0083	92.1574	SYNTHETIC_TEACHING_FIXTURE
SYN_PROS_SPK_08	SYN_GROUP_B	SET_4	primary	4	71.5366	83.9196	SYNTHETIC_TEACHING_FIXTURE
SYN_PROS_SPK_08	SYN_GROUP_B	SET_4	primary	5	142.3771	192.5384	SYNTHETIC_TEACHING_FIXTURE
SYN_PROS_SPK_08	SYN_GROUP_B	SET_4	primary	6	141.8032	80.2366	SYNTHETIC_TEACHING_FIXTURE
SYN_PROS_SPK_08	SYN_GROUP_B	SET_4	primary	7	84.2548	144.3677	SYNTHETIC_TEACHING_FIXTURE
SYN_PROS_SPK_08	SYN_GROUP_B	SET_4	primary	8	122.79	172.5846	SYNTHETIC_TEACHING_FIXTURE
SYN_PROS_SPK_08	SYN_GROUP_B	SET_4	primary	9	107.9182	96.8583	SYNTHETIC_TEACHING_FIXTURE
SYN_PROS_SPK_08	SYN_GROUP_B	SET_4	primary	10	126.2401	136.3581	SYNTHETIC_TEACHING_FIXTURE
SYN_PROS_SPK_08	SYN_GROUP_B	SET_4	alternative	1	73.4829	123.2246	SYNTHETIC_TEACHING_FIXTURE
SYN_PROS_SPK_08	SYN_GROUP_B	SET_4	alternative	2	117.9214	168.9002	SYNTHETIC_TEACHING_FIXTURE
SYN_PROS_SPK_08	SYN_GROUP_B	SET_4	alternative	3	82.443	95.6538	SYNTHETIC_TEACHING_FIXTURE
SYN_PROS_SPK_08	SYN_GROUP_B	SET_4	alternative	4	143.3546	73.8689	SYNTHETIC_TEACHING_FIXTURE
SYN_PROS_SPK_08	SYN_GROUP_B	SET_4	alternative	5	156.7383	117.9896	SYNTHETIC_TEACHING_FIXTURE
SYN_PROS_SPK_08	SYN_GROUP_B	SET_4	alternative	6	113.2451	68.0659	SYNTHETIC_TEACHING_FIXTURE
SYN_PROS_SPK_08	SYN_GROUP_B	SET_4	alternative	7	68.6597	175.458	SYNTHETIC_TEACHING_FIXTURE
SYN_PROS_SPK_08	SYN_GROUP_B	SET_4	alternative	8	98.8772	186.9491	SYNTHETIC_TEACHING_FIXTURE
SYN_PROS_SPK_08	SYN_GROUP_B	SET_4	alternative	9	123.9352	162.0977	SYNTHETIC_TEACHING_FIXTURE
SYN_PROS_SPK_08	SYN_GROUP_B	SET_4	alternative	10	114.4852	62.9955	SYNTHETIC_TEACHING_FIXTURE
SYN_PROS_SPK_09	SYN_GROUP_B	SET_1	primary	1	67.0379	183.6965	SYNTHETIC_TEACHING_FIXTURE
SYN_PROS_SPK_09	SYN_GROUP_B	SET_1	primary	2	124.3925	84.0387	SYNTHETIC_TEACHING_FIXTURE
SYN_PROS_SPK_09	SYN_GROUP_B	SET_1	primary	3	101.0261	171.6247	SYNTHETIC_TEACHING_FIXTURE
SYN_PROS_SPK_09	SYN_GROUP_B	SET_1	primary	4	92.434	156.1003	SYNTHETIC_TEACHING_FIXTURE
SYN_PROS_SPK_09	SYN_GROUP_B	SET_1	primary	5	117.658	67.9356	SYNTHETIC_TEACHING_FIXTURE
SYN_PROS_SPK_09	SYN_GROUP_B	SET_1	primary	6	84.6822	170.493	SYNTHETIC_TEACHING_FIXTURE
SYN_PROS_SPK_09	SYN_GROUP_B	SET_1	primary	7	112.8705	73.013	SYNTHETIC_TEACHING_FIXTURE
SYN_PROS_SPK_09	SYN_GROUP_B	SET_1	primary	8	112.3692	183.4155	SYNTHETIC_TEACHING_FIXTURE
SYN_PROS_SPK_09	SYN_GROUP_B	SET_1	primary	9	134.5089	135.139	SYNTHETIC_TEACHING_FIXTURE
SYN_PROS_SPK_09	SYN_GROUP_B	SET_1	primary	10	118.1384	60.2831	SYNTHETIC_TEACHING_FIXTURE
SYN_PROS_SPK_09	SYN_GROUP_B	SET_1	alternative	1	79.9363	122.2715	SYNTHETIC_TEACHING_FIXTURE
SYN_PROS_SPK_09	SYN_GROUP_B	SET_1	alternative	2	65.0653	149.2913	SYNTHETIC_TEACHING_FIXTURE
SYN_PROS_SPK_09	SYN_GROUP_B	SET_1	alternative	3	82.0843	58.1376	SYNTHETIC_TEACHING_FIXTURE
SYN_PROS_SPK_09	SYN_GROUP_B	SET_1	alternative	4	134.4565	90.1483	SYNTHETIC_TEACHING_FIXTURE
SYN_PROS_SPK_09	SYN_GROUP_B	SET_1	alternative	5	106.2412	158.5373	SYNTHETIC_TEACHING_FIXTURE
SYN_PROS_SPK_09	SYN_GROUP_B	SET_1	alternative	6	111.9914	164.3111	SYNTHETIC_TEACHING_FIXTURE
SYN_PROS_SPK_09	SYN_GROUP_B	SET_1	alternative	7	123.3254	145.6191	SYNTHETIC_TEACHING_FIXTURE
SYN_PROS_SPK_09	SYN_GROUP_B	SET_1	alternative	8	125.2804	84.0592	SYNTHETIC_TEACHING_FIXTURE
SYN_PROS_SPK_09	SYN_GROUP_B	SET_1	alternative	9	70.5294	93.2097	SYNTHETIC_TEACHING_FIXTURE
SYN_PROS_SPK_09	SYN_GROUP_B	SET_1	alternative	10	133.2153	144.6241	SYNTHETIC_TEACHING_FIXTURE
SYN_PROS_SPK_09	SYN_GROUP_B	SET_2	primary	1	87.9031	171.7774	SYNTHETIC_TEACHING_FIXTURE
SYN_PROS_SPK_09	SYN_GROUP_B	SET_2	primary	2	144.8199	110.9275	SYNTHETIC_TEACHING_FIXTURE
SYN_PROS_SPK_09	SYN_GROUP_B	SET_2	primary	3	145.1527	110.4923	SYNTHETIC_TEACHING_FIXTURE
SYN_PROS_SPK_09	SYN_GROUP_B	SET_2	primary	4	67.2208	110.4442	SYNTHETIC_TEACHING_FIXTURE
SYN_PROS_SPK_09	SYN_GROUP_B	SET_2	primary	5	82.6225	86.5566	SYNTHETIC_TEACHING_FIXTURE
SYN_PROS_SPK_09	SYN_GROUP_B	SET_2	primary	6	110.2426	126.0866	SYNTHETIC_TEACHING_FIXTURE
SYN_PROS_SPK_09	SYN_GROUP_B	SET_2	primary	7	116.4913	191.2408	SYNTHETIC_TEACHING_FIXTURE
SYN_PROS_SPK_09	SYN_GROUP_B	SET_2	primary	8	80.3887	186.4001	SYNTHETIC_TEACHING_FIXTURE
SYN_PROS_SPK_09	SYN_GROUP_B	SET_2	primary	9	68.8862	100.6147	SYNTHETIC_TEACHING_FIXTURE
SYN_PROS_SPK_09	SYN_GROUP_B	SET_2	primary	10	103.7936	192.639	SYNTHETIC_TEACHING_FIXTURE
SYN_PROS_SPK_09	SYN_GROUP_B	SET_2	alternative	1	111.1256	103.824	SYNTHETIC_TEACHING_FIXTURE
SYN_PROS_SPK_09	SYN_GROUP_B	SET_2	alternative	2	106.3009	125.5767	SYNTHETIC_TEACHING_FIXTURE
SYN_PROS_SPK_09	SYN_GROUP_B	SET_2	alternative	3	84.3222	142.1122	SYNTHETIC_TEACHING_FIXTURE
SYN_PROS_SPK_09	SYN_GROUP_B	SET_2	alternative	4	142.7357	173.6059	SYNTHETIC_TEACHING_FIXTURE
SYN_PROS_SPK_09	SYN_GROUP_B	SET_2	alternative	5	148.3847	161.546	SYNTHETIC_TEACHING_FIXTURE
SYN_PROS_SPK_09	SYN_GROUP_B	SET_2	alternative	6	117.7001	137.1292	SYNTHETIC_TEACHING_FIXTURE
SYN_PROS_SPK_09	SYN_GROUP_B	SET_2	alternative	7	107.6766	112.6193	SYNTHETIC_TEACHING_FIXTURE
SYN_PROS_SPK_09	SYN_GROUP_B	SET_2	alternative	8	95.6726	66.9479	SYNTHETIC_TEACHING_FIXTURE
SYN_PROS_SPK_09	SYN_GROUP_B	SET_2	alternative	9	69.6784	90.0262	SYNTHETIC_TEACHING_FIXTURE
SYN_PROS_SPK_09	SYN_GROUP_B	SET_2	alternative	10	100.7392	138.3224	SYNTHETIC_TEACHING_FIXTURE
SYN_PROS_SPK_09	SYN_GROUP_B	SET_3	primary	1	88.8633	141.5093	SYNTHETIC_TEACHING_FIXTURE
SYN_PROS_SPK_09	SYN_GROUP_B	SET_3	primary	2	139.5269	80.1337	SYNTHETIC_TEACHING_FIXTURE
SYN_PROS_SPK_09	SYN_GROUP_B	SET_3	primary	3	78.2695	190.3917	SYNTHETIC_TEACHING_FIXTURE
SYN_PROS_SPK_09	SYN_GROUP_B	SET_3	primary	4	111.3602	184.9366	SYNTHETIC_TEACHING_FIXTURE
SYN_PROS_SPK_09	SYN_GROUP_B	SET_3	primary	5	133.6128	176.1611	SYNTHETIC_TEACHING_FIXTURE
SYN_PROS_SPK_09	SYN_GROUP_B	SET_3	primary	6	101.6481	136.2165	SYNTHETIC_TEACHING_FIXTURE
SYN_PROS_SPK_09	SYN_GROUP_B	SET_3	primary	7	99.6053	113.4721	SYNTHETIC_TEACHING_FIXTURE
SYN_PROS_SPK_09	SYN_GROUP_B	SET_3	primary	8	149.1475	130.3203	SYNTHETIC_TEACHING_FIXTURE
SYN_PROS_SPK_09	SYN_GROUP_B	SET_3	primary	9	126.3435	100.3553	SYNTHETIC_TEACHING_FIXTURE
SYN_PROS_SPK_09	SYN_GROUP_B	SET_3	primary	10	101.428	167.4949	SYNTHETIC_TEACHING_FIXTURE
SYN_PROS_SPK_09	SYN_GROUP_B	SET_3	alternative	1	113.7744	154.4675	SYNTHETIC_TEACHING_FIXTURE
SYN_PROS_SPK_09	SYN_GROUP_B	SET_3	alternative	2	78.8176	66.7776	SYNTHETIC_TEACHING_FIXTURE
SYN_PROS_SPK_09	SYN_GROUP_B	SET_3	alternative	3	113.5436	130.3405	SYNTHETIC_TEACHING_FIXTURE
SYN_PROS_SPK_09	SYN_GROUP_B	SET_3	alternative	4	105.0944	105.1784	SYNTHETIC_TEACHING_FIXTURE
SYN_PROS_SPK_09	SYN_GROUP_B	SET_3	alternative	5	121.0053	101.4559	SYNTHETIC_TEACHING_FIXTURE
SYN_PROS_SPK_09	SYN_GROUP_B	SET_3	alternative	6	82.657	139.5151	SYNTHETIC_TEACHING_FIXTURE
SYN_PROS_SPK_09	SYN_GROUP_B	SET_3	alternative	7	111.5402	169.7229	SYNTHETIC_TEACHING_FIXTURE
SYN_PROS_SPK_09	SYN_GROUP_B	SET_3	alternative	8	94.1552	128.986	SYNTHETIC_TEACHING_FIXTURE
SYN_PROS_SPK_09	SYN_GROUP_B	SET_3	alternative	9	116.014	83.4774	SYNTHETIC_TEACHING_FIXTURE
SYN_PROS_SPK_09	SYN_GROUP_B	SET_3	alternative	10	153.429	155.9054	SYNTHETIC_TEACHING_FIXTURE
SYN_PROS_SPK_09	SYN_GROUP_B	SET_4	primary	1	153.455	182.7841	SYNTHETIC_TEACHING_FIXTURE
SYN_PROS_SPK_09	SYN_GROUP_B	SET_4	primary	2	123.7569	144.2918	SYNTHETIC_TEACHING_FIXTURE
SYN_PROS_SPK_09	SYN_GROUP_B	SET_4	primary	3	79.3486	185.564	SYNTHETIC_TEACHING_FIXTURE
SYN_PROS_SPK_09	SYN_GROUP_B	SET_4	primary	4	70.8303	190.7313	SYNTHETIC_TEACHING_FIXTURE
SYN_PROS_SPK_09	SYN_GROUP_B	SET_4	primary	5	106.2859	71.8706	SYNTHETIC_TEACHING_FIXTURE
SYN_PROS_SPK_09	SYN_GROUP_B	SET_4	primary	6	113.5872	185.1412	SYNTHETIC_TEACHING_FIXTURE
SYN_PROS_SPK_09	SYN_GROUP_B	SET_4	primary	7	82.187	153.0096	SYNTHETIC_TEACHING_FIXTURE
SYN_PROS_SPK_09	SYN_GROUP_B	SET_4	primary	8	142.6171	180.7604	SYNTHETIC_TEACHING_FIXTURE
SYN_PROS_SPK_09	SYN_GROUP_B	SET_4	primary	9	127.1826	166.2971	SYNTHETIC_TEACHING_FIXTURE
SYN_PROS_SPK_09	SYN_GROUP_B	SET_4	primary	10	130.0177	179.1287	SYNTHETIC_TEACHING_FIXTURE
SYN_PROS_SPK_09	SYN_GROUP_B	SET_4	alternative	1	102.8477	73.9472	SYNTHETIC_TEACHING_FIXTURE
SYN_PROS_SPK_09	SYN_GROUP_B	SET_4	alternative	2	77.2517	171.046	SYNTHETIC_TEACHING_FIXTURE
SYN_PROS_SPK_09	SYN_GROUP_B	SET_4	alternative	3	131.2174	114.8394	SYNTHETIC_TEACHING_FIXTURE
SYN_PROS_SPK_09	SYN_GROUP_B	SET_4	alternative	4	88.6621	60.7179	SYNTHETIC_TEACHING_FIXTURE
SYN_PROS_SPK_09	SYN_GROUP_B	SET_4	alternative	5	83.7647	90.5378	SYNTHETIC_TEACHING_FIXTURE
SYN_PROS_SPK_09	SYN_GROUP_B	SET_4	alternative	6	135.1772	192.4736	SYNTHETIC_TEACHING_FIXTURE
SYN_PROS_SPK_09	SYN_GROUP_B	SET_4	alternative	7	114.3157	150.3	SYNTHETIC_TEACHING_FIXTURE
SYN_PROS_SPK_09	SYN_GROUP_B	SET_4	alternative	8	150.579	149.1627	SYNTHETIC_TEACHING_FIXTURE
SYN_PROS_SPK_09	SYN_GROUP_B	SET_4	alternative	9	66.0193	161.3869	SYNTHETIC_TEACHING_FIXTURE
SYN_PROS_SPK_09	SYN_GROUP_B	SET_4	alternative	10	91.6984	66.0299	SYNTHETIC_TEACHING_FIXTURE
SYN_PROS_SPK_10	SYN_GROUP_B	SET_1	primary	1	129.3479	181.8697	SYNTHETIC_TEACHING_FIXTURE
SYN_PROS_SPK_10	SYN_GROUP_B	SET_1	primary	2	112.9272	65.6453	SYNTHETIC_TEACHING_FIXTURE
SYN_PROS_SPK_10	SYN_GROUP_B	SET_1	primary	3	117.7487	190.4253	SYNTHETIC_TEACHING_FIXTURE
SYN_PROS_SPK_10	SYN_GROUP_B	SET_1	primary	4	93.1159	79.7249	SYNTHETIC_TEACHING_FIXTURE
SYN_PROS_SPK_10	SYN_GROUP_B	SET_1	primary	5	98.1569	173.4472	SYNTHETIC_TEACHING_FIXTURE
SYN_PROS_SPK_10	SYN_GROUP_B	SET_1	primary	6	136.5095	125.2035	SYNTHETIC_TEACHING_FIXTURE
SYN_PROS_SPK_10	SYN_GROUP_B	SET_1	primary	7	88.2229	134.7255	SYNTHETIC_TEACHING_FIXTURE
SYN_PROS_SPK_10	SYN_GROUP_B	SET_1	primary	8	71.811	66.3228	SYNTHETIC_TEACHING_FIXTURE
SYN_PROS_SPK_10	SYN_GROUP_B	SET_1	primary	9	148.3953	110.7558	SYNTHETIC_TEACHING_FIXTURE
SYN_PROS_SPK_10	SYN_GROUP_B	SET_1	primary	10	91.3476	192.0357	SYNTHETIC_TEACHING_FIXTURE
SYN_PROS_SPK_10	SYN_GROUP_B	SET_1	alternative	1	145.7248	153.4246	SYNTHETIC_TEACHING_FIXTURE
SYN_PROS_SPK_10	SYN_GROUP_B	SET_1	alternative	2	96.1262	157.2744	SYNTHETIC_TEACHING_FIXTURE
SYN_PROS_SPK_10	SYN_GROUP_B	SET_1	alternative	3	78.9564	81.6738	SYNTHETIC_TEACHING_FIXTURE
SYN_PROS_SPK_10	SYN_GROUP_B	SET_1	alternative	4	139.8712	100.758	SYNTHETIC_TEACHING_FIXTURE
SYN_PROS_SPK_10	SYN_GROUP_B	SET_1	alternative	5	90.7289	84.1531	SYNTHETIC_TEACHING_FIXTURE
SYN_PROS_SPK_10	SYN_GROUP_B	SET_1	alternative	6	120.9901	105.3163	SYNTHETIC_TEACHING_FIXTURE
SYN_PROS_SPK_10	SYN_GROUP_B	SET_1	alternative	7	89.8661	134.0887	SYNTHETIC_TEACHING_FIXTURE
SYN_PROS_SPK_10	SYN_GROUP_B	SET_1	alternative	8	106.0891	159.2247	SYNTHETIC_TEACHING_FIXTURE
SYN_PROS_SPK_10	SYN_GROUP_B	SET_1	alternative	9	118.018	179.5956	SYNTHETIC_TEACHING_FIXTURE
SYN_PROS_SPK_10	SYN_GROUP_B	SET_1	alternative	10	92.0693	78.7689	SYNTHETIC_TEACHING_FIXTURE
SYN_PROS_SPK_10	SYN_GROUP_B	SET_2	primary	1	75.0266	94.154	SYNTHETIC_TEACHING_FIXTURE
SYN_PROS_SPK_10	SYN_GROUP_B	SET_2	primary	2	128.3332	95.9549	SYNTHETIC_TEACHING_FIXTURE
SYN_PROS_SPK_10	SYN_GROUP_B	SET_2	primary	3	142.1217	65.1049	SYNTHETIC_TEACHING_FIXTURE
SYN_PROS_SPK_10	SYN_GROUP_B	SET_2	primary	4	145.8093	139.1698	SYNTHETIC_TEACHING_FIXTURE
SYN_PROS_SPK_10	SYN_GROUP_B	SET_2	primary	5	132.008	103.1238	SYNTHETIC_TEACHING_FIXTURE
SYN_PROS_SPK_10	SYN_GROUP_B	SET_2	primary	6	127.7329	104.8337	SYNTHETIC_TEACHING_FIXTURE
SYN_PROS_SPK_10	SYN_GROUP_B	SET_2	primary	7	128.6465	71.357	SYNTHETIC_TEACHING_FIXTURE
SYN_PROS_SPK_10	SYN_GROUP_B	SET_2	primary	8	69.483	104.3421	SYNTHETIC_TEACHING_FIXTURE
SYN_PROS_SPK_10	SYN_GROUP_B	SET_2	primary	9	120.3483	149.5096	SYNTHETIC_TEACHING_FIXTURE
SYN_PROS_SPK_10	SYN_GROUP_B	SET_2	primary	10	120.2294	72.9166	SYNTHETIC_TEACHING_FIXTURE
SYN_PROS_SPK_10	SYN_GROUP_B	SET_2	alternative	1	128.147	52.7822	SYNTHETIC_TEACHING_FIXTURE
SYN_PROS_SPK_10	SYN_GROUP_B	SET_2	alternative	2	135.8661	79.0838	SYNTHETIC_TEACHING_FIXTURE
SYN_PROS_SPK_10	SYN_GROUP_B	SET_2	alternative	3	139.8325	108.688	SYNTHETIC_TEACHING_FIXTURE
SYN_PROS_SPK_10	SYN_GROUP_B	SET_2	alternative	4	133.1852	75.7067	SYNTHETIC_TEACHING_FIXTURE
SYN_PROS_SPK_10	SYN_GROUP_B	SET_2	alternative	5	135.8343	85.5176	SYNTHETIC_TEACHING_FIXTURE
SYN_PROS_SPK_10	SYN_GROUP_B	SET_2	alternative	6	155.9912	178.1722	SYNTHETIC_TEACHING_FIXTURE
SYN_PROS_SPK_10	SYN_GROUP_B	SET_2	alternative	7	112.1713	145.2709	SYNTHETIC_TEACHING_FIXTURE
SYN_PROS_SPK_10	SYN_GROUP_B	SET_2	alternative	8	74.4649	162.3517	SYNTHETIC_TEACHING_FIXTURE
SYN_PROS_SPK_10	SYN_GROUP_B	SET_2	alternative	9	66.2721	140.0152	SYNTHETIC_TEACHING_FIXTURE
SYN_PROS_SPK_10	SYN_GROUP_B	SET_2	alternative	10	83.7323	179.7679	SYNTHETIC_TEACHING_FIXTURE
SYN_PROS_SPK_10	SYN_GROUP_B	SET_3	primary	1	74.8583	127.7694	SYNTHETIC_TEACHING_FIXTURE
SYN_PROS_SPK_10	SYN_GROUP_B	SET_3	primary	2	156.6098	62.6614	SYNTHETIC_TEACHING_FIXTURE
SYN_PROS_SPK_10	SYN_GROUP_B	SET_3	primary	3	107.7853	182.9388	SYNTHETIC_TEACHING_FIXTURE
SYN_PROS_SPK_10	SYN_GROUP_B	SET_3	primary	4	98.445	136.3978	SYNTHETIC_TEACHING_FIXTURE
SYN_PROS_SPK_10	SYN_GROUP_B	SET_3	primary	5	86.7783	190.6015	SYNTHETIC_TEACHING_FIXTURE
SYN_PROS_SPK_10	SYN_GROUP_B	SET_3	primary	6	135.5994	62.2008	SYNTHETIC_TEACHING_FIXTURE
SYN_PROS_SPK_10	SYN_GROUP_B	SET_3	primary	7	156.1409	189.4108	SYNTHETIC_TEACHING_FIXTURE
SYN_PROS_SPK_10	SYN_GROUP_B	SET_3	primary	8	149.9962	149.5576	SYNTHETIC_TEACHING_FIXTURE
SYN_PROS_SPK_10	SYN_GROUP_B	SET_3	primary	9	150.9668	109.7782	SYNTHETIC_TEACHING_FIXTURE
SYN_PROS_SPK_10	SYN_GROUP_B	SET_3	primary	10	123.6925	181.9928	SYNTHETIC_TEACHING_FIXTURE
SYN_PROS_SPK_10	SYN_GROUP_B	SET_3	alternative	1	109.6651	145.6738	SYNTHETIC_TEACHING_FIXTURE
SYN_PROS_SPK_10	SYN_GROUP_B	SET_3	alternative	2	96.9654	75.9049	SYNTHETIC_TEACHING_FIXTURE
SYN_PROS_SPK_10	SYN_GROUP_B	SET_3	alternative	3	125.2872	60.2533	SYNTHETIC_TEACHING_FIXTURE
SYN_PROS_SPK_10	SYN_GROUP_B	SET_3	alternative	4	128.8721	187.721	SYNTHETIC_TEACHING_FIXTURE
SYN_PROS_SPK_10	SYN_GROUP_B	SET_3	alternative	5	100.9295	76.1888	SYNTHETIC_TEACHING_FIXTURE
SYN_PROS_SPK_10	SYN_GROUP_B	SET_3	alternative	6	118.2866	151.0316	SYNTHETIC_TEACHING_FIXTURE
SYN_PROS_SPK_10	SYN_GROUP_B	SET_3	alternative	7	108.7757	144.2988	SYNTHETIC_TEACHING_FIXTURE
SYN_PROS_SPK_10	SYN_GROUP_B	SET_3	alternative	8	84.4503	182.601	SYNTHETIC_TEACHING_FIXTURE
SYN_PROS_SPK_10	SYN_GROUP_B	SET_3	alternative	9	115.1997	158.8663	SYNTHETIC_TEACHING_FIXTURE
SYN_PROS_SPK_10	SYN_GROUP_B	SET_3	alternative	10	97.6688	129.4632	SYNTHETIC_TEACHING_FIXTURE
SYN_PROS_SPK_10	SYN_GROUP_B	SET_4	primary	1	110.4274	158.4861	SYNTHETIC_TEACHING_FIXTURE
SYN_PROS_SPK_10	SYN_GROUP_B	SET_4	primary	2	131.7257	157.6651	SYNTHETIC_TEACHING_FIXTURE
SYN_PROS_SPK_10	SYN_GROUP_B	SET_4	primary	3	106.5236	137.3015	SYNTHETIC_TEACHING_FIXTURE
SYN_PROS_SPK_10	SYN_GROUP_B	SET_4	primary	4	74.8393	61.7391	SYNTHETIC_TEACHING_FIXTURE
SYN_PROS_SPK_10	SYN_GROUP_B	SET_4	primary	5	90.3156	183.4094	SYNTHETIC_TEACHING_FIXTURE
SYN_PROS_SPK_10	SYN_GROUP_B	SET_4	primary	6	104.7285	110.3951	SYNTHETIC_TEACHING_FIXTURE
SYN_PROS_SPK_10	SYN_GROUP_B	SET_4	primary	7	136.1372	176.5057	SYNTHETIC_TEACHING_FIXTURE
SYN_PROS_SPK_10	SYN_GROUP_B	SET_4	primary	8	136.5076	109.0322	SYNTHETIC_TEACHING_FIXTURE
SYN_PROS_SPK_10	SYN_GROUP_B	SET_4	primary	9	94.102	142.5717	SYNTHETIC_TEACHING_FIXTURE
SYN_PROS_SPK_10	SYN_GROUP_B	SET_4	primary	10	154.4411	115.1503	SYNTHETIC_TEACHING_FIXTURE
SYN_PROS_SPK_10	SYN_GROUP_B	SET_4	alternative	1	117.2997	99.5033	SYNTHETIC_TEACHING_FIXTURE
SYN_PROS_SPK_10	SYN_GROUP_B	SET_4	alternative	2	154.9939	151.4729	SYNTHETIC_TEACHING_FIXTURE
SYN_PROS_SPK_10	SYN_GROUP_B	SET_4	alternative	3	88.1405	74.5311	SYNTHETIC_TEACHING_FIXTURE
SYN_PROS_SPK_10	SYN_GROUP_B	SET_4	alternative	4	79.9383	150.2386	SYNTHETIC_TEACHING_FIXTURE
SYN_PROS_SPK_10	SYN_GROUP_B	SET_4	alternative	5	82.1234	160.8107	SYNTHETIC_TEACHING_FIXTURE
SYN_PROS_SPK_10	SYN_GROUP_B	SET_4	alternative	6	148.63	189.3718	SYNTHETIC_TEACHING_FIXTURE
SYN_PROS_SPK_10	SYN_GROUP_B	SET_4	alternative	7	107.8302	111.5717	SYNTHETIC_TEACHING_FIXTURE
SYN_PROS_SPK_10	SYN_GROUP_B	SET_4	alternative	8	76.8979	145.1866	SYNTHETIC_TEACHING_FIXTURE
SYN_PROS_SPK_10	SYN_GROUP_B	SET_4	alternative	9	149.0357	95.1465	SYNTHETIC_TEACHING_FIXTURE
SYN_PROS_SPK_10	SYN_GROUP_B	SET_4	alternative	10	123.2924	132.3952	SYNTHETIC_TEACHING_FIXTURE
SYN_PROS_SPK_11	SYN_GROUP_B	SET_1	primary	1	86.8352	78.3021	SYNTHETIC_TEACHING_FIXTURE
SYN_PROS_SPK_11	SYN_GROUP_B	SET_1	primary	2	120.4869	191.4809	SYNTHETIC_TEACHING_FIXTURE
SYN_PROS_SPK_11	SYN_GROUP_B	SET_1	primary	3	131.3697	110.2182	SYNTHETIC_TEACHING_FIXTURE
SYN_PROS_SPK_11	SYN_GROUP_B	SET_1	primary	4	66.7738	130.2503	SYNTHETIC_TEACHING_FIXTURE
SYN_PROS_SPK_11	SYN_GROUP_B	SET_1	primary	5	107.3262	78.4967	SYNTHETIC_TEACHING_FIXTURE
SYN_PROS_SPK_11	SYN_GROUP_B	SET_1	primary	6	121.4139	144.982	SYNTHETIC_TEACHING_FIXTURE
SYN_PROS_SPK_11	SYN_GROUP_B	SET_1	primary	7	87.5796	115.7897	SYNTHETIC_TEACHING_FIXTURE
SYN_PROS_SPK_11	SYN_GROUP_B	SET_1	primary	8	147.7716	171.3483	SYNTHETIC_TEACHING_FIXTURE
SYN_PROS_SPK_11	SYN_GROUP_B	SET_1	primary	9	122.1907	145.772	SYNTHETIC_TEACHING_FIXTURE
SYN_PROS_SPK_11	SYN_GROUP_B	SET_1	primary	10	97.2117	138.1277	SYNTHETIC_TEACHING_FIXTURE
SYN_PROS_SPK_11	SYN_GROUP_B	SET_1	alternative	1	117.497	142.4013	SYNTHETIC_TEACHING_FIXTURE
SYN_PROS_SPK_11	SYN_GROUP_B	SET_1	alternative	2	77.8049	184.6664	SYNTHETIC_TEACHING_FIXTURE
SYN_PROS_SPK_11	SYN_GROUP_B	SET_1	alternative	3	136.4169	83.7781	SYNTHETIC_TEACHING_FIXTURE
SYN_PROS_SPK_11	SYN_GROUP_B	SET_1	alternative	4	90.0386	190.8012	SYNTHETIC_TEACHING_FIXTURE
SYN_PROS_SPK_11	SYN_GROUP_B	SET_1	alternative	5	101.6626	168.9622	SYNTHETIC_TEACHING_FIXTURE
SYN_PROS_SPK_11	SYN_GROUP_B	SET_1	alternative	6	67.7965	193.8733	SYNTHETIC_TEACHING_FIXTURE
SYN_PROS_SPK_11	SYN_GROUP_B	SET_1	alternative	7	127.466	126.8839	SYNTHETIC_TEACHING_FIXTURE
SYN_PROS_SPK_11	SYN_GROUP_B	SET_1	alternative	8	108.4298	161.2892	SYNTHETIC_TEACHING_FIXTURE
SYN_PROS_SPK_11	SYN_GROUP_B	SET_1	alternative	9	137.1775	111.9548	SYNTHETIC_TEACHING_FIXTURE
SYN_PROS_SPK_11	SYN_GROUP_B	SET_1	alternative	10	110.797	124.5264	SYNTHETIC_TEACHING_FIXTURE
SYN_PROS_SPK_11	SYN_GROUP_B	SET_2	primary	1	131.4205	91.352	SYNTHETIC_TEACHING_FIXTURE
SYN_PROS_SPK_11	SYN_GROUP_B	SET_2	primary	2	107.6824	78.794	SYNTHETIC_TEACHING_FIXTURE
SYN_PROS_SPK_11	SYN_GROUP_B	SET_2	primary	3	79.1225	120.5711	SYNTHETIC_TEACHING_FIXTURE
SYN_PROS_SPK_11	SYN_GROUP_B	SET_2	primary	4	147.534	64.6817	SYNTHETIC_TEACHING_FIXTURE
SYN_PROS_SPK_11	SYN_GROUP_B	SET_2	primary	5	74.8866	74.3289	SYNTHETIC_TEACHING_FIXTURE
SYN_PROS_SPK_11	SYN_GROUP_B	SET_2	primary	6	145.2063	192.3455	SYNTHETIC_TEACHING_FIXTURE
SYN_PROS_SPK_11	SYN_GROUP_B	SET_2	primary	7	138.4827	111.1879	SYNTHETIC_TEACHING_FIXTURE
SYN_PROS_SPK_11	SYN_GROUP_B	SET_2	primary	8	121.6439	169.6022	SYNTHETIC_TEACHING_FIXTURE
SYN_PROS_SPK_11	SYN_GROUP_B	SET_2	primary	9	89.4216	166.8802	SYNTHETIC_TEACHING_FIXTURE
SYN_PROS_SPK_11	SYN_GROUP_B	SET_2	primary	10	120.5243	107.1867	SYNTHETIC_TEACHING_FIXTURE
SYN_PROS_SPK_11	SYN_GROUP_B	SET_2	alternative	1	134.9409	83.4009	SYNTHETIC_TEACHING_FIXTURE
SYN_PROS_SPK_11	SYN_GROUP_B	SET_2	alternative	2	120.2871	105.1542	SYNTHETIC_TEACHING_FIXTURE
SYN_PROS_SPK_11	SYN_GROUP_B	SET_2	alternative	3	116.3648	107.7163	SYNTHETIC_TEACHING_FIXTURE
SYN_PROS_SPK_11	SYN_GROUP_B	SET_2	alternative	4	145.0852	95.5041	SYNTHETIC_TEACHING_FIXTURE
SYN_PROS_SPK_11	SYN_GROUP_B	SET_2	alternative	5	135.7327	119.6789	SYNTHETIC_TEACHING_FIXTURE
SYN_PROS_SPK_11	SYN_GROUP_B	SET_2	alternative	6	101.5794	168.4531	SYNTHETIC_TEACHING_FIXTURE
SYN_PROS_SPK_11	SYN_GROUP_B	SET_2	alternative	7	142.6405	159.0682	SYNTHETIC_TEACHING_FIXTURE
SYN_PROS_SPK_11	SYN_GROUP_B	SET_2	alternative	8	71.0187	96.9555	SYNTHETIC_TEACHING_FIXTURE
SYN_PROS_SPK_11	SYN_GROUP_B	SET_2	alternative	9	101.174	157.0542	SYNTHETIC_TEACHING_FIXTURE
SYN_PROS_SPK_11	SYN_GROUP_B	SET_2	alternative	10	138.9493	68.4142	SYNTHETIC_TEACHING_FIXTURE
SYN_PROS_SPK_11	SYN_GROUP_B	SET_3	primary	1	119.0187	153.0622	SYNTHETIC_TEACHING_FIXTURE
SYN_PROS_SPK_11	SYN_GROUP_B	SET_3	primary	2	97.0128	168.911	SYNTHETIC_TEACHING_FIXTURE
SYN_PROS_SPK_11	SYN_GROUP_B	SET_3	primary	3	75.1552	76.3442	SYNTHETIC_TEACHING_FIXTURE
SYN_PROS_SPK_11	SYN_GROUP_B	SET_3	primary	4	82.5727	70.1558	SYNTHETIC_TEACHING_FIXTURE
SYN_PROS_SPK_11	SYN_GROUP_B	SET_3	primary	5	125.6829	119.8679	SYNTHETIC_TEACHING_FIXTURE
SYN_PROS_SPK_11	SYN_GROUP_B	SET_3	primary	6	77.6545	96.7336	SYNTHETIC_TEACHING_FIXTURE
SYN_PROS_SPK_11	SYN_GROUP_B	SET_3	primary	7	142.6278	138.7488	SYNTHETIC_TEACHING_FIXTURE
SYN_PROS_SPK_11	SYN_GROUP_B	SET_3	primary	8	117.2234	178.7213	SYNTHETIC_TEACHING_FIXTURE
SYN_PROS_SPK_11	SYN_GROUP_B	SET_3	primary	9	144.2149	168.7939	SYNTHETIC_TEACHING_FIXTURE
SYN_PROS_SPK_11	SYN_GROUP_B	SET_3	primary	10	94.9355	147.766	SYNTHETIC_TEACHING_FIXTURE
SYN_PROS_SPK_11	SYN_GROUP_B	SET_3	alternative	1	77.9005	95.4953	SYNTHETIC_TEACHING_FIXTURE
SYN_PROS_SPK_11	SYN_GROUP_B	SET_3	alternative	2	85.0358	122.6309	SYNTHETIC_TEACHING_FIXTURE
SYN_PROS_SPK_11	SYN_GROUP_B	SET_3	alternative	3	150.966	169.7194	SYNTHETIC_TEACHING_FIXTURE
SYN_PROS_SPK_11	SYN_GROUP_B	SET_3	alternative	4	141.2105	119.4398	SYNTHETIC_TEACHING_FIXTURE
SYN_PROS_SPK_11	SYN_GROUP_B	SET_3	alternative	5	122.5374	75.2594	SYNTHETIC_TEACHING_FIXTURE
SYN_PROS_SPK_11	SYN_GROUP_B	SET_3	alternative	6	75.235	162.2512	SYNTHETIC_TEACHING_FIXTURE
SYN_PROS_SPK_11	SYN_GROUP_B	SET_3	alternative	7	80.0281	160.2099	SYNTHETIC_TEACHING_FIXTURE
SYN_PROS_SPK_11	SYN_GROUP_B	SET_3	alternative	8	151.4954	75.7502	SYNTHETIC_TEACHING_FIXTURE
SYN_PROS_SPK_11	SYN_GROUP_B	SET_3	alternative	9	78.537	153.541	SYNTHETIC_TEACHING_FIXTURE
SYN_PROS_SPK_11	SYN_GROUP_B	SET_3	alternative	10	121.3335	154.4459	SYNTHETIC_TEACHING_FIXTURE
SYN_PROS_SPK_11	SYN_GROUP_B	SET_4	primary	1	79.8081	130.1372	SYNTHETIC_TEACHING_FIXTURE
SYN_PROS_SPK_11	SYN_GROUP_B	SET_4	primary	2	112.5635	174.6578	SYNTHETIC_TEACHING_FIXTURE
SYN_PROS_SPK_11	SYN_GROUP_B	SET_4	primary	3	149.3689	70.8179	SYNTHETIC_TEACHING_FIXTURE
SYN_PROS_SPK_11	SYN_GROUP_B	SET_4	primary	4	89.5743	137.7311	SYNTHETIC_TEACHING_FIXTURE
SYN_PROS_SPK_11	SYN_GROUP_B	SET_4	primary	5	120.0093	157.9673	SYNTHETIC_TEACHING_FIXTURE
SYN_PROS_SPK_11	SYN_GROUP_B	SET_4	primary	6	105.4656	177.1519	SYNTHETIC_TEACHING_FIXTURE
SYN_PROS_SPK_11	SYN_GROUP_B	SET_4	primary	7	123.4573	78.835	SYNTHETIC_TEACHING_FIXTURE
SYN_PROS_SPK_11	SYN_GROUP_B	SET_4	primary	8	146.4813	192.0034	SYNTHETIC_TEACHING_FIXTURE
SYN_PROS_SPK_11	SYN_GROUP_B	SET_4	primary	9	138.9496	177.5756	SYNTHETIC_TEACHING_FIXTURE
SYN_PROS_SPK_11	SYN_GROUP_B	SET_4	primary	10	127.8993	138.6987	SYNTHETIC_TEACHING_FIXTURE
SYN_PROS_SPK_11	SYN_GROUP_B	SET_4	alternative	1	67.3237	162.4273	SYNTHETIC_TEACHING_FIXTURE
SYN_PROS_SPK_11	SYN_GROUP_B	SET_4	alternative	2	94.3181	180.298	SYNTHETIC_TEACHING_FIXTURE
SYN_PROS_SPK_11	SYN_GROUP_B	SET_4	alternative	3	70.5929	68.3736	SYNTHETIC_TEACHING_FIXTURE
SYN_PROS_SPK_11	SYN_GROUP_B	SET_4	alternative	4	108.1126	188.9731	SYNTHETIC_TEACHING_FIXTURE
SYN_PROS_SPK_11	SYN_GROUP_B	SET_4	alternative	5	117.8681	179.3056	SYNTHETIC_TEACHING_FIXTURE
SYN_PROS_SPK_11	SYN_GROUP_B	SET_4	alternative	6	158.9277	180.7131	SYNTHETIC_TEACHING_FIXTURE
SYN_PROS_SPK_11	SYN_GROUP_B	SET_4	alternative	7	147.4148	185.9584	SYNTHETIC_TEACHING_FIXTURE
SYN_PROS_SPK_11	SYN_GROUP_B	SET_4	alternative	8	128.6585	88.2849	SYNTHETIC_TEACHING_FIXTURE
SYN_PROS_SPK_11	SYN_GROUP_B	SET_4	alternative	9	99.9671	92.0308	SYNTHETIC_TEACHING_FIXTURE
SYN_PROS_SPK_11	SYN_GROUP_B	SET_4	alternative	10	88.9334	94.7566	SYNTHETIC_TEACHING_FIXTURE
SYN_PROS_SPK_12	SYN_GROUP_B	SET_1	primary	1	139.8053	122.1238	SYNTHETIC_TEACHING_FIXTURE
SYN_PROS_SPK_12	SYN_GROUP_B	SET_1	primary	2	143.1052	101.1848	SYNTHETIC_TEACHING_FIXTURE
SYN_PROS_SPK_12	SYN_GROUP_B	SET_1	primary	3	100.611	93.8504	SYNTHETIC_TEACHING_FIXTURE
SYN_PROS_SPK_12	SYN_GROUP_B	SET_1	primary	4	115.4557	124.8183	SYNTHETIC_TEACHING_FIXTURE
SYN_PROS_SPK_12	SYN_GROUP_B	SET_1	primary	5	97.3993	186.0264	SYNTHETIC_TEACHING_FIXTURE
SYN_PROS_SPK_12	SYN_GROUP_B	SET_1	primary	6	121.2187	183.5704	SYNTHETIC_TEACHING_FIXTURE
SYN_PROS_SPK_12	SYN_GROUP_B	SET_1	primary	7	88.2097	147.1463	SYNTHETIC_TEACHING_FIXTURE
SYN_PROS_SPK_12	SYN_GROUP_B	SET_1	primary	8	133.8228	100.5444	SYNTHETIC_TEACHING_FIXTURE
SYN_PROS_SPK_12	SYN_GROUP_B	SET_1	primary	9	111.4728	95.5329	SYNTHETIC_TEACHING_FIXTURE
SYN_PROS_SPK_12	SYN_GROUP_B	SET_1	primary	10	109.9884	138.8383	SYNTHETIC_TEACHING_FIXTURE
SYN_PROS_SPK_12	SYN_GROUP_B	SET_1	alternative	1	111.1123	155.2361	SYNTHETIC_TEACHING_FIXTURE
SYN_PROS_SPK_12	SYN_GROUP_B	SET_1	alternative	2	75.4214	100.7633	SYNTHETIC_TEACHING_FIXTURE
SYN_PROS_SPK_12	SYN_GROUP_B	SET_1	alternative	3	78.1434	75.8293	SYNTHETIC_TEACHING_FIXTURE
SYN_PROS_SPK_12	SYN_GROUP_B	SET_1	alternative	4	127.3551	154.4018	SYNTHETIC_TEACHING_FIXTURE
SYN_PROS_SPK_12	SYN_GROUP_B	SET_1	alternative	5	123.2617	153.6073	SYNTHETIC_TEACHING_FIXTURE
SYN_PROS_SPK_12	SYN_GROUP_B	SET_1	alternative	6	150.633	127.0389	SYNTHETIC_TEACHING_FIXTURE
SYN_PROS_SPK_12	SYN_GROUP_B	SET_1	alternative	7	135.3616	156.0402	SYNTHETIC_TEACHING_FIXTURE
SYN_PROS_SPK_12	SYN_GROUP_B	SET_1	alternative	8	127.3391	134.7397	SYNTHETIC_TEACHING_FIXTURE
SYN_PROS_SPK_12	SYN_GROUP_B	SET_1	alternative	9	71.0289	183.4988	SYNTHETIC_TEACHING_FIXTURE
SYN_PROS_SPK_12	SYN_GROUP_B	SET_1	alternative	10	84.6282	84.7755	SYNTHETIC_TEACHING_FIXTURE
SYN_PROS_SPK_12	SYN_GROUP_B	SET_2	primary	1	105.0614	187.2432	SYNTHETIC_TEACHING_FIXTURE
SYN_PROS_SPK_12	SYN_GROUP_B	SET_2	primary	2	84.0942	81.468	SYNTHETIC_TEACHING_FIXTURE
SYN_PROS_SPK_12	SYN_GROUP_B	SET_2	primary	3	142.79	144.1974	SYNTHETIC_TEACHING_FIXTURE
SYN_PROS_SPK_12	SYN_GROUP_B	SET_2	primary	4	132.6993	193.4057	SYNTHETIC_TEACHING_FIXTURE
SYN_PROS_SPK_12	SYN_GROUP_B	SET_2	primary	5	140.7986	59.4673	SYNTHETIC_TEACHING_FIXTURE
SYN_PROS_SPK_12	SYN_GROUP_B	SET_2	primary	6	73.0552	122.2661	SYNTHETIC_TEACHING_FIXTURE
SYN_PROS_SPK_12	SYN_GROUP_B	SET_2	primary	7	89.2453	88.5328	SYNTHETIC_TEACHING_FIXTURE
SYN_PROS_SPK_12	SYN_GROUP_B	SET_2	primary	8	72.9228	120.5219	SYNTHETIC_TEACHING_FIXTURE
SYN_PROS_SPK_12	SYN_GROUP_B	SET_2	primary	9	114.4928	144.4641	SYNTHETIC_TEACHING_FIXTURE
SYN_PROS_SPK_12	SYN_GROUP_B	SET_2	primary	10	113.8564	105.6508	SYNTHETIC_TEACHING_FIXTURE
SYN_PROS_SPK_12	SYN_GROUP_B	SET_2	alternative	1	102.9244	154.1588	SYNTHETIC_TEACHING_FIXTURE
SYN_PROS_SPK_12	SYN_GROUP_B	SET_2	alternative	2	102.0037	84.7194	SYNTHETIC_TEACHING_FIXTURE
SYN_PROS_SPK_12	SYN_GROUP_B	SET_2	alternative	3	91.6693	122.2792	SYNTHETIC_TEACHING_FIXTURE
SYN_PROS_SPK_12	SYN_GROUP_B	SET_2	alternative	4	141.4665	115.693	SYNTHETIC_TEACHING_FIXTURE
SYN_PROS_SPK_12	SYN_GROUP_B	SET_2	alternative	5	93.3894	100.8856	SYNTHETIC_TEACHING_FIXTURE
SYN_PROS_SPK_12	SYN_GROUP_B	SET_2	alternative	6	77.235	116.2021	SYNTHETIC_TEACHING_FIXTURE
SYN_PROS_SPK_12	SYN_GROUP_B	SET_2	alternative	7	65.1405	98.2624	SYNTHETIC_TEACHING_FIXTURE
SYN_PROS_SPK_12	SYN_GROUP_B	SET_2	alternative	8	86.768	142.8258	SYNTHETIC_TEACHING_FIXTURE
SYN_PROS_SPK_12	SYN_GROUP_B	SET_2	alternative	9	86.7515	170.176	SYNTHETIC_TEACHING_FIXTURE
SYN_PROS_SPK_12	SYN_GROUP_B	SET_2	alternative	10	105.6085	160.0917	SYNTHETIC_TEACHING_FIXTURE
SYN_PROS_SPK_12	SYN_GROUP_B	SET_3	primary	1	76.3603	92.2957	SYNTHETIC_TEACHING_FIXTURE
SYN_PROS_SPK_12	SYN_GROUP_B	SET_3	primary	2	151.0305	68.3222	SYNTHETIC_TEACHING_FIXTURE
SYN_PROS_SPK_12	SYN_GROUP_B	SET_3	primary	3	156.8912	130.2015	SYNTHETIC_TEACHING_FIXTURE
SYN_PROS_SPK_12	SYN_GROUP_B	SET_3	primary	4	87.082	160.1148	SYNTHETIC_TEACHING_FIXTURE
SYN_PROS_SPK_12	SYN_GROUP_B	SET_3	primary	5	114.5333	157.1143	SYNTHETIC_TEACHING_FIXTURE
SYN_PROS_SPK_12	SYN_GROUP_B	SET_3	primary	6	110.529	79.1865	SYNTHETIC_TEACHING_FIXTURE
SYN_PROS_SPK_12	SYN_GROUP_B	SET_3	primary	7	127.3572	169.3706	SYNTHETIC_TEACHING_FIXTURE
SYN_PROS_SPK_12	SYN_GROUP_B	SET_3	primary	8	129.3312	151.2093	SYNTHETIC_TEACHING_FIXTURE
SYN_PROS_SPK_12	SYN_GROUP_B	SET_3	primary	9	147.451	191.6846	SYNTHETIC_TEACHING_FIXTURE
SYN_PROS_SPK_12	SYN_GROUP_B	SET_3	primary	10	73.7223	172.1135	SYNTHETIC_TEACHING_FIXTURE
SYN_PROS_SPK_12	SYN_GROUP_B	SET_3	alternative	1	70.5666	194.0149	SYNTHETIC_TEACHING_FIXTURE
SYN_PROS_SPK_12	SYN_GROUP_B	SET_3	alternative	2	98.2661	127.957	SYNTHETIC_TEACHING_FIXTURE
SYN_PROS_SPK_12	SYN_GROUP_B	SET_3	alternative	3	87.0093	194.1323	SYNTHETIC_TEACHING_FIXTURE
SYN_PROS_SPK_12	SYN_GROUP_B	SET_3	alternative	4	125.2075	73.8137	SYNTHETIC_TEACHING_FIXTURE
SYN_PROS_SPK_12	SYN_GROUP_B	SET_3	alternative	5	67.8608	79.3513	SYNTHETIC_TEACHING_FIXTURE
SYN_PROS_SPK_12	SYN_GROUP_B	SET_3	alternative	6	87.679	57.3949	SYNTHETIC_TEACHING_FIXTURE
SYN_PROS_SPK_12	SYN_GROUP_B	SET_3	alternative	7	115.709	118.9261	SYNTHETIC_TEACHING_FIXTURE
SYN_PROS_SPK_12	SYN_GROUP_B	SET_3	alternative	8	130.5276	83.2449	SYNTHETIC_TEACHING_FIXTURE
SYN_PROS_SPK_12	SYN_GROUP_B	SET_3	alternative	9	91.1942	153.7006	SYNTHETIC_TEACHING_FIXTURE
SYN_PROS_SPK_12	SYN_GROUP_B	SET_3	alternative	10	123.2913	163.6198	SYNTHETIC_TEACHING_FIXTURE
SYN_PROS_SPK_12	SYN_GROUP_B	SET_4	primary	1	120.4024	136.8861	SYNTHETIC_TEACHING_FIXTURE
SYN_PROS_SPK_12	SYN_GROUP_B	SET_4	primary	2	144.5583	168.6692	SYNTHETIC_TEACHING_FIXTURE
SYN_PROS_SPK_12	SYN_GROUP_B	SET_4	primary	3	80.3835	158.1784	SYNTHETIC_TEACHING_FIXTURE
SYN_PROS_SPK_12	SYN_GROUP_B	SET_4	primary	4	147.0818	133.9843	SYNTHETIC_TEACHING_FIXTURE
SYN_PROS_SPK_12	SYN_GROUP_B	SET_4	primary	5	129.0942	85.1551	SYNTHETIC_TEACHING_FIXTURE
SYN_PROS_SPK_12	SYN_GROUP_B	SET_4	primary	6	96.1986	133.1602	SYNTHETIC_TEACHING_FIXTURE
SYN_PROS_SPK_12	SYN_GROUP_B	SET_4	primary	7	79.0381	168.0253	SYNTHETIC_TEACHING_FIXTURE
SYN_PROS_SPK_12	SYN_GROUP_B	SET_4	primary	8	84.9381	187.5801	SYNTHETIC_TEACHING_FIXTURE
SYN_PROS_SPK_12	SYN_GROUP_B	SET_4	primary	9	113.781	145.2883	SYNTHETIC_TEACHING_FIXTURE
SYN_PROS_SPK_12	SYN_GROUP_B	SET_4	primary	10	128.5399	177.3015	SYNTHETIC_TEACHING_FIXTURE
SYN_PROS_SPK_12	SYN_GROUP_B	SET_4	alternative	1	91.0605	104.9971	SYNTHETIC_TEACHING_FIXTURE
SYN_PROS_SPK_12	SYN_GROUP_B	SET_4	alternative	2	67.1414	76.829	SYNTHETIC_TEACHING_FIXTURE
SYN_PROS_SPK_12	SYN_GROUP_B	SET_4	alternative	3	136.3248	172.6269	SYNTHETIC_TEACHING_FIXTURE
SYN_PROS_SPK_12	SYN_GROUP_B	SET_4	alternative	4	152.1295	167.7986	SYNTHETIC_TEACHING_FIXTURE
SYN_PROS_SPK_12	SYN_GROUP_B	SET_4	alternative	5	83.2127	107.3457	SYNTHETIC_TEACHING_FIXTURE
SYN_PROS_SPK_12	SYN_GROUP_B	SET_4	alternative	6	84.0352	175.0861	SYNTHETIC_TEACHING_FIXTURE
SYN_PROS_SPK_12	SYN_GROUP_B	SET_4	alternative	7	136.7124	82.0769	SYNTHETIC_TEACHING_FIXTURE
SYN_PROS_SPK_12	SYN_GROUP_B	SET_4	alternative	8	110.111	173.0391	SYNTHETIC_TEACHING_FIXTURE
SYN_PROS_SPK_12	SYN_GROUP_B	SET_4	alternative	9	92.4883	74.8368	SYNTHETIC_TEACHING_FIXTURE
SYN_PROS_SPK_12	SYN_GROUP_B	SET_4	alternative	10	68.6264	142.7365	SYNTHETIC_TEACHING_FIXTURE
