event_id	participant_code	condition_id	trial_type	signal_present	yes_response	correct	rt_ms	rt_origin	device_profile	data_status	exclusion_reason
SYN_DET_00081	SYN_P01	SYN_NEUTRAL	signal	1	1	1	100	stimulus_onset	SYN_BROWSER_PROFILE_A	SYNTHETIC_TEACHING_FIXTURE	rt_below_minimum
SYN_DET_00082	SYN_P01	SYN_NEUTRAL	signal	1	0	0	2500	stimulus_onset	SYN_BROWSER_PROFILE_A	SYNTHETIC_TEACHING_FIXTURE	rt_above_maximum
SYN_DET_00163	SYN_P01	SYN_CONSERVATIVE	signal	1	1	1	100	stimulus_onset	SYN_BROWSER_PROFILE_A	SYNTHETIC_TEACHING_FIXTURE	rt_below_minimum
SYN_DET_00164	SYN_P01	SYN_CONSERVATIVE	signal	1	0	0	2500	stimulus_onset	SYN_BROWSER_PROFILE_A	SYNTHETIC_TEACHING_FIXTURE	rt_above_maximum
SYN_DET_00245	SYN_P02	SYN_NEUTRAL	signal	1	1	1	100	stimulus_onset	SYN_BROWSER_PROFILE_A	SYNTHETIC_TEACHING_FIXTURE	rt_below_minimum
SYN_DET_00246	SYN_P02	SYN_NEUTRAL	signal	1	0	0	2500	stimulus_onset	SYN_BROWSER_PROFILE_A	SYNTHETIC_TEACHING_FIXTURE	rt_above_maximum
SYN_DET_00327	SYN_P02	SYN_CONSERVATIVE	signal	1	1	1	100	stimulus_onset	SYN_BROWSER_PROFILE_A	SYNTHETIC_TEACHING_FIXTURE	rt_below_minimum
SYN_DET_00328	SYN_P02	SYN_CONSERVATIVE	signal	1	0	0	2500	stimulus_onset	SYN_BROWSER_PROFILE_A	SYNTHETIC_TEACHING_FIXTURE	rt_above_maximum
SYN_DET_00409	SYN_P03	SYN_NEUTRAL	signal	1	1	1	100	stimulus_onset	SYN_BROWSER_PROFILE_A	SYNTHETIC_TEACHING_FIXTURE	rt_below_minimum
SYN_DET_00410	SYN_P03	SYN_NEUTRAL	signal	1	0	0	2500	stimulus_onset	SYN_BROWSER_PROFILE_A	SYNTHETIC_TEACHING_FIXTURE	rt_above_maximum
SYN_DET_00491	SYN_P03	SYN_CONSERVATIVE	signal	1	1	1	100	stimulus_onset	SYN_BROWSER_PROFILE_A	SYNTHETIC_TEACHING_FIXTURE	rt_below_minimum
SYN_DET_00492	SYN_P03	SYN_CONSERVATIVE	signal	1	0	0	2500	stimulus_onset	SYN_BROWSER_PROFILE_A	SYNTHETIC_TEACHING_FIXTURE	rt_above_maximum
SYN_DET_00573	SYN_P04	SYN_NEUTRAL	signal	1	1	1	100	stimulus_onset	SYN_BROWSER_PROFILE_A	SYNTHETIC_TEACHING_FIXTURE	rt_below_minimum
SYN_DET_00574	SYN_P04	SYN_NEUTRAL	signal	1	0	0	2500	stimulus_onset	SYN_BROWSER_PROFILE_A	SYNTHETIC_TEACHING_FIXTURE	rt_above_maximum
SYN_DET_00655	SYN_P04	SYN_CONSERVATIVE	signal	1	1	1	100	stimulus_onset	SYN_BROWSER_PROFILE_A	SYNTHETIC_TEACHING_FIXTURE	rt_below_minimum
SYN_DET_00656	SYN_P04	SYN_CONSERVATIVE	signal	1	0	0	2500	stimulus_onset	SYN_BROWSER_PROFILE_A	SYNTHETIC_TEACHING_FIXTURE	rt_above_maximum
SYN_DET_00737	SYN_P05	SYN_NEUTRAL	signal	1	1	1	100	stimulus_onset	SYN_BROWSER_PROFILE_A	SYNTHETIC_TEACHING_FIXTURE	rt_below_minimum
SYN_DET_00738	SYN_P05	SYN_NEUTRAL	signal	1	0	0	2500	stimulus_onset	SYN_BROWSER_PROFILE_A	SYNTHETIC_TEACHING_FIXTURE	rt_above_maximum
SYN_DET_00819	SYN_P05	SYN_CONSERVATIVE	signal	1	1	1	100	stimulus_onset	SYN_BROWSER_PROFILE_A	SYNTHETIC_TEACHING_FIXTURE	rt_below_minimum
SYN_DET_00820	SYN_P05	SYN_CONSERVATIVE	signal	1	0	0	2500	stimulus_onset	SYN_BROWSER_PROFILE_A	SYNTHETIC_TEACHING_FIXTURE	rt_above_maximum
SYN_DET_00901	SYN_P06	SYN_NEUTRAL	signal	1	1	1	100	stimulus_onset	SYN_BROWSER_PROFILE_A	SYNTHETIC_TEACHING_FIXTURE	rt_below_minimum
SYN_DET_00902	SYN_P06	SYN_NEUTRAL	signal	1	0	0	2500	stimulus_onset	SYN_BROWSER_PROFILE_A	SYNTHETIC_TEACHING_FIXTURE	rt_above_maximum
SYN_DET_00983	SYN_P06	SYN_CONSERVATIVE	signal	1	1	1	100	stimulus_onset	SYN_BROWSER_PROFILE_A	SYNTHETIC_TEACHING_FIXTURE	rt_below_minimum
SYN_DET_00984	SYN_P06	SYN_CONSERVATIVE	signal	1	0	0	2500	stimulus_onset	SYN_BROWSER_PROFILE_A	SYNTHETIC_TEACHING_FIXTURE	rt_above_maximum
SYN_DET_01065	SYN_P07	SYN_NEUTRAL	signal	1	1	1	100	stimulus_onset	SYN_BROWSER_PROFILE_A	SYNTHETIC_TEACHING_FIXTURE	rt_below_minimum
SYN_DET_01066	SYN_P07	SYN_NEUTRAL	signal	1	0	0	2500	stimulus_onset	SYN_BROWSER_PROFILE_A	SYNTHETIC_TEACHING_FIXTURE	rt_above_maximum
SYN_DET_01147	SYN_P07	SYN_CONSERVATIVE	signal	1	1	1	100	stimulus_onset	SYN_BROWSER_PROFILE_A	SYNTHETIC_TEACHING_FIXTURE	rt_below_minimum
SYN_DET_01148	SYN_P07	SYN_CONSERVATIVE	signal	1	0	0	2500	stimulus_onset	SYN_BROWSER_PROFILE_A	SYNTHETIC_TEACHING_FIXTURE	rt_above_maximum
SYN_DET_01229	SYN_P08	SYN_NEUTRAL	signal	1	1	1	100	stimulus_onset	SYN_BROWSER_PROFILE_A	SYNTHETIC_TEACHING_FIXTURE	rt_below_minimum
SYN_DET_01230	SYN_P08	SYN_NEUTRAL	signal	1	0	0	2500	stimulus_onset	SYN_BROWSER_PROFILE_A	SYNTHETIC_TEACHING_FIXTURE	rt_above_maximum
SYN_DET_01311	SYN_P08	SYN_CONSERVATIVE	signal	1	1	1	100	stimulus_onset	SYN_BROWSER_PROFILE_A	SYNTHETIC_TEACHING_FIXTURE	rt_below_minimum
SYN_DET_01312	SYN_P08	SYN_CONSERVATIVE	signal	1	0	0	2500	stimulus_onset	SYN_BROWSER_PROFILE_A	SYNTHETIC_TEACHING_FIXTURE	rt_above_maximum
SYN_DET_01393	SYN_P09	SYN_NEUTRAL	signal	1	1	1	100	stimulus_onset	SYN_BROWSER_PROFILE_A	SYNTHETIC_TEACHING_FIXTURE	rt_below_minimum
SYN_DET_01394	SYN_P09	SYN_NEUTRAL	signal	1	0	0	2500	stimulus_onset	SYN_BROWSER_PROFILE_A	SYNTHETIC_TEACHING_FIXTURE	rt_above_maximum
SYN_DET_01475	SYN_P09	SYN_CONSERVATIVE	signal	1	1	1	100	stimulus_onset	SYN_BROWSER_PROFILE_A	SYNTHETIC_TEACHING_FIXTURE	rt_below_minimum
SYN_DET_01476	SYN_P09	SYN_CONSERVATIVE	signal	1	0	0	2500	stimulus_onset	SYN_BROWSER_PROFILE_A	SYNTHETIC_TEACHING_FIXTURE	rt_above_maximum
SYN_DET_01557	SYN_P10	SYN_NEUTRAL	signal	1	1	1	100	stimulus_onset	SYN_BROWSER_PROFILE_A	SYNTHETIC_TEACHING_FIXTURE	rt_below_minimum
SYN_DET_01558	SYN_P10	SYN_NEUTRAL	signal	1	0	0	2500	stimulus_onset	SYN_BROWSER_PROFILE_A	SYNTHETIC_TEACHING_FIXTURE	rt_above_maximum
SYN_DET_01639	SYN_P10	SYN_CONSERVATIVE	signal	1	1	1	100	stimulus_onset	SYN_BROWSER_PROFILE_A	SYNTHETIC_TEACHING_FIXTURE	rt_below_minimum
SYN_DET_01640	SYN_P10	SYN_CONSERVATIVE	signal	1	0	0	2500	stimulus_onset	SYN_BROWSER_PROFILE_A	SYNTHETIC_TEACHING_FIXTURE	rt_above_maximum
SYN_DET_01721	SYN_P11	SYN_NEUTRAL	signal	1	1	1	100	stimulus_onset	SYN_BROWSER_PROFILE_A	SYNTHETIC_TEACHING_FIXTURE	rt_below_minimum
SYN_DET_01722	SYN_P11	SYN_NEUTRAL	signal	1	0	0	2500	stimulus_onset	SYN_BROWSER_PROFILE_A	SYNTHETIC_TEACHING_FIXTURE	rt_above_maximum
SYN_DET_01803	SYN_P11	SYN_CONSERVATIVE	signal	1	1	1	100	stimulus_onset	SYN_BROWSER_PROFILE_A	SYNTHETIC_TEACHING_FIXTURE	rt_below_minimum
SYN_DET_01804	SYN_P11	SYN_CONSERVATIVE	signal	1	0	0	2500	stimulus_onset	SYN_BROWSER_PROFILE_A	SYNTHETIC_TEACHING_FIXTURE	rt_above_maximum
SYN_DET_01885	SYN_P12	SYN_NEUTRAL	signal	1	1	1	100	stimulus_onset	SYN_BROWSER_PROFILE_A	SYNTHETIC_TEACHING_FIXTURE	rt_below_minimum
SYN_DET_01886	SYN_P12	SYN_NEUTRAL	signal	1	0	0	2500	stimulus_onset	SYN_BROWSER_PROFILE_A	SYNTHETIC_TEACHING_FIXTURE	rt_above_maximum
SYN_DET_01967	SYN_P12	SYN_CONSERVATIVE	signal	1	1	1	100	stimulus_onset	SYN_BROWSER_PROFILE_A	SYNTHETIC_TEACHING_FIXTURE	rt_below_minimum
SYN_DET_01968	SYN_P12	SYN_CONSERVATIVE	signal	1	0	0	2500	stimulus_onset	SYN_BROWSER_PROFILE_A	SYNTHETIC_TEACHING_FIXTURE	rt_above_maximum
