frame_index	native_time_s	transform_id	data_status	m11	m12	m13	m21	m22	m23	m31	m32	m33
0	0.0	native_to_head	SYNTHETIC_TEACHING_FIXTURE	0.9999990993	0.0013421917	-0.0122810242	-0.0013421917	0.9999990993	-1.7994234413	0.0	0.0	1.0
0	0.0	head_to_anatomical	SYNTHETIC_TEACHING_FIXTURE	0.9659258263	-0.2588190451	0.0	0.2588190451	0.9659258263	0.0	0.0	0.0	1.0
1	0.01	native_to_head	SYNTHETIC_TEACHING_FIXTURE	0.9999975059	0.0022334238	-0.1066201126	-0.0022334238	0.9999975059	-1.8121234256	0.0	0.0	1.0
1	0.01	head_to_anatomical	SYNTHETIC_TEACHING_FIXTURE	0.9659258263	-0.2588190451	0.0	0.2588190451	0.9659258263	0.0	0.0	0.0	1.0
2	0.02	native_to_head	SYNTHETIC_TEACHING_FIXTURE	0.9999923169	0.0039199554	-0.1735231533	-0.0039199554	0.9999923169	-1.794268504	0.0	0.0	1.0
2	0.02	head_to_anatomical	SYNTHETIC_TEACHING_FIXTURE	0.9659258263	-0.2588190451	0.0	0.2588190451	0.9659258263	0.0	0.0	0.0	1.0
3	0.03	native_to_head	SYNTHETIC_TEACHING_FIXTURE	0.9999785919	0.00654338	-0.3374552154	-0.00654338	0.9999785919	-1.7851457165	0.0	0.0	1.0
3	0.03	head_to_anatomical	SYNTHETIC_TEACHING_FIXTURE	0.9659258263	-0.2588190451	0.0	0.2588190451	0.9659258263	0.0	0.0	0.0	1.0
4	0.04	native_to_head	SYNTHETIC_TEACHING_FIXTURE	0.9999506935	0.009930289	-0.3857239484	-0.009930289	0.9999506935	-1.7605477278	0.0	0.0	1.0
4	0.04	head_to_anatomical	SYNTHETIC_TEACHING_FIXTURE	0.9659258263	-0.2588190451	0.0	0.2588190451	0.9659258263	0.0	0.0	0.0	1.0
5	0.05	native_to_head	SYNTHETIC_TEACHING_FIXTURE	0.9999524426	0.0097525672	-0.4867580176	-0.0097525672	0.9999524426	-1.7823097153	0.0	0.0	1.0
5	0.05	head_to_anatomical	SYNTHETIC_TEACHING_FIXTURE	0.9659258263	-0.2588190451	0.0	0.2588190451	0.9659258263	0.0	0.0	0.0	1.0
6	0.06	native_to_head	SYNTHETIC_TEACHING_FIXTURE	0.9999220795	0.012483383	-0.5790995947	-0.012483383	0.9999220795	-1.7613487306	0.0	0.0	1.0
6	0.06	head_to_anatomical	SYNTHETIC_TEACHING_FIXTURE	0.9659258263	-0.2588190451	0.0	0.2588190451	0.9659258263	0.0	0.0	0.0	1.0
7	0.07	native_to_head	SYNTHETIC_TEACHING_FIXTURE	0.9998924065	0.0146688605	-0.6332868741	-0.0146688605	0.9998924065	-1.745073812	0.0	0.0	1.0
7	0.07	head_to_anatomical	SYNTHETIC_TEACHING_FIXTURE	0.9659258263	-0.2588190451	0.0	0.2588190451	0.9659258263	0.0	0.0	0.0	1.0
8	0.08	native_to_head	SYNTHETIC_TEACHING_FIXTURE	0.9998766063	0.0157089815	-0.7215766022	-0.0157089815	0.9998766063	-1.7700506114	0.0	0.0	1.0
8	0.08	head_to_anatomical	SYNTHETIC_TEACHING_FIXTURE	0.9659258263	-0.2588190451	0.0	0.2588190451	0.9659258263	0.0	0.0	0.0	1.0
9	0.09	native_to_head	SYNTHETIC_TEACHING_FIXTURE	0.9998361136	0.0181037555	-0.8483160457	-0.0181037555	0.9998361136	-1.7394983316	0.0	0.0	1.0
9	0.09	head_to_anatomical	SYNTHETIC_TEACHING_FIXTURE	0.9659258263	-0.2588190451	0.0	0.2588190451	0.9659258263	0.0	0.0	0.0	1.0
10	0.1	native_to_head	SYNTHETIC_TEACHING_FIXTURE	0.9997951921	0.0202379313	-0.9401895368	-0.0202379313	0.9997951921	-1.7144378552	0.0	0.0	1.0
10	0.1	head_to_anatomical	SYNTHETIC_TEACHING_FIXTURE	0.9659258263	-0.2588190451	0.0	0.2588190451	0.9659258263	0.0	0.0	0.0	1.0
11	0.11	native_to_head	SYNTHETIC_TEACHING_FIXTURE	0.9997589722	0.0219544433	-1.0273201698	-0.0219544433	0.9997589722	-1.6848153281	0.0	0.0	1.0
11	0.11	head_to_anatomical	SYNTHETIC_TEACHING_FIXTURE	0.9659258263	-0.2588190451	0.0	0.2588190451	0.9659258263	0.0	0.0	0.0	1.0
12	0.12	native_to_head	SYNTHETIC_TEACHING_FIXTURE	0.9996736856	0.0255445171	-1.074738009	-0.0255445171	0.9996736856	-1.6342827503	0.0	0.0	1.0
12	0.12	head_to_anatomical	SYNTHETIC_TEACHING_FIXTURE	0.9659258263	-0.2588190451	0.0	0.2588190451	0.9659258263	0.0	0.0	0.0	1.0
13	0.13	native_to_head	SYNTHETIC_TEACHING_FIXTURE	0.9996766227	0.0254293138	-1.1969042917	-0.0254293138	0.9996766227	-1.6283682688	0.0	0.0	1.0
13	0.13	head_to_anatomical	SYNTHETIC_TEACHING_FIXTURE	0.9659258263	-0.2588190451	0.0	0.2588190451	0.9659258263	0.0	0.0	0.0	1.0
14	0.14	native_to_head	SYNTHETIC_TEACHING_FIXTURE	0.9995712393	0.029280326	-1.2941615392	-0.029280326	0.9995712393	-1.5998940899	0.0	0.0	1.0
14	0.14	head_to_anatomical	SYNTHETIC_TEACHING_FIXTURE	0.9659258263	-0.2588190451	0.0	0.2588190451	0.9659258263	0.0	0.0	0.0	1.0
15	0.15	native_to_head	SYNTHETIC_TEACHING_FIXTURE	0.9995434706	0.0302134151	-1.355306872	-0.0302134151	0.9995434706	-1.5972418024	0.0	0.0	1.0
15	0.15	head_to_anatomical	SYNTHETIC_TEACHING_FIXTURE	0.9659258263	-0.2588190451	0.0	0.2588190451	0.9659258263	0.0	0.0	0.0	1.0
16	0.16	native_to_head	SYNTHETIC_TEACHING_FIXTURE	0.9994469815	0.0332525369	-1.4492020654	-0.0332525369	0.9994469815	-1.571269396	0.0	0.0	1.0
16	0.16	head_to_anatomical	SYNTHETIC_TEACHING_FIXTURE	0.9659258263	-0.2588190451	0.0	0.2588190451	0.9659258263	0.0	0.0	0.0	1.0
17	0.17	native_to_head	SYNTHETIC_TEACHING_FIXTURE	0.9994010249	0.0346062342	-1.564524124	-0.0346062342	0.9994010249	-1.5441277382	0.0	0.0	1.0
17	0.17	head_to_anatomical	SYNTHETIC_TEACHING_FIXTURE	0.9659258263	-0.2588190451	0.0	0.2588190451	0.9659258263	0.0	0.0	0.0	1.0
18	0.18	native_to_head	SYNTHETIC_TEACHING_FIXTURE	0.9993771363	0.0352893679	-1.5838520374	-0.0352893679	0.9993771363	-1.4866168121	0.0	0.0	1.0
18	0.18	head_to_anatomical	SYNTHETIC_TEACHING_FIXTURE	0.9659258263	-0.2588190451	0.0	0.2588190451	0.9659258263	0.0	0.0	0.0	1.0
19	0.19	native_to_head	SYNTHETIC_TEACHING_FIXTURE	0.9992087606	0.0397725113	-1.6600825882	-0.0397725113	0.9992087606	-1.4640521662	0.0	0.0	1.0
19	0.19	head_to_anatomical	SYNTHETIC_TEACHING_FIXTURE	0.9659258263	-0.2588190451	0.0	0.2588190451	0.9659258263	0.0	0.0	0.0	1.0
20	0.2	native_to_head	SYNTHETIC_TEACHING_FIXTURE	0.9991525871	0.0411595384	-1.7528743628	-0.0411595384	0.9991525871	-1.4278029909	0.0	0.0	1.0
20	0.2	head_to_anatomical	SYNTHETIC_TEACHING_FIXTURE	0.9659258263	-0.2588190451	0.0	0.2588190451	0.9659258263	0.0	0.0	0.0	1.0
21	0.21	native_to_head	SYNTHETIC_TEACHING_FIXTURE	0.9990992551	0.0424344026	-1.7892665437	-0.0424344026	0.9990992551	-1.3638437586	0.0	0.0	1.0
21	0.21	head_to_anatomical	SYNTHETIC_TEACHING_FIXTURE	0.9659258263	-0.2588190451	0.0	0.2588190451	0.9659258263	0.0	0.0	0.0	1.0
22	0.22	native_to_head	SYNTHETIC_TEACHING_FIXTURE	0.9990867454	0.0427279202	-1.8722508192	-0.0427279202	0.9990867454	-1.3514063024	0.0	0.0	1.0
22	0.22	head_to_anatomical	SYNTHETIC_TEACHING_FIXTURE	0.9659258263	-0.2588190451	0.0	0.2588190451	0.9659258263	0.0	0.0	0.0	1.0
23	0.23	native_to_head	SYNTHETIC_TEACHING_FIXTURE	0.9989510342	0.0457911705	-1.9409202945	-0.0457911705	0.9989510342	-1.2884724484	0.0	0.0	1.0
23	0.23	head_to_anatomical	SYNTHETIC_TEACHING_FIXTURE	0.9659258263	-0.2588190451	0.0	0.2588190451	0.9659258263	0.0	0.0	0.0	1.0
24	0.24	native_to_head	SYNTHETIC_TEACHING_FIXTURE	0.9988582933	0.047771434	-1.9769121298	-0.047771434	0.9988582933	-1.2876651189	0.0	0.0	1.0
24	0.24	head_to_anatomical	SYNTHETIC_TEACHING_FIXTURE	0.9659258263	-0.2588190451	0.0	0.2588190451	0.9659258263	0.0	0.0	0.0	1.0
25	0.25	native_to_head	SYNTHETIC_TEACHING_FIXTURE	0.9987533223	0.0499179455	-2.072141473	-0.0499179455	0.9987533223	-1.2113594398	0.0	0.0	1.0
25	0.25	head_to_anatomical	SYNTHETIC_TEACHING_FIXTURE	0.9659258263	-0.2588190451	0.0	0.2588190451	0.9659258263	0.0	0.0	0.0	1.0
26	0.26	native_to_head	SYNTHETIC_TEACHING_FIXTURE	0.9987166906	0.0506455515	-2.1093572658	-0.0506455515	0.9987166906	-1.1791755428	0.0	0.0	1.0
26	0.26	head_to_anatomical	SYNTHETIC_TEACHING_FIXTURE	0.9659258263	-0.2588190451	0.0	0.2588190451	0.9659258263	0.0	0.0	0.0	1.0
27	0.27	native_to_head	SYNTHETIC_TEACHING_FIXTURE	0.9986552182	0.0518435643	-2.1453337748	-0.0518435643	0.9986552182	-1.1163692993	0.0	0.0	1.0
27	0.27	head_to_anatomical	SYNTHETIC_TEACHING_FIXTURE	0.9659258263	-0.2588190451	0.0	0.2588190451	0.9659258263	0.0	0.0	0.0	1.0
28	0.28	native_to_head	SYNTHETIC_TEACHING_FIXTURE	0.9985724853	0.053413402	-2.2083550016	-0.053413402	0.9985724853	-1.0584391819	0.0	0.0	1.0
28	0.28	head_to_anatomical	SYNTHETIC_TEACHING_FIXTURE	0.9659258263	-0.2588190451	0.0	0.2588190451	0.9659258263	0.0	0.0	0.0	1.0
29	0.29	native_to_head	SYNTHETIC_TEACHING_FIXTURE	0.9984373942	0.0558817494	-2.2619494969	-0.0558817494	0.9984373942	-1.0328059243	0.0	0.0	1.0
29	0.29	head_to_anatomical	SYNTHETIC_TEACHING_FIXTURE	0.9659258263	-0.2588190451	0.0	0.2588190451	0.9659258263	0.0	0.0	0.0	1.0
30	0.3	native_to_head	SYNTHETIC_TEACHING_FIXTURE	0.9984614408	0.0554504386	-2.30305254	-0.0554504386	0.9984614408	-0.9994913867	0.0	0.0	1.0
30	0.3	head_to_anatomical	SYNTHETIC_TEACHING_FIXTURE	0.9659258263	-0.2588190451	0.0	0.2588190451	0.9659258263	0.0	0.0	0.0	1.0
31	0.31	native_to_head	SYNTHETIC_TEACHING_FIXTURE	0.9982915954	0.0584285078	-2.3345023813	-0.0584285078	0.9982915954	-0.9366383185	0.0	0.0	1.0
31	0.31	head_to_anatomical	SYNTHETIC_TEACHING_FIXTURE	0.9659258263	-0.2588190451	0.0	0.2588190451	0.9659258263	0.0	0.0	0.0	1.0
32	0.32	native_to_head	SYNTHETIC_TEACHING_FIXTURE	0.9983020741	0.0582491953	-2.3777156038	-0.0582491953	0.9983020741	-0.8792540097	0.0	0.0	1.0
32	0.32	head_to_anatomical	SYNTHETIC_TEACHING_FIXTURE	0.9659258263	-0.2588190451	0.0	0.2588190451	0.9659258263	0.0	0.0	0.0	1.0
33	0.33	native_to_head	SYNTHETIC_TEACHING_FIXTURE	0.9981608342	0.0606213579	-2.4211352322	-0.0606213579	0.9981608342	-0.8549880283	0.0	0.0	1.0
33	0.33	head_to_anatomical	SYNTHETIC_TEACHING_FIXTURE	0.9659258263	-0.2588190451	0.0	0.2588190451	0.9659258263	0.0	0.0	0.0	1.0
34	0.34	native_to_head	SYNTHETIC_TEACHING_FIXTURE	0.9980696431	0.0621046493	-2.4353495396	-0.0621046493	0.9980696431	-0.807993928	0.0	0.0	1.0
34	0.34	head_to_anatomical	SYNTHETIC_TEACHING_FIXTURE	0.9659258263	-0.2588190451	0.0	0.2588190451	0.9659258263	0.0	0.0	0.0	1.0
35	0.35	native_to_head	SYNTHETIC_TEACHING_FIXTURE	0.9979323254	0.064273431	-2.4525631301	-0.064273431	0.9979323254	-0.7453343885	0.0	0.0	1.0
35	0.35	head_to_anatomical	SYNTHETIC_TEACHING_FIXTURE	0.9659258263	-0.2588190451	0.0	0.2588190451	0.9659258263	0.0	0.0	0.0	1.0
36	0.36	native_to_head	SYNTHETIC_TEACHING_FIXTURE	0.9978776638	0.0651165733	-2.5235668633	-0.0651165733	0.9978776638	-0.6684802047	0.0	0.0	1.0
36	0.36	head_to_anatomical	SYNTHETIC_TEACHING_FIXTURE	0.9659258263	-0.2588190451	0.0	0.2588190451	0.9659258263	0.0	0.0	0.0	1.0
37	0.37	native_to_head	SYNTHETIC_TEACHING_FIXTURE	0.9976844103	0.0680133622	-2.505351952	-0.0680133622	0.9976844103	-0.6429088231	0.0	0.0	1.0
37	0.37	head_to_anatomical	SYNTHETIC_TEACHING_FIXTURE	0.9659258263	-0.2588190451	0.0	0.2588190451	0.9659258263	0.0	0.0	0.0	1.0
38	0.38	native_to_head	SYNTHETIC_TEACHING_FIXTURE	0.9978293912	0.0658521531	-2.5050564618	-0.0658521531	0.9978293912	-0.5981261964	0.0	0.0	1.0
38	0.38	head_to_anatomical	SYNTHETIC_TEACHING_FIXTURE	0.9659258263	-0.2588190451	0.0	0.2588190451	0.9659258263	0.0	0.0	0.0	1.0
39	0.39	native_to_head	SYNTHETIC_TEACHING_FIXTURE	0.9976764284	0.0681303474	-2.5552826098	-0.0681303474	0.9976764284	-0.5569431652	0.0	0.0	1.0
39	0.39	head_to_anatomical	SYNTHETIC_TEACHING_FIXTURE	0.9659258263	-0.2588190451	0.0	0.2588190451	0.9659258263	0.0	0.0	0.0	1.0
40	0.4	native_to_head	SYNTHETIC_TEACHING_FIXTURE	0.9975735588	0.0696203621	-2.5023769872	-0.0696203621	0.9975735588	-0.52808859	0.0	0.0	1.0
40	0.4	head_to_anatomical	SYNTHETIC_TEACHING_FIXTURE	0.9659258263	-0.2588190451	0.0	0.2588190451	0.9659258263	0.0	0.0	0.0	1.0
41	0.41	native_to_head	SYNTHETIC_TEACHING_FIXTURE	0.9975341457	0.07018282	-2.5391902668	-0.07018282	0.9975341457	-0.4316399295	0.0	0.0	1.0
41	0.41	head_to_anatomical	SYNTHETIC_TEACHING_FIXTURE	0.9659258263	-0.2588190451	0.0	0.2588190451	0.9659258263	0.0	0.0	0.0	1.0
42	0.42	native_to_head	SYNTHETIC_TEACHING_FIXTURE	0.9974553185	0.0712943725	-2.5714042722	-0.0712943725	0.9974553185	-0.3543377537	0.0	0.0	1.0
42	0.42	head_to_anatomical	SYNTHETIC_TEACHING_FIXTURE	0.9659258263	-0.2588190451	0.0	0.2588190451	0.9659258263	0.0	0.0	0.0	1.0
43	0.43	native_to_head	SYNTHETIC_TEACHING_FIXTURE	0.9972992972	0.0734446177	-2.5498490463	-0.0734446177	0.9972992972	-0.312500608	0.0	0.0	1.0
43	0.43	head_to_anatomical	SYNTHETIC_TEACHING_FIXTURE	0.9659258263	-0.2588190451	0.0	0.2588190451	0.9659258263	0.0	0.0	0.0	1.0
44	0.44	native_to_head	SYNTHETIC_TEACHING_FIXTURE	0.9972995357	0.0734413793	-2.5448262541	-0.0734413793	0.9972995357	-0.2499483674	0.0	0.0	1.0
44	0.44	head_to_anatomical	SYNTHETIC_TEACHING_FIXTURE	0.9659258263	-0.2588190451	0.0	0.2588190451	0.9659258263	0.0	0.0	0.0	1.0
45	0.45	native_to_head	SYNTHETIC_TEACHING_FIXTURE	0.9972512442	0.074094237	-2.5285763803	-0.074094237	0.9972512442	-0.2350735173	0.0	0.0	1.0
45	0.45	head_to_anatomical	SYNTHETIC_TEACHING_FIXTURE	0.9659258263	-0.2588190451	0.0	0.2588190451	0.9659258263	0.0	0.0	0.0	1.0
46	0.46	native_to_head	SYNTHETIC_TEACHING_FIXTURE	0.9972876143	0.0736030871	-2.4994102079	-0.0736030871	0.9972876143	-0.1549956823	0.0	0.0	1.0
46	0.46	head_to_anatomical	SYNTHETIC_TEACHING_FIXTURE	0.9659258263	-0.2588190451	0.0	0.2588190451	0.9659258263	0.0	0.0	0.0	1.0
47	0.47	native_to_head	SYNTHETIC_TEACHING_FIXTURE	0.9971401593	0.0755744845	-2.4617499156	-0.0755744845	0.9971401593	-0.1228091102	0.0	0.0	1.0
47	0.47	head_to_anatomical	SYNTHETIC_TEACHING_FIXTURE	0.9659258263	-0.2588190451	0.0	0.2588190451	0.9659258263	0.0	0.0	0.0	1.0
48	0.48	native_to_head	SYNTHETIC_TEACHING_FIXTURE	0.9971098536	0.0759732837	-2.4657164141	-0.0759732837	0.9971098536	-0.0603287054	0.0	0.0	1.0
48	0.48	head_to_anatomical	SYNTHETIC_TEACHING_FIXTURE	0.9659258263	-0.2588190451	0.0	0.2588190451	0.9659258263	0.0	0.0	0.0	1.0
49	0.49	native_to_head	SYNTHETIC_TEACHING_FIXTURE	0.9970449161	0.0768207998	-2.4730451455	-0.0768207998	0.9970449161	0.005817386	0.0	0.0	1.0
49	0.49	head_to_anatomical	SYNTHETIC_TEACHING_FIXTURE	0.9659258263	-0.2588190451	0.0	0.2588190451	0.9659258263	0.0	0.0	0.0	1.0
50	0.5	native_to_head	SYNTHETIC_TEACHING_FIXTURE	0.9969296676	0.0783022212	-2.4104441098	-0.0783022212	0.9969296676	0.079599036	0.0	0.0	1.0
50	0.5	head_to_anatomical	SYNTHETIC_TEACHING_FIXTURE	0.9659258263	-0.2588190451	0.0	0.2588190451	0.9659258263	0.0	0.0	0.0	1.0
51	0.51	native_to_head	SYNTHETIC_TEACHING_FIXTURE	0.9969103033	0.078548375	-2.3824495616	-0.078548375	0.9969103033	0.0979986908	0.0	0.0	1.0
51	0.51	head_to_anatomical	SYNTHETIC_TEACHING_FIXTURE	0.9659258263	-0.2588190451	0.0	0.2588190451	0.9659258263	0.0	0.0	0.0	1.0
52	0.52	native_to_head	SYNTHETIC_TEACHING_FIXTURE	0.9968202639	0.0796828804	-2.3149810022	-0.0796828804	0.9968202639	0.1787745104	0.0	0.0	1.0
52	0.52	head_to_anatomical	SYNTHETIC_TEACHING_FIXTURE	0.9659258263	-0.2588190451	0.0	0.2588190451	0.9659258263	0.0	0.0	0.0	1.0
53	0.53	native_to_head	SYNTHETIC_TEACHING_FIXTURE	0.9968531018	0.0792710125	-2.2876400407	-0.0792710125	0.9968531018	0.2250150495	0.0	0.0	1.0
53	0.53	head_to_anatomical	SYNTHETIC_TEACHING_FIXTURE	0.9659258263	-0.2588190451	0.0	0.2588190451	0.9659258263	0.0	0.0	0.0	1.0
54	0.54	native_to_head	SYNTHETIC_TEACHING_FIXTURE	0.996869535	0.0790640889	-2.3008924315	-0.0790640889	0.996869535	0.3018750475	0.0	0.0	1.0
54	0.54	head_to_anatomical	SYNTHETIC_TEACHING_FIXTURE	0.9659258263	-0.2588190451	0.0	0.2588190451	0.9659258263	0.0	0.0	0.0	1.0
55	0.55	native_to_head	SYNTHETIC_TEACHING_FIXTURE	0.9968119602	0.0797866905	-2.2579100644	-0.0797866905	0.9968119602	0.2780384096	0.0	0.0	1.0
55	0.55	head_to_anatomical	SYNTHETIC_TEACHING_FIXTURE	0.9659258263	-0.2588190451	0.0	0.2588190451	0.9659258263	0.0	0.0	0.0	1.0
56	0.56	native_to_head	SYNTHETIC_TEACHING_FIXTURE	0.9969202136	0.0784224947	-2.1921422446	-0.0784224947	0.9969202136	0.3850065325	0.0	0.0	1.0
56	0.56	head_to_anatomical	SYNTHETIC_TEACHING_FIXTURE	0.9659258263	-0.2588190451	0.0	0.2588190451	0.9659258263	0.0	0.0	0.0	1.0
57	0.57	native_to_head	SYNTHETIC_TEACHING_FIXTURE	0.9968175413	0.0797169331	-2.1180949058	-0.0797169331	0.9968175413	0.4346715282	0.0	0.0	1.0
57	0.57	head_to_anatomical	SYNTHETIC_TEACHING_FIXTURE	0.9659258263	-0.2588190451	0.0	0.2588190451	0.9659258263	0.0	0.0	0.0	1.0
58	0.58	native_to_head	SYNTHETIC_TEACHING_FIXTURE	0.9967630694	0.0803951708	-2.0652559749	-0.0803951708	0.9967630694	0.4587702273	0.0	0.0	1.0
58	0.58	head_to_anatomical	SYNTHETIC_TEACHING_FIXTURE	0.9659258263	-0.2588190451	0.0	0.2588190451	0.9659258263	0.0	0.0	0.0	1.0
59	0.59	native_to_head	SYNTHETIC_TEACHING_FIXTURE	0.9968095818	0.0798163994	-2.022744915	-0.0798163994	0.9968095818	0.5099545237	0.0	0.0	1.0
59	0.59	head_to_anatomical	SYNTHETIC_TEACHING_FIXTURE	0.9659258263	-0.2588190451	0.0	0.2588190451	0.9659258263	0.0	0.0	0.0	1.0
60	0.6	native_to_head	SYNTHETIC_TEACHING_FIXTURE	0.996891887	0.0787817599	-1.9493417779	-0.0787817599	0.996891887	0.5735189916	0.0	0.0	1.0
60	0.6	head_to_anatomical	SYNTHETIC_TEACHING_FIXTURE	0.9659258263	-0.2588190451	0.0	0.2588190451	0.9659258263	0.0	0.0	0.0	1.0
61	0.61	native_to_head	SYNTHETIC_TEACHING_FIXTURE	0.9968261144	0.0796096581	-1.9203471674	-0.0796096581	0.9968261144	0.6190169373	0.0	0.0	1.0
61	0.61	head_to_anatomical	SYNTHETIC_TEACHING_FIXTURE	0.9659258263	-0.2588190451	0.0	0.2588190451	0.9659258263	0.0	0.0	0.0	1.0
62	0.62	native_to_head	SYNTHETIC_TEACHING_FIXTURE	0.9968370803	0.0794722302	-1.8209599891	-0.0794722302	0.9968370803	0.6716535707	0.0	0.0	1.0
62	0.62	head_to_anatomical	SYNTHETIC_TEACHING_FIXTURE	0.9659258263	-0.2588190451	0.0	0.2588190451	0.9659258263	0.0	0.0	0.0	1.0
63	0.63	native_to_head	SYNTHETIC_TEACHING_FIXTURE	0.9968969545	0.0787176103	-1.7858785404	-0.0787176103	0.9968969545	0.6992234343	0.0	0.0	1.0
63	0.63	head_to_anatomical	SYNTHETIC_TEACHING_FIXTURE	0.9659258263	-0.2588190451	0.0	0.2588190451	0.9659258263	0.0	0.0	0.0	1.0
64	0.64	native_to_head	SYNTHETIC_TEACHING_FIXTURE	0.996812614	0.0797785217	-1.7166022766	-0.0797785217	0.996812614	0.7262548383	0.0	0.0	1.0
64	0.64	head_to_anatomical	SYNTHETIC_TEACHING_FIXTURE	0.9659258263	-0.2588190451	0.0	0.2588190451	0.9659258263	0.0	0.0	0.0	1.0
65	0.65	native_to_head	SYNTHETIC_TEACHING_FIXTURE	0.9968019354	0.0799118368	-1.6292734431	-0.0799118368	0.9968019354	0.7710512465	0.0	0.0	1.0
65	0.65	head_to_anatomical	SYNTHETIC_TEACHING_FIXTURE	0.9659258263	-0.2588190451	0.0	0.2588190451	0.9659258263	0.0	0.0	0.0	1.0
66	0.66	native_to_head	SYNTHETIC_TEACHING_FIXTURE	0.9968141605	0.0797591964	-1.5281106831	-0.0797591964	0.9968141605	0.8317764471	0.0	0.0	1.0
66	0.66	head_to_anatomical	SYNTHETIC_TEACHING_FIXTURE	0.9659258263	-0.2588190451	0.0	0.2588190451	0.9659258263	0.0	0.0	0.0	1.0
67	0.67	native_to_head	SYNTHETIC_TEACHING_FIXTURE	0.9969224095	0.078394575	-1.4695445311	-0.078394575	0.9969224095	0.897980861	0.0	0.0	1.0
67	0.67	head_to_anatomical	SYNTHETIC_TEACHING_FIXTURE	0.9659258263	-0.2588190451	0.0	0.2588190451	0.9659258263	0.0	0.0	0.0	1.0
68	0.68	native_to_head	SYNTHETIC_TEACHING_FIXTURE	0.9968999087	0.0786801877	-1.4217332066	-0.0786801877	0.9968999087	0.9618748101	0.0	0.0	1.0
68	0.68	head_to_anatomical	SYNTHETIC_TEACHING_FIXTURE	0.9659258263	-0.2588190451	0.0	0.2588190451	0.9659258263	0.0	0.0	0.0	1.0
69	0.69	native_to_head	SYNTHETIC_TEACHING_FIXTURE	0.9969834537	0.0776143871	-1.3499758686	-0.0776143871	0.9969834537	0.9496379971	0.0	0.0	1.0
69	0.69	head_to_anatomical	SYNTHETIC_TEACHING_FIXTURE	0.9659258263	-0.2588190451	0.0	0.2588190451	0.9659258263	0.0	0.0	0.0	1.0
70	0.7	native_to_head	SYNTHETIC_TEACHING_FIXTURE	0.996966177	0.077835994	-1.2427563846	-0.077835994	0.996966177	1.0002122301	0.0	0.0	1.0
70	0.7	head_to_anatomical	SYNTHETIC_TEACHING_FIXTURE	0.9659258263	-0.2588190451	0.0	0.2588190451	0.9659258263	0.0	0.0	0.0	1.0
71	0.71	native_to_head	SYNTHETIC_TEACHING_FIXTURE	0.9970321588	0.0769861963	-1.160366147	-0.0769861963	0.9970321588	1.0428656194	0.0	0.0	1.0
71	0.71	head_to_anatomical	SYNTHETIC_TEACHING_FIXTURE	0.9659258263	-0.2588190451	0.0	0.2588190451	0.9659258263	0.0	0.0	0.0	1.0
72	0.72	native_to_head	SYNTHETIC_TEACHING_FIXTURE	0.9970870552	0.0762719111	-1.0731002024	-0.0762719111	0.9970870552	1.1079687578	0.0	0.0	1.0
72	0.72	head_to_anatomical	SYNTHETIC_TEACHING_FIXTURE	0.9659258263	-0.2588190451	0.0	0.2588190451	0.9659258263	0.0	0.0	0.0	1.0
73	0.73	native_to_head	SYNTHETIC_TEACHING_FIXTURE	0.9969962059	0.0774504061	-0.9842301989	-0.0774504061	0.9969962059	1.1091014068	0.0	0.0	1.0
73	0.73	head_to_anatomical	SYNTHETIC_TEACHING_FIXTURE	0.9659258263	-0.2588190451	0.0	0.2588190451	0.9659258263	0.0	0.0	0.0	1.0
74	0.74	native_to_head	SYNTHETIC_TEACHING_FIXTURE	0.9971612284	0.0752959792	-0.8765985805	-0.0752959792	0.9971612284	1.1441401704	0.0	0.0	1.0
74	0.74	head_to_anatomical	SYNTHETIC_TEACHING_FIXTURE	0.9659258263	-0.2588190451	0.0	0.2588190451	0.9659258263	0.0	0.0	0.0	1.0
75	0.75	native_to_head	SYNTHETIC_TEACHING_FIXTURE	0.9972431463	0.0742031484	-0.7839381931	-0.0742031484	0.9972431463	1.1895720683	0.0	0.0	1.0
75	0.75	head_to_anatomical	SYNTHETIC_TEACHING_FIXTURE	0.9659258263	-0.2588190451	0.0	0.2588190451	0.9659258263	0.0	0.0	0.0	1.0
76	0.76	native_to_head	SYNTHETIC_TEACHING_FIXTURE	0.9973691189	0.0724902802	-0.7067629209	-0.0724902802	0.9973691189	1.2289479657	0.0	0.0	1.0
76	0.76	head_to_anatomical	SYNTHETIC_TEACHING_FIXTURE	0.9659258263	-0.2588190451	0.0	0.2588190451	0.9659258263	0.0	0.0	0.0	1.0
77	0.77	native_to_head	SYNTHETIC_TEACHING_FIXTURE	0.9973844187	0.0722794674	-0.6524865284	-0.0722794674	0.9973844187	1.2653474066	0.0	0.0	1.0
77	0.77	head_to_anatomical	SYNTHETIC_TEACHING_FIXTURE	0.9659258263	-0.2588190451	0.0	0.2588190451	0.9659258263	0.0	0.0	0.0	1.0
78	0.78	native_to_head	SYNTHETIC_TEACHING_FIXTURE	0.9974774476	0.070984094	-0.5618206059	-0.070984094	0.9974774476	1.2787647753	0.0	0.0	1.0
78	0.78	head_to_anatomical	SYNTHETIC_TEACHING_FIXTURE	0.9659258263	-0.2588190451	0.0	0.2588190451	0.9659258263	0.0	0.0	0.0	1.0
79	0.79	native_to_head	SYNTHETIC_TEACHING_FIXTURE	0.9975516799	0.0699331526	-0.4784026527	-0.0699331526	0.9975516799	1.3327376074	0.0	0.0	1.0
79	0.79	head_to_anatomical	SYNTHETIC_TEACHING_FIXTURE	0.9659258263	-0.2588190451	0.0	0.2588190451	0.9659258263	0.0	0.0	0.0	1.0
82	0.82	native_to_head	SYNTHETIC_TEACHING_FIXTURE	0.9977893367	0.0664562987	-0.1777137248	-0.0664562987	0.9977893367	1.3975186838	0.0	0.0	1.0
82	0.82	head_to_anatomical	SYNTHETIC_TEACHING_FIXTURE	0.9659258263	-0.2588190451	0.0	0.2588190451	0.9659258263	0.0	0.0	0.0	1.0
83	0.83	native_to_head	SYNTHETIC_TEACHING_FIXTURE	0.9977840234	0.0665360258	-0.137193997	-0.0665360258	0.9977840234	1.4155041453	0.0	0.0	1.0
83	0.83	head_to_anatomical	SYNTHETIC_TEACHING_FIXTURE	0.9659258263	-0.2588190451	0.0	0.2588190451	0.9659258263	0.0	0.0	0.0	1.0
84	0.84	native_to_head	SYNTHETIC_TEACHING_FIXTURE	0.9978689286	0.0652502973	0.0194785855	-0.0652502973	0.9978689286	1.4482872614	0.0	0.0	1.0
84	0.84	head_to_anatomical	SYNTHETIC_TEACHING_FIXTURE	0.9659258263	-0.2588190451	0.0	0.2588190451	0.9659258263	0.0	0.0	0.0	1.0
85	0.85	native_to_head	SYNTHETIC_TEACHING_FIXTURE	0.9979657123	0.0637529371	0.1126917868	-0.0637529371	0.9979657123	1.4719521095	0.0	0.0	1.0
85	0.85	head_to_anatomical	SYNTHETIC_TEACHING_FIXTURE	0.9659258263	-0.2588190451	0.0	0.2588190451	0.9659258263	0.0	0.0	0.0	1.0
86	0.86	native_to_head	SYNTHETIC_TEACHING_FIXTURE	0.998154342	0.0607281612	0.2061135933	-0.0607281612	0.998154342	1.5249896168	0.0	0.0	1.0
86	0.86	head_to_anatomical	SYNTHETIC_TEACHING_FIXTURE	0.9659258263	-0.2588190451	0.0	0.2588190451	0.9659258263	0.0	0.0	0.0	1.0
87	0.87	native_to_head	SYNTHETIC_TEACHING_FIXTURE	0.9982639879	0.0588983061	0.2546664433	-0.0588983061	0.9982639879	1.5131720261	0.0	0.0	1.0
87	0.87	head_to_anatomical	SYNTHETIC_TEACHING_FIXTURE	0.9659258263	-0.2588190451	0.0	0.2588190451	0.9659258263	0.0	0.0	0.0	1.0
88	0.88	native_to_head	SYNTHETIC_TEACHING_FIXTURE	0.9983254886	0.057846511	0.386973454	-0.057846511	0.9983254886	1.583737101	0.0	0.0	1.0
88	0.88	head_to_anatomical	SYNTHETIC_TEACHING_FIXTURE	0.9659258263	-0.2588190451	0.0	0.2588190451	0.9659258263	0.0	0.0	0.0	1.0
89	0.89	native_to_head	SYNTHETIC_TEACHING_FIXTURE	0.9982192844	0.0596511553	0.4463764584	-0.0596511553	0.9982192844	1.5250236852	0.0	0.0	1.0
89	0.89	head_to_anatomical	SYNTHETIC_TEACHING_FIXTURE	0.9659258263	-0.2588190451	0.0	0.2588190451	0.9659258263	0.0	0.0	0.0	1.0
90	0.9	native_to_head	SYNTHETIC_TEACHING_FIXTURE	0.9984019927	0.0565107163	0.5239910722	-0.0565107163	0.9984019927	1.6038958824	0.0	0.0	1.0
90	0.9	head_to_anatomical	SYNTHETIC_TEACHING_FIXTURE	0.9659258263	-0.2588190451	0.0	0.2588190451	0.9659258263	0.0	0.0	0.0	1.0
91	0.91	native_to_head	SYNTHETIC_TEACHING_FIXTURE	0.9984702715	0.0552912004	0.6453656742	-0.0552912004	0.9984702715	1.5905292738	0.0	0.0	1.0
91	0.91	head_to_anatomical	SYNTHETIC_TEACHING_FIXTURE	0.9659258263	-0.2588190451	0.0	0.2588190451	0.9659258263	0.0	0.0	0.0	1.0
92	0.92	native_to_head	SYNTHETIC_TEACHING_FIXTURE	0.9985541493	0.0537551009	0.729914168	-0.0537551009	0.9985541493	1.6148531148	0.0	0.0	1.0
92	0.92	head_to_anatomical	SYNTHETIC_TEACHING_FIXTURE	0.9659258263	-0.2588190451	0.0	0.2588190451	0.9659258263	0.0	0.0	0.0	1.0
93	0.93	native_to_head	SYNTHETIC_TEACHING_FIXTURE	0.9986887866	0.0511928463	0.812686237	-0.0511928463	0.9986887866	1.6503960253	0.0	0.0	1.0
93	0.93	head_to_anatomical	SYNTHETIC_TEACHING_FIXTURE	0.9659258263	-0.2588190451	0.0	0.2588190451	0.9659258263	0.0	0.0	0.0	1.0
94	0.94	native_to_head	SYNTHETIC_TEACHING_FIXTURE	0.9986954113	0.0510634455	0.8883488826	-0.0510634455	0.9986954113	1.6954613665	0.0	0.0	1.0
94	0.94	head_to_anatomical	SYNTHETIC_TEACHING_FIXTURE	0.9659258263	-0.2588190451	0.0	0.2588190451	0.9659258263	0.0	0.0	0.0	1.0
95	0.95	native_to_head	SYNTHETIC_TEACHING_FIXTURE	0.998878859	0.0473394663	0.9868369994	-0.0473394663	0.998878859	1.6984911386	0.0	0.0	1.0
95	0.95	head_to_anatomical	SYNTHETIC_TEACHING_FIXTURE	0.9659258263	-0.2588190451	0.0	0.2588190451	0.9659258263	0.0	0.0	0.0	1.0
96	0.96	native_to_head	SYNTHETIC_TEACHING_FIXTURE	0.998863814	0.047655862	1.0395831401	-0.047655862	0.998863814	1.7403308242	0.0	0.0	1.0
96	0.96	head_to_anatomical	SYNTHETIC_TEACHING_FIXTURE	0.9659258263	-0.2588190451	0.0	0.2588190451	0.9659258263	0.0	0.0	0.0	1.0
97	0.97	native_to_head	SYNTHETIC_TEACHING_FIXTURE	0.9990754313	0.0429916565	1.1667898255	-0.0429916565	0.9990754313	1.6926924836	0.0	0.0	1.0
97	0.97	head_to_anatomical	SYNTHETIC_TEACHING_FIXTURE	0.9659258263	-0.2588190451	0.0	0.2588190451	0.9659258263	0.0	0.0	0.0	1.0
98	0.98	native_to_head	SYNTHETIC_TEACHING_FIXTURE	0.999083802	0.0427966886	1.2691843015	-0.0427966886	0.999083802	1.7168749881	0.0	0.0	1.0
98	0.98	head_to_anatomical	SYNTHETIC_TEACHING_FIXTURE	0.9659258263	-0.2588190451	0.0	0.2588190451	0.9659258263	0.0	0.0	0.0	1.0
99	0.99	native_to_head	SYNTHETIC_TEACHING_FIXTURE	0.9990393192	0.0438228092	1.3086748577	-0.0438228092	0.9990393192	1.7294603201	0.0	0.0	1.0
99	0.99	head_to_anatomical	SYNTHETIC_TEACHING_FIXTURE	0.9659258263	-0.2588190451	0.0	0.2588190451	0.9659258263	0.0	0.0	0.0	1.0
100	1.0	native_to_head	SYNTHETIC_TEACHING_FIXTURE	0.9992116537	0.039699761	1.37773684	-0.039699761	0.9992116537	1.717618861	0.0	0.0	1.0
100	1.0	head_to_anatomical	SYNTHETIC_TEACHING_FIXTURE	0.9659258263	-0.2588190451	0.0	0.2588190451	0.9659258263	0.0	0.0	0.0	1.0
101	1.01	native_to_head	SYNTHETIC_TEACHING_FIXTURE	0.9993103701	0.0371319833	1.4679355549	-0.0371319833	0.9993103701	1.7452287969	0.0	0.0	1.0
101	1.01	head_to_anatomical	SYNTHETIC_TEACHING_FIXTURE	0.9659258263	-0.2588190451	0.0	0.2588190451	0.9659258263	0.0	0.0	0.0	1.0
102	1.02	native_to_head	SYNTHETIC_TEACHING_FIXTURE	0.9993199617	0.0368729454	1.5449361487	-0.0368729454	0.9993199617	1.7058616816	0.0	0.0	1.0
102	1.02	head_to_anatomical	SYNTHETIC_TEACHING_FIXTURE	0.9659258263	-0.2588190451	0.0	0.2588190451	0.9659258263	0.0	0.0	0.0	1.0
103	1.03	native_to_head	SYNTHETIC_TEACHING_FIXTURE	0.9993890775	0.0349495591	1.5602219535	-0.0349495591	0.9993890775	1.7339977284	0.0	0.0	1.0
103	1.03	head_to_anatomical	SYNTHETIC_TEACHING_FIXTURE	0.9659258263	-0.2588190451	0.0	0.2588190451	0.9659258263	0.0	0.0	0.0	1.0
104	1.04	native_to_head	SYNTHETIC_TEACHING_FIXTURE	0.9994775046	0.0323220959	1.6448166622	-0.0323220959	0.9994775046	1.7403515201	0.0	0.0	1.0
104	1.04	head_to_anatomical	SYNTHETIC_TEACHING_FIXTURE	0.9659258263	-0.2588190451	0.0	0.2588190451	0.9659258263	0.0	0.0	0.0	1.0
105	1.05	native_to_head	SYNTHETIC_TEACHING_FIXTURE	0.9994670659	0.0326432879	1.72145984	-0.0326432879	0.9994670659	1.7252561646	0.0	0.0	1.0
105	1.05	head_to_anatomical	SYNTHETIC_TEACHING_FIXTURE	0.9659258263	-0.2588190451	0.0	0.2588190451	0.9659258263	0.0	0.0	0.0	1.0
106	1.06	native_to_head	SYNTHETIC_TEACHING_FIXTURE	0.999573339	0.0292085597	1.8164654119	-0.0292085597	0.999573339	1.7128239604	0.0	0.0	1.0
106	1.06	head_to_anatomical	SYNTHETIC_TEACHING_FIXTURE	0.9659258263	-0.2588190451	0.0	0.2588190451	0.9659258263	0.0	0.0	0.0	1.0
107	1.07	native_to_head	SYNTHETIC_TEACHING_FIXTURE	0.9996809848	0.0252572508	1.890757514	-0.0252572508	0.9996809848	1.7866742373	0.0	0.0	1.0
107	1.07	head_to_anatomical	SYNTHETIC_TEACHING_FIXTURE	0.9659258263	-0.2588190451	0.0	0.2588190451	0.9659258263	0.0	0.0	0.0	1.0
108	1.08	native_to_head	SYNTHETIC_TEACHING_FIXTURE	0.9997093578	0.0241080902	1.9203456843	-0.0241080902	0.9997093578	1.7426827912	0.0	0.0	1.0
108	1.08	head_to_anatomical	SYNTHETIC_TEACHING_FIXTURE	0.9659258263	-0.2588190451	0.0	0.2588190451	0.9659258263	0.0	0.0	0.0	1.0
109	1.09	native_to_head	SYNTHETIC_TEACHING_FIXTURE	0.9997395741	0.0228206923	1.9756071101	-0.0228206923	0.9997395741	1.7536901791	0.0	0.0	1.0
109	1.09	head_to_anatomical	SYNTHETIC_TEACHING_FIXTURE	0.9659258263	-0.2588190451	0.0	0.2588190451	0.9659258263	0.0	0.0	0.0	1.0
110	1.1	native_to_head	SYNTHETIC_TEACHING_FIXTURE	0.9997962294	0.0201866227	2.0357832696	-0.0201866227	0.9997962294	1.7412295863	0.0	0.0	1.0
110	1.1	head_to_anatomical	SYNTHETIC_TEACHING_FIXTURE	0.9659258263	-0.2588190451	0.0	0.2588190451	0.9659258263	0.0	0.0	0.0	1.0
111	1.11	native_to_head	SYNTHETIC_TEACHING_FIXTURE	0.9997902859	0.0204788715	2.0956941057	-0.0204788715	0.9997902859	1.7147471096	0.0	0.0	1.0
111	1.11	head_to_anatomical	SYNTHETIC_TEACHING_FIXTURE	0.9659258263	-0.2588190451	0.0	0.2588190451	0.9659258263	0.0	0.0	0.0	1.0
112	1.12	native_to_head	SYNTHETIC_TEACHING_FIXTURE	0.9998519803	0.0172051616	2.1018487522	-0.0172051616	0.9998519803	1.7083407535	0.0	0.0	1.0
112	1.12	head_to_anatomical	SYNTHETIC_TEACHING_FIXTURE	0.9659258263	-0.2588190451	0.0	0.2588190451	0.9659258263	0.0	0.0	0.0	1.0
113	1.13	native_to_head	SYNTHETIC_TEACHING_FIXTURE	0.9999040523	0.0138523012	2.1860581655	-0.0138523012	0.9999040523	1.7311493871	0.0	0.0	1.0
113	1.13	head_to_anatomical	SYNTHETIC_TEACHING_FIXTURE	0.9659258263	-0.2588190451	0.0	0.2588190451	0.9659258263	0.0	0.0	0.0	1.0
114	1.14	native_to_head	SYNTHETIC_TEACHING_FIXTURE	0.9999085169	0.0135261925	2.2147039749	-0.0135261925	0.9999085169	1.7148362924	0.0	0.0	1.0
114	1.14	head_to_anatomical	SYNTHETIC_TEACHING_FIXTURE	0.9659258263	-0.2588190451	0.0	0.2588190451	0.9659258263	0.0	0.0	0.0	1.0
115	1.15	native_to_head	SYNTHETIC_TEACHING_FIXTURE	0.9999552611	0.00945916	2.2647804054	-0.00945916	0.9999552611	1.691603067	0.0	0.0	1.0
115	1.15	head_to_anatomical	SYNTHETIC_TEACHING_FIXTURE	0.9659258263	-0.2588190451	0.0	0.2588190451	0.9659258263	0.0	0.0	0.0	1.0
116	1.16	native_to_head	SYNTHETIC_TEACHING_FIXTURE	0.9999584048	0.0091207854	2.282938355	-0.0091207854	0.9999584048	1.6785513308	0.0	0.0	1.0
116	1.16	head_to_anatomical	SYNTHETIC_TEACHING_FIXTURE	0.9659258263	-0.2588190451	0.0	0.2588190451	0.9659258263	0.0	0.0	0.0	1.0
117	1.17	native_to_head	SYNTHETIC_TEACHING_FIXTURE	0.9999779353	0.0066429627	2.3545726479	-0.0066429627	0.9999779353	1.6898096271	0.0	0.0	1.0
117	1.17	head_to_anatomical	SYNTHETIC_TEACHING_FIXTURE	0.9659258263	-0.2588190451	0.0	0.2588190451	0.9659258263	0.0	0.0	0.0	1.0
118	1.18	native_to_head	SYNTHETIC_TEACHING_FIXTURE	0.9999880972	0.004879077	2.3516790097	-0.004879077	0.9999880972	1.6691035833	0.0	0.0	1.0
118	1.18	head_to_anatomical	SYNTHETIC_TEACHING_FIXTURE	0.9659258263	-0.2588190451	0.0	0.2588190451	0.9659258263	0.0	0.0	0.0	1.0
119	1.19	native_to_head	SYNTHETIC_TEACHING_FIXTURE	0.999997558	0.0022099859	2.3914591808	-0.0022099859	0.999997558	1.6463691305	0.0	0.0	1.0
119	1.19	head_to_anatomical	SYNTHETIC_TEACHING_FIXTURE	0.9659258263	-0.2588190451	0.0	0.2588190451	0.9659258263	0.0	0.0	0.0	1.0
120	1.2	native_to_head	SYNTHETIC_TEACHING_FIXTURE	0.9999998011	0.0006307779	2.4098157008	-0.0006307779	0.9999998011	1.6366811999	0.0	0.0	1.0
120	1.2	head_to_anatomical	SYNTHETIC_TEACHING_FIXTURE	0.9659258263	-0.2588190451	0.0	0.2588190451	0.9659258263	0.0	0.0	0.0	1.0
121	1.21	native_to_head	SYNTHETIC_TEACHING_FIXTURE	0.9999993581	-0.0011330652	2.4013573287	0.0011330652	0.9999993581	1.593514354	0.0	0.0	1.0
121	1.21	head_to_anatomical	SYNTHETIC_TEACHING_FIXTURE	0.9659258263	-0.2588190451	0.0	0.2588190451	0.9659258263	0.0	0.0	0.0	1.0
122	1.22	native_to_head	SYNTHETIC_TEACHING_FIXTURE	0.9999899359	-0.0044864442	2.4672061777	0.0044864442	0.9999899359	1.5743449436	0.0	0.0	1.0
122	1.22	head_to_anatomical	SYNTHETIC_TEACHING_FIXTURE	0.9659258263	-0.2588190451	0.0	0.2588190451	0.9659258263	0.0	0.0	0.0	1.0
123	1.23	native_to_head	SYNTHETIC_TEACHING_FIXTURE	0.999986165	-0.0052602008	2.4446530267	0.0052602008	0.999986165	1.5724365218	0.0	0.0	1.0
123	1.23	head_to_anatomical	SYNTHETIC_TEACHING_FIXTURE	0.9659258263	-0.2588190451	0.0	0.2588190451	0.9659258263	0.0	0.0	0.0	1.0
124	1.24	native_to_head	SYNTHETIC_TEACHING_FIXTURE	0.9999629419	-0.0086089953	2.4827246952	0.0086089953	0.9999629419	1.4906167554	0.0	0.0	1.0
124	1.24	head_to_anatomical	SYNTHETIC_TEACHING_FIXTURE	0.9659258263	-0.2588190451	0.0	0.2588190451	0.9659258263	0.0	0.0	0.0	1.0
125	1.25	native_to_head	SYNTHETIC_TEACHING_FIXTURE	0.999940126	-0.0109427796	2.4256922474	0.0109427796	0.999940126	1.5110666686	0.0	0.0	1.0
125	1.25	head_to_anatomical	SYNTHETIC_TEACHING_FIXTURE	0.9659258263	-0.2588190451	0.0	0.2588190451	0.9659258263	0.0	0.0	0.0	1.0
126	1.26	native_to_head	SYNTHETIC_TEACHING_FIXTURE	0.9999133232	-0.0131660986	2.4482457828	0.0131660986	0.9999133232	1.491360176	0.0	0.0	1.0
126	1.26	head_to_anatomical	SYNTHETIC_TEACHING_FIXTURE	0.9659258263	-0.2588190451	0.0	0.2588190451	0.9659258263	0.0	0.0	0.0	1.0
127	1.27	native_to_head	SYNTHETIC_TEACHING_FIXTURE	0.9998912398	-0.0147481715	2.4707702217	0.0147481715	0.9998912398	1.4433742123	0.0	0.0	1.0
127	1.27	head_to_anatomical	SYNTHETIC_TEACHING_FIXTURE	0.9659258263	-0.2588190451	0.0	0.2588190451	0.9659258263	0.0	0.0	0.0	1.0
128	1.28	native_to_head	SYNTHETIC_TEACHING_FIXTURE	0.9998602183	-0.0167195648	2.4801911125	0.0167195648	0.9998602183	1.4239777392	0.0	0.0	1.0
128	1.28	head_to_anatomical	SYNTHETIC_TEACHING_FIXTURE	0.9659258263	-0.2588190451	0.0	0.2588190451	0.9659258263	0.0	0.0	0.0	1.0
129	1.29	native_to_head	SYNTHETIC_TEACHING_FIXTURE	0.9998233584	-0.0187949984	2.4624545615	0.0187949984	0.9998233584	1.3960030653	0.0	0.0	1.0
129	1.29	head_to_anatomical	SYNTHETIC_TEACHING_FIXTURE	0.9659258263	-0.2588190451	0.0	0.2588190451	0.9659258263	0.0	0.0	0.0	1.0
130	1.3	native_to_head	SYNTHETIC_TEACHING_FIXTURE	0.9997938725	-0.0203030175	2.4200681365	0.0203030175	0.9997938725	1.385835504	0.0	0.0	1.0
130	1.3	head_to_anatomical	SYNTHETIC_TEACHING_FIXTURE	0.9659258263	-0.2588190451	0.0	0.2588190451	0.9659258263	0.0	0.0	0.0	1.0
131	1.31	native_to_head	SYNTHETIC_TEACHING_FIXTURE	0.9997406837	-0.0227720305	2.4655182654	0.0227720305	0.9997406837	1.340346895	0.0	0.0	1.0
131	1.31	head_to_anatomical	SYNTHETIC_TEACHING_FIXTURE	0.9659258263	-0.2588190451	0.0	0.2588190451	0.9659258263	0.0	0.0	0.0	1.0
132	1.32	native_to_head	SYNTHETIC_TEACHING_FIXTURE	0.9997007373	-0.0244629484	2.3873585563	0.0244629484	0.9997007373	1.3069226985	0.0	0.0	1.0
132	1.32	head_to_anatomical	SYNTHETIC_TEACHING_FIXTURE	0.9659258263	-0.2588190451	0.0	0.2588190451	0.9659258263	0.0	0.0	0.0	1.0
133	1.33	native_to_head	SYNTHETIC_TEACHING_FIXTURE	0.9996420814	-0.0267527411	2.4017743624	0.0267527411	0.9996420814	1.2412086018	0.0	0.0	1.0
133	1.33	head_to_anatomical	SYNTHETIC_TEACHING_FIXTURE	0.9659258263	-0.2588190451	0.0	0.2588190451	0.9659258263	0.0	0.0	0.0	1.0
134	1.34	native_to_head	SYNTHETIC_TEACHING_FIXTURE	0.9995274731	-0.0307380966	2.4005461588	0.0307380966	0.9995274731	1.21920123	0.0	0.0	1.0
134	1.34	head_to_anatomical	SYNTHETIC_TEACHING_FIXTURE	0.9659258263	-0.2588190451	0.0	0.2588190451	0.9659258263	0.0	0.0	0.0	1.0
135	1.35	native_to_head	SYNTHETIC_TEACHING_FIXTURE	0.9995478598	-0.0300678569	2.372592595	0.0300678569	0.9995478598	1.2225798056	0.0	0.0	1.0
135	1.35	head_to_anatomical	SYNTHETIC_TEACHING_FIXTURE	0.9659258263	-0.2588190451	0.0	0.2588190451	0.9659258263	0.0	0.0	0.0	1.0
136	1.36	native_to_head	SYNTHETIC_TEACHING_FIXTURE	0.999454202	-0.0330348021	2.3586859274	0.0330348021	0.999454202	1.1336239045	0.0	0.0	1.0
136	1.36	head_to_anatomical	SYNTHETIC_TEACHING_FIXTURE	0.9659258263	-0.2588190451	0.0	0.2588190451	0.9659258263	0.0	0.0	0.0	1.0
137	1.37	native_to_head	SYNTHETIC_TEACHING_FIXTURE	0.9994186248	-0.0340941686	2.3532310905	0.0340941686	0.9994186248	1.1081110129	0.0	0.0	1.0
137	1.37	head_to_anatomical	SYNTHETIC_TEACHING_FIXTURE	0.9659258263	-0.2588190451	0.0	0.2588190451	0.9659258263	0.0	0.0	0.0	1.0
138	1.38	native_to_head	SYNTHETIC_TEACHING_FIXTURE	0.9993565816	-0.0358667356	2.2872056188	0.0358667356	0.9993565816	1.0717065226	0.0	0.0	1.0
138	1.38	head_to_anatomical	SYNTHETIC_TEACHING_FIXTURE	0.9659258263	-0.2588190451	0.0	0.2588190451	0.9659258263	0.0	0.0	0.0	1.0
139	1.39	native_to_head	SYNTHETIC_TEACHING_FIXTURE	0.9992853266	-0.0377999473	2.2170410303	0.0377999473	0.9992853266	1.0469554167	0.0	0.0	1.0
139	1.39	head_to_anatomical	SYNTHETIC_TEACHING_FIXTURE	0.9659258263	-0.2588190451	0.0	0.2588190451	0.9659258263	0.0	0.0	0.0	1.0
140	1.4	native_to_head	SYNTHETIC_TEACHING_FIXTURE	0.9991971156	-0.0400640012	2.1083256312	0.0400640012	0.9991971156	0.9620009209	0.0	0.0	1.0
140	1.4	head_to_anatomical	SYNTHETIC_TEACHING_FIXTURE	0.9659258263	-0.2588190451	0.0	0.2588190451	0.9659258263	0.0	0.0	0.0	1.0
141	1.41	native_to_head	SYNTHETIC_TEACHING_FIXTURE	0.9993120225	-0.0370874863	2.0281609087	0.0370874863	0.9993120225	0.8490487543	0.0	0.0	1.0
141	1.41	head_to_anatomical	SYNTHETIC_TEACHING_FIXTURE	0.9659258263	-0.2588190451	0.0	0.2588190451	0.9659258263	0.0	0.0	0.0	1.0
142	1.42	native_to_head	SYNTHETIC_TEACHING_FIXTURE	0.9992621772	-0.0384070461	1.8773924378	0.0384070461	0.9992621772	0.7911171054	0.0	0.0	1.0
142	1.42	head_to_anatomical	SYNTHETIC_TEACHING_FIXTURE	0.9659258263	-0.2588190451	0.0	0.2588190451	0.9659258263	0.0	0.0	0.0	1.0
143	1.43	native_to_head	SYNTHETIC_TEACHING_FIXTURE	0.9992493265	-0.0387399463	1.7512481821	0.0387399463	0.9992493265	0.7055531731	0.0	0.0	1.0
143	1.43	head_to_anatomical	SYNTHETIC_TEACHING_FIXTURE	0.9659258263	-0.2588190451	0.0	0.2588190451	0.9659258263	0.0	0.0	0.0	1.0
144	1.44	native_to_head	SYNTHETIC_TEACHING_FIXTURE	0.999298721	-0.0374441745	1.624055874	0.0374441745	0.999298721	0.594510631	0.0	0.0	1.0
144	1.44	head_to_anatomical	SYNTHETIC_TEACHING_FIXTURE	0.9659258263	-0.2588190451	0.0	0.2588190451	0.9659258263	0.0	0.0	0.0	1.0
145	1.45	native_to_head	SYNTHETIC_TEACHING_FIXTURE	0.999258332	-0.0385069592	1.497219566	0.0385069592	0.999258332	0.5229984792	0.0	0.0	1.0
145	1.45	head_to_anatomical	SYNTHETIC_TEACHING_FIXTURE	0.9659258263	-0.2588190451	0.0	0.2588190451	0.9659258263	0.0	0.0	0.0	1.0
146	1.46	native_to_head	SYNTHETIC_TEACHING_FIXTURE	0.9993425923	-0.0362544229	1.3644204747	0.0362544229	0.9993425923	0.4100588058	0.0	0.0	1.0
146	1.46	head_to_anatomical	SYNTHETIC_TEACHING_FIXTURE	0.9659258263	-0.2588190451	0.0	0.2588190451	0.9659258263	0.0	0.0	0.0	1.0
147	1.47	native_to_head	SYNTHETIC_TEACHING_FIXTURE	0.9992684415	-0.0382437159	1.2127841977	0.0382437159	0.9992684415	0.3555577935	0.0	0.0	1.0
147	1.47	head_to_anatomical	SYNTHETIC_TEACHING_FIXTURE	0.9659258263	-0.2588190451	0.0	0.2588190451	0.9659258263	0.0	0.0	0.0	1.0
148	1.48	native_to_head	SYNTHETIC_TEACHING_FIXTURE	0.9993106277	-0.0371250495	1.0596616877	0.0371250495	0.9993106277	0.2849805315	0.0	0.0	1.0
148	1.48	head_to_anatomical	SYNTHETIC_TEACHING_FIXTURE	0.9659258263	-0.2588190451	0.0	0.2588190451	0.9659258263	0.0	0.0	0.0	1.0
149	1.49	native_to_head	SYNTHETIC_TEACHING_FIXTURE	0.9992862144	-0.03777647	0.9588096376	0.03777647	0.9992862144	0.1534540838	0.0	0.0	1.0
149	1.49	head_to_anatomical	SYNTHETIC_TEACHING_FIXTURE	0.9659258263	-0.2588190451	0.0	0.2588190451	0.9659258263	0.0	0.0	0.0	1.0
150	1.5	native_to_head	SYNTHETIC_TEACHING_FIXTURE	0.9992724487	-0.0381388674	0.7745033356	0.0381388674	0.9992724487	0.0737294627	0.0	0.0	1.0
150	1.5	head_to_anatomical	SYNTHETIC_TEACHING_FIXTURE	0.9659258263	-0.2588190451	0.0	0.2588190451	0.9659258263	0.0	0.0	0.0	1.0
151	1.51	native_to_head	SYNTHETIC_TEACHING_FIXTURE	0.9993025855	-0.0373408964	0.6508611196	0.0373408964	0.9993025855	-0.0287763102	0.0	0.0	1.0
151	1.51	head_to_anatomical	SYNTHETIC_TEACHING_FIXTURE	0.9659258263	-0.2588190451	0.0	0.2588190451	0.9659258263	0.0	0.0	0.0	1.0
152	1.52	native_to_head	SYNTHETIC_TEACHING_FIXTURE	0.9993034731	-0.0373171363	0.5143321826	0.0373171363	0.9993034731	-0.1142566065	0.0	0.0	1.0
152	1.52	head_to_anatomical	SYNTHETIC_TEACHING_FIXTURE	0.9659258263	-0.2588190451	0.0	0.2588190451	0.9659258263	0.0	0.0	0.0	1.0
153	1.53	native_to_head	SYNTHETIC_TEACHING_FIXTURE	0.9993625907	-0.0356989116	0.3408294648	0.0356989116	0.9993625907	-0.1639078831	0.0	0.0	1.0
153	1.53	head_to_anatomical	SYNTHETIC_TEACHING_FIXTURE	0.9659258263	-0.2588190451	0.0	0.2588190451	0.9659258263	0.0	0.0	0.0	1.0
154	1.54	native_to_head	SYNTHETIC_TEACHING_FIXTURE	0.9993089654	-0.0371697693	0.1861423163	0.0371697693	0.9993089654	-0.2561558379	0.0	0.0	1.0
154	1.54	head_to_anatomical	SYNTHETIC_TEACHING_FIXTURE	0.9659258263	-0.2588190451	0.0	0.2588190451	0.9659258263	0.0	0.0	0.0	1.0
155	1.55	native_to_head	SYNTHETIC_TEACHING_FIXTURE	0.9993458682	-0.0361640114	0.0583426981	0.0361640114	0.9993458682	-0.4207625432	0.0	0.0	1.0
155	1.55	head_to_anatomical	SYNTHETIC_TEACHING_FIXTURE	0.9659258263	-0.2588190451	0.0	0.2588190451	0.9659258263	0.0	0.0	0.0	1.0
156	1.56	native_to_head	SYNTHETIC_TEACHING_FIXTURE	0.9994129412	-0.0342603696	-0.1167070063	0.0342603696	0.9994129412	-0.5010430909	0.0	0.0	1.0
156	1.56	head_to_anatomical	SYNTHETIC_TEACHING_FIXTURE	0.9659258263	-0.2588190451	0.0	0.2588190451	0.9659258263	0.0	0.0	0.0	1.0
157	1.57	native_to_head	SYNTHETIC_TEACHING_FIXTURE	0.9994271507	-0.0338433223	-0.2916619712	0.0338433223	0.9994271507	-0.5664891603	0.0	0.0	1.0
157	1.57	head_to_anatomical	SYNTHETIC_TEACHING_FIXTURE	0.9659258263	-0.2588190451	0.0	0.2588190451	0.9659258263	0.0	0.0	0.0	1.0
158	1.58	native_to_head	SYNTHETIC_TEACHING_FIXTURE	0.9994058137	-0.0344676587	-0.4443205697	0.0344676587	0.9994058137	-0.6299260229	0.0	0.0	1.0
158	1.58	head_to_anatomical	SYNTHETIC_TEACHING_FIXTURE	0.9659258263	-0.2588190451	0.0	0.2588190451	0.9659258263	0.0	0.0	0.0	1.0
159	1.59	native_to_head	SYNTHETIC_TEACHING_FIXTURE	0.9994327312	-0.0336781203	-0.5874619853	0.0336781203	0.9994327312	-0.7437831271	0.0	0.0	1.0
159	1.59	head_to_anatomical	SYNTHETIC_TEACHING_FIXTURE	0.9659258263	-0.2588190451	0.0	0.2588190451	0.9659258263	0.0	0.0	0.0	1.0
160	1.6	native_to_head	SYNTHETIC_TEACHING_FIXTURE	0.999484515	-0.032104582	-0.7296232998	0.032104582	0.999484515	-0.8353464458	0.0	0.0	1.0
160	1.6	head_to_anatomical	SYNTHETIC_TEACHING_FIXTURE	0.9659258263	-0.2588190451	0.0	0.2588190451	0.9659258263	0.0	0.0	0.0	1.0
161	1.61	native_to_head	SYNTHETIC_TEACHING_FIXTURE	0.9995174713	-0.0310616267	-0.9578361973	0.0310616267	0.9995174713	-0.9499830574	0.0	0.0	1.0
161	1.61	head_to_anatomical	SYNTHETIC_TEACHING_FIXTURE	0.9659258263	-0.2588190451	0.0	0.2588190451	0.9659258263	0.0	0.0	0.0	1.0
162	1.62	native_to_head	SYNTHETIC_TEACHING_FIXTURE	0.9994821442	-0.0321783058	-1.1034573966	0.0321783058	0.9994821442	-1.0295489091	0.0	0.0	1.0
162	1.62	head_to_anatomical	SYNTHETIC_TEACHING_FIXTURE	0.9659258263	-0.2588190451	0.0	0.2588190451	0.9659258263	0.0	0.0	0.0	1.0
163	1.63	native_to_head	SYNTHETIC_TEACHING_FIXTURE	0.9995630264	-0.0295593697	-1.3048570741	0.0295593697	0.9995630264	-1.1242204774	0.0	0.0	1.0
163	1.63	head_to_anatomical	SYNTHETIC_TEACHING_FIXTURE	0.9659258263	-0.2588190451	0.0	0.2588190451	0.9659258263	0.0	0.0	0.0	1.0
164	1.64	native_to_head	SYNTHETIC_TEACHING_FIXTURE	0.9995689252	-0.0293592189	-1.4166340233	0.0293592189	0.9995689252	-1.1664682854	0.0	0.0	1.0
164	1.64	head_to_anatomical	SYNTHETIC_TEACHING_FIXTURE	0.9659258263	-0.2588190451	0.0	0.2588190451	0.9659258263	0.0	0.0	0.0	1.0
165	1.65	native_to_head	SYNTHETIC_TEACHING_FIXTURE	0.9995940155	-0.0284921767	-1.5785833828	0.0284921767	0.9995940155	-1.3104526575	0.0	0.0	1.0
165	1.65	head_to_anatomical	SYNTHETIC_TEACHING_FIXTURE	0.9659258263	-0.2588190451	0.0	0.2588190451	0.9659258263	0.0	0.0	0.0	1.0
166	1.66	native_to_head	SYNTHETIC_TEACHING_FIXTURE	0.9996155867	-0.027725057	-1.7819542747	0.027725057	0.9996155867	-1.3955810712	0.0	0.0	1.0
166	1.66	head_to_anatomical	SYNTHETIC_TEACHING_FIXTURE	0.9659258263	-0.2588190451	0.0	0.2588190451	0.9659258263	0.0	0.0	0.0	1.0
167	1.67	native_to_head	SYNTHETIC_TEACHING_FIXTURE	0.9996332738	-0.0270798416	-1.9432433726	0.0270798416	0.9996332738	-1.4608577704	0.0	0.0	1.0
167	1.67	head_to_anatomical	SYNTHETIC_TEACHING_FIXTURE	0.9659258263	-0.2588190451	0.0	0.2588190451	0.9659258263	0.0	0.0	0.0	1.0
168	1.68	native_to_head	SYNTHETIC_TEACHING_FIXTURE	0.9996413964	-0.0267783218	-2.1095321071	0.0267783218	0.9996413964	-1.5432557365	0.0	0.0	1.0
168	1.68	head_to_anatomical	SYNTHETIC_TEACHING_FIXTURE	0.9659258263	-0.2588190451	0.0	0.2588190451	0.9659258263	0.0	0.0	0.0	1.0
169	1.69	native_to_head	SYNTHETIC_TEACHING_FIXTURE	0.9996962477	-0.0246457366	-2.2886250845	0.0246457366	0.9996962477	-1.6188876452	0.0	0.0	1.0
169	1.69	head_to_anatomical	SYNTHETIC_TEACHING_FIXTURE	0.9659258263	-0.2588190451	0.0	0.2588190451	0.9659258263	0.0	0.0	0.0	1.0
170	1.7	native_to_head	SYNTHETIC_TEACHING_FIXTURE	0.9997559136	-0.0220932863	-2.45751896	0.0220932863	0.9997559136	-1.7253203015	0.0	0.0	1.0
170	1.7	head_to_anatomical	SYNTHETIC_TEACHING_FIXTURE	0.9659258263	-0.2588190451	0.0	0.2588190451	0.9659258263	0.0	0.0	0.0	1.0
171	1.71	native_to_head	SYNTHETIC_TEACHING_FIXTURE	0.9971342615	-0.075652261	-0.0395045996	0.075652261	0.9971342615	-0.7252164709	0.0	0.0	1.0
171	1.71	head_to_anatomical	SYNTHETIC_TEACHING_FIXTURE	0.9659258263	-0.2588190451	0.0	0.2588190451	0.9659258263	0.0	0.0	0.0	1.0
172	1.72	native_to_head	SYNTHETIC_TEACHING_FIXTURE	0.9970561291	-0.0766751288	-0.1010524171	0.0766751288	0.9970561291	-0.7744210619	0.0	0.0	1.0
172	1.72	head_to_anatomical	SYNTHETIC_TEACHING_FIXTURE	0.9659258263	-0.2588190451	0.0	0.2588190451	0.9659258263	0.0	0.0	0.0	1.0
173	1.73	native_to_head	SYNTHETIC_TEACHING_FIXTURE	0.9969300794	-0.0782969786	-0.195151136	0.0782969786	0.9969300794	-0.8544891378	0.0	0.0	1.0
173	1.73	head_to_anatomical	SYNTHETIC_TEACHING_FIXTURE	0.9659258263	-0.2588190451	0.0	0.2588190451	0.9659258263	0.0	0.0	0.0	1.0
174	1.74	native_to_head	SYNTHETIC_TEACHING_FIXTURE	0.996840028	-0.079435248	-0.2859196685	0.079435248	0.996840028	-0.8844294087	0.0	0.0	1.0
174	1.74	head_to_anatomical	SYNTHETIC_TEACHING_FIXTURE	0.9659258263	-0.2588190451	0.0	0.2588190451	0.9659258263	0.0	0.0	0.0	1.0
175	1.75	native_to_head	SYNTHETIC_TEACHING_FIXTURE	0.9969834477	-0.0776144645	-0.3711590843	0.0776144645	0.9969834477	-0.9403763994	0.0	0.0	1.0
175	1.75	head_to_anatomical	SYNTHETIC_TEACHING_FIXTURE	0.9659258263	-0.2588190451	0.0	0.2588190451	0.9659258263	0.0	0.0	0.0	1.0
176	1.76	native_to_head	SYNTHETIC_TEACHING_FIXTURE	0.9967868509	-0.0800997742	-0.485720874	0.0800997742	0.9967868509	-0.9767779694	0.0	0.0	1.0
176	1.76	head_to_anatomical	SYNTHETIC_TEACHING_FIXTURE	0.9659258263	-0.2588190451	0.0	0.2588190451	0.9659258263	0.0	0.0	0.0	1.0
177	1.77	native_to_head	SYNTHETIC_TEACHING_FIXTURE	0.996763068	-0.0803951879	-0.5718305208	0.0803951879	0.996763068	-1.0267629075	0.0	0.0	1.0
177	1.77	head_to_anatomical	SYNTHETIC_TEACHING_FIXTURE	0.9659258263	-0.2588190451	0.0	0.2588190451	0.9659258263	0.0	0.0	0.0	1.0
178	1.78	native_to_head	SYNTHETIC_TEACHING_FIXTURE	0.9968435298	-0.0793912906	-0.5981138214	0.0793912906	0.9968435298	-1.1039350905	0.0	0.0	1.0
178	1.78	head_to_anatomical	SYNTHETIC_TEACHING_FIXTURE	0.9659258263	-0.2588190451	0.0	0.2588190451	0.9659258263	0.0	0.0	0.0	1.0
179	1.79	native_to_head	SYNTHETIC_TEACHING_FIXTURE	0.9967981623	-0.0799588874	-0.7075349472	0.0799588874	0.9967981623	-1.1230757383	0.0	0.0	1.0
179	1.79	head_to_anatomical	SYNTHETIC_TEACHING_FIXTURE	0.9659258263	-0.2588190451	0.0	0.2588190451	0.9659258263	0.0	0.0	0.0	1.0
180	1.8	native_to_head	SYNTHETIC_TEACHING_FIXTURE	0.9967577831	-0.0804606852	-0.8270528469	0.0804606852	0.9967577831	-1.1705024349	0.0	0.0	1.0
180	1.8	head_to_anatomical	SYNTHETIC_TEACHING_FIXTURE	0.9659258263	-0.2588190451	0.0	0.2588190451	0.9659258263	0.0	0.0	0.0	1.0
181	1.81	native_to_head	SYNTHETIC_TEACHING_FIXTURE	0.9967306522	-0.080796083	-0.9010114691	0.080796083	0.9967306522	-1.2481444501	0.0	0.0	1.0
181	1.81	head_to_anatomical	SYNTHETIC_TEACHING_FIXTURE	0.9659258263	-0.2588190451	0.0	0.2588190451	0.9659258263	0.0	0.0	0.0	1.0
182	1.82	native_to_head	SYNTHETIC_TEACHING_FIXTURE	0.9968248195	-0.0796258703	-0.945714863	0.0796258703	0.9968248195	-1.2919801183	0.0	0.0	1.0
182	1.82	head_to_anatomical	SYNTHETIC_TEACHING_FIXTURE	0.9659258263	-0.2588190451	0.0	0.2588190451	0.9659258263	0.0	0.0	0.0	1.0
183	1.83	native_to_head	SYNTHETIC_TEACHING_FIXTURE	0.9968417234	-0.079413969	-1.0606859942	0.079413969	0.9968417234	-1.3184878797	0.0	0.0	1.0
183	1.83	head_to_anatomical	SYNTHETIC_TEACHING_FIXTURE	0.9659258263	-0.2588190451	0.0	0.2588190451	0.9659258263	0.0	0.0	0.0	1.0
184	1.84	native_to_head	SYNTHETIC_TEACHING_FIXTURE	0.9966929927	-0.081259327	-1.112401126	0.081259327	0.9966929927	-1.3697280597	0.0	0.0	1.0
184	1.84	head_to_anatomical	SYNTHETIC_TEACHING_FIXTURE	0.9659258263	-0.2588190451	0.0	0.2588190451	0.9659258263	0.0	0.0	0.0	1.0
185	1.85	native_to_head	SYNTHETIC_TEACHING_FIXTURE	0.9968818601	-0.0789085351	-1.2028761259	0.0789085351	0.9968818601	-1.431045542	0.0	0.0	1.0
185	1.85	head_to_anatomical	SYNTHETIC_TEACHING_FIXTURE	0.9659258263	-0.2588190451	0.0	0.2588190451	0.9659258263	0.0	0.0	0.0	1.0
186	1.86	native_to_head	SYNTHETIC_TEACHING_FIXTURE	0.9967948263	-0.0800004636	-1.2909852798	0.0800004636	0.9967948263	-1.4543862149	0.0	0.0	1.0
186	1.86	head_to_anatomical	SYNTHETIC_TEACHING_FIXTURE	0.9659258263	-0.2588190451	0.0	0.2588190451	0.9659258263	0.0	0.0	0.0	1.0
187	1.87	native_to_head	SYNTHETIC_TEACHING_FIXTURE	0.9968250062	-0.0796235335	-1.3584386322	0.0796235335	0.9968250062	-1.5051942667	0.0	0.0	1.0
187	1.87	head_to_anatomical	SYNTHETIC_TEACHING_FIXTURE	0.9659258263	-0.2588190451	0.0	0.2588190451	0.9659258263	0.0	0.0	0.0	1.0
188	1.88	native_to_head	SYNTHETIC_TEACHING_FIXTURE	0.996954683	-0.0779830749	-1.4353856291	0.0779830749	0.996954683	-1.5348666972	0.0	0.0	1.0
188	1.88	head_to_anatomical	SYNTHETIC_TEACHING_FIXTURE	0.9659258263	-0.2588190451	0.0	0.2588190451	0.9659258263	0.0	0.0	0.0	1.0
189	1.89	native_to_head	SYNTHETIC_TEACHING_FIXTURE	0.9969646711	-0.0778552799	-1.4932059483	0.0778552799	0.9969646711	-1.5741094641	0.0	0.0	1.0
189	1.89	head_to_anatomical	SYNTHETIC_TEACHING_FIXTURE	0.9659258263	-0.2588190451	0.0	0.2588190451	0.9659258263	0.0	0.0	0.0	1.0
190	1.9	native_to_head	SYNTHETIC_TEACHING_FIXTURE	0.996966845	-0.0778274373	-1.556941563	0.0778274373	0.996966845	-1.6163647962	0.0	0.0	1.0
190	1.9	head_to_anatomical	SYNTHETIC_TEACHING_FIXTURE	0.9659258263	-0.2588190451	0.0	0.2588190451	0.9659258263	0.0	0.0	0.0	1.0
191	1.91	native_to_head	SYNTHETIC_TEACHING_FIXTURE	0.9970719928	-0.076468563	-1.6177952796	0.076468563	0.9970719928	-1.6558262199	0.0	0.0	1.0
191	1.91	head_to_anatomical	SYNTHETIC_TEACHING_FIXTURE	0.9659258263	-0.2588190451	0.0	0.2588190451	0.9659258263	0.0	0.0	0.0	1.0
192	1.92	native_to_head	SYNTHETIC_TEACHING_FIXTURE	0.9972564556	-0.0740240618	-1.6968186864	0.0740240618	0.9972564556	-1.6728127797	0.0	0.0	1.0
192	1.92	head_to_anatomical	SYNTHETIC_TEACHING_FIXTURE	0.9659258263	-0.2588190451	0.0	0.2588190451	0.9659258263	0.0	0.0	0.0	1.0
193	1.93	native_to_head	SYNTHETIC_TEACHING_FIXTURE	0.9971674283	-0.0752138284	-1.7429811459	0.0752138284	0.9971674283	-1.7082579711	0.0	0.0	1.0
193	1.93	head_to_anatomical	SYNTHETIC_TEACHING_FIXTURE	0.9659258263	-0.2588190451	0.0	0.2588190451	0.9659258263	0.0	0.0	0.0	1.0
194	1.94	native_to_head	SYNTHETIC_TEACHING_FIXTURE	0.9972179558	-0.0745409192	-1.8230240078	0.0745409192	0.9972179558	-1.7513694414	0.0	0.0	1.0
194	1.94	head_to_anatomical	SYNTHETIC_TEACHING_FIXTURE	0.9659258263	-0.2588190451	0.0	0.2588190451	0.9659258263	0.0	0.0	0.0	1.0
195	1.95	native_to_head	SYNTHETIC_TEACHING_FIXTURE	0.9971865136	-0.0749603701	-1.8810568587	0.0749603701	0.9971865136	-1.7476001409	0.0	0.0	1.0
195	1.95	head_to_anatomical	SYNTHETIC_TEACHING_FIXTURE	0.9659258263	-0.2588190451	0.0	0.2588190451	0.9659258263	0.0	0.0	0.0	1.0
196	1.96	native_to_head	SYNTHETIC_TEACHING_FIXTURE	0.9973903698	-0.0721973011	-1.9269933418	0.0721973011	0.9973903698	-1.7739474174	0.0	0.0	1.0
196	1.96	head_to_anatomical	SYNTHETIC_TEACHING_FIXTURE	0.9659258263	-0.2588190451	0.0	0.2588190451	0.9659258263	0.0	0.0	0.0	1.0
197	1.97	native_to_head	SYNTHETIC_TEACHING_FIXTURE	0.9974225853	-0.0717508631	-1.9502341773	0.0717508631	0.9974225853	-1.8380604065	0.0	0.0	1.0
197	1.97	head_to_anatomical	SYNTHETIC_TEACHING_FIXTURE	0.9659258263	-0.2588190451	0.0	0.2588190451	0.9659258263	0.0	0.0	0.0	1.0
198	1.98	native_to_head	SYNTHETIC_TEACHING_FIXTURE	0.9975505282	-0.0699495793	-2.0298913726	0.0699495793	0.9975505282	-1.8677706521	0.0	0.0	1.0
198	1.98	head_to_anatomical	SYNTHETIC_TEACHING_FIXTURE	0.9659258263	-0.2588190451	0.0	0.2588190451	0.9659258263	0.0	0.0	0.0	1.0
199	1.99	native_to_head	SYNTHETIC_TEACHING_FIXTURE	0.9974263196	-0.0716989326	-2.0759849088	0.0716989326	0.9974263196	-1.8665408567	0.0	0.0	1.0
199	1.99	head_to_anatomical	SYNTHETIC_TEACHING_FIXTURE	0.9659258263	-0.2588190451	0.0	0.2588190451	0.9659258263	0.0	0.0	0.0	1.0
200	2.0	native_to_head	SYNTHETIC_TEACHING_FIXTURE	0.9976928733	-0.0678891053	-2.0821881141	0.0678891053	0.9976928733	-1.8338262925	0.0	0.0	1.0
200	2.0	head_to_anatomical	SYNTHETIC_TEACHING_FIXTURE	0.9659258263	-0.2588190451	0.0	0.2588190451	0.9659258263	0.0	0.0	0.0	1.0
201	2.01	native_to_head	SYNTHETIC_TEACHING_FIXTURE	0.9977106677	-0.0676270925	-2.138494024	0.0676270925	0.9977106677	-1.8699861083	0.0	0.0	1.0
201	2.01	head_to_anatomical	SYNTHETIC_TEACHING_FIXTURE	0.9659258263	-0.2588190451	0.0	0.2588190451	0.9659258263	0.0	0.0	0.0	1.0
202	2.02	native_to_head	SYNTHETIC_TEACHING_FIXTURE	0.9977361997	-0.0672493551	-2.1912350446	0.0672493551	0.9977361997	-1.9245622699	0.0	0.0	1.0
202	2.02	head_to_anatomical	SYNTHETIC_TEACHING_FIXTURE	0.9659258263	-0.2588190451	0.0	0.2588190451	0.9659258263	0.0	0.0	0.0	1.0
203	2.03	native_to_head	SYNTHETIC_TEACHING_FIXTURE	0.9979263179	-0.0643666379	-2.2583845905	0.0643666379	0.9979263179	-1.9210430814	0.0	0.0	1.0
203	2.03	head_to_anatomical	SYNTHETIC_TEACHING_FIXTURE	0.9659258263	-0.2588190451	0.0	0.2588190451	0.9659258263	0.0	0.0	0.0	1.0
204	2.04	native_to_head	SYNTHETIC_TEACHING_FIXTURE	0.9978603975	-0.0653806323	-2.2623124773	0.0653806323	0.9978603975	-1.930554815	0.0	0.0	1.0
204	2.04	head_to_anatomical	SYNTHETIC_TEACHING_FIXTURE	0.9659258263	-0.2588190451	0.0	0.2588190451	0.9659258263	0.0	0.0	0.0	1.0
205	2.05	native_to_head	SYNTHETIC_TEACHING_FIXTURE	0.9980497098	-0.0624241687	-2.2813927324	0.0624241687	0.9980497098	-1.930558298	0.0	0.0	1.0
205	2.05	head_to_anatomical	SYNTHETIC_TEACHING_FIXTURE	0.9659258263	-0.2588190451	0.0	0.2588190451	0.9659258263	0.0	0.0	0.0	1.0
206	2.06	native_to_head	SYNTHETIC_TEACHING_FIXTURE	0.9979964572	-0.0632698309	-2.3598373636	0.0632698309	0.9979964572	-1.9424365939	0.0	0.0	1.0
206	2.06	head_to_anatomical	SYNTHETIC_TEACHING_FIXTURE	0.9659258263	-0.2588190451	0.0	0.2588190451	0.9659258263	0.0	0.0	0.0	1.0
207	2.07	native_to_head	SYNTHETIC_TEACHING_FIXTURE	0.9981897192	-0.0601438656	-2.3271514076	0.0601438656	0.9981897192	-1.9317756367	0.0	0.0	1.0
207	2.07	head_to_anatomical	SYNTHETIC_TEACHING_FIXTURE	0.9659258263	-0.2588190451	0.0	0.2588190451	0.9659258263	0.0	0.0	0.0	1.0
208	2.08	native_to_head	SYNTHETIC_TEACHING_FIXTURE	0.998261097	-0.0589472829	-2.3719852784	0.0589472829	0.998261097	-1.942162673	0.0	0.0	1.0
208	2.08	head_to_anatomical	SYNTHETIC_TEACHING_FIXTURE	0.9659258263	-0.2588190451	0.0	0.2588190451	0.9659258263	0.0	0.0	0.0	1.0
209	2.09	native_to_head	SYNTHETIC_TEACHING_FIXTURE	0.9982410507	-0.0592857887	-2.3966569572	0.0592857887	0.9982410507	-1.9587011357	0.0	0.0	1.0
209	2.09	head_to_anatomical	SYNTHETIC_TEACHING_FIXTURE	0.9659258263	-0.2588190451	0.0	0.2588190451	0.9659258263	0.0	0.0	0.0	1.0
210	2.1	native_to_head	SYNTHETIC_TEACHING_FIXTURE	0.9983936662	-0.0566576331	-2.3503121672	0.0566576331	0.9983936662	-1.9591339023	0.0	0.0	1.0
210	2.1	head_to_anatomical	SYNTHETIC_TEACHING_FIXTURE	0.9659258263	-0.2588190451	0.0	0.2588190451	0.9659258263	0.0	0.0	0.0	1.0
211	2.11	native_to_head	SYNTHETIC_TEACHING_FIXTURE	0.9984401115	-0.0558331784	-2.3910838707	0.0558331784	0.9984401115	-1.9293247866	0.0	0.0	1.0
211	2.11	head_to_anatomical	SYNTHETIC_TEACHING_FIXTURE	0.9659258263	-0.2588190451	0.0	0.2588190451	0.9659258263	0.0	0.0	0.0	1.0
212	2.12	native_to_head	SYNTHETIC_TEACHING_FIXTURE	0.9986303451	-0.0523204923	-2.4089696892	0.0523204923	0.9986303451	-1.9239760908	0.0	0.0	1.0
212	2.12	head_to_anatomical	SYNTHETIC_TEACHING_FIXTURE	0.9659258263	-0.2588190451	0.0	0.2588190451	0.9659258263	0.0	0.0	0.0	1.0
213	2.13	native_to_head	SYNTHETIC_TEACHING_FIXTURE	0.9987005898	-0.050962064	-2.4110439458	0.050962064	0.9987005898	-1.9271902203	0.0	0.0	1.0
213	2.13	head_to_anatomical	SYNTHETIC_TEACHING_FIXTURE	0.9659258263	-0.2588190451	0.0	0.2588190451	0.9659258263	0.0	0.0	0.0	1.0
214	2.14	native_to_head	SYNTHETIC_TEACHING_FIXTURE	0.9987037492	-0.0509001113	-2.4101180492	0.0509001113	0.9987037492	-1.9208675818	0.0	0.0	1.0
214	2.14	head_to_anatomical	SYNTHETIC_TEACHING_FIXTURE	0.9659258263	-0.2588190451	0.0	0.2588190451	0.9659258263	0.0	0.0	0.0	1.0
215	2.15	native_to_head	SYNTHETIC_TEACHING_FIXTURE	0.9988263632	-0.0484344515	-2.387669698	0.0484344515	0.9988263632	-1.9168007766	0.0	0.0	1.0
215	2.15	head_to_anatomical	SYNTHETIC_TEACHING_FIXTURE	0.9659258263	-0.2588190451	0.0	0.2588190451	0.9659258263	0.0	0.0	0.0	1.0
216	2.16	native_to_head	SYNTHETIC_TEACHING_FIXTURE	0.9988782708	-0.047351875	-2.3562295143	0.047351875	0.9988782708	-1.8857159872	0.0	0.0	1.0
216	2.16	head_to_anatomical	SYNTHETIC_TEACHING_FIXTURE	0.9659258263	-0.2588190451	0.0	0.2588190451	0.9659258263	0.0	0.0	0.0	1.0
217	2.17	native_to_head	SYNTHETIC_TEACHING_FIXTURE	0.999001719	-0.0446717514	-2.4429061381	0.0446717514	0.999001719	-1.8721873544	0.0	0.0	1.0
217	2.17	head_to_anatomical	SYNTHETIC_TEACHING_FIXTURE	0.9659258263	-0.2588190451	0.0	0.2588190451	0.9659258263	0.0	0.0	0.0	1.0
218	2.18	native_to_head	SYNTHETIC_TEACHING_FIXTURE	0.9990700652	-0.0431161788	-2.3849646584	0.0431161788	0.9990700652	-1.8519929044	0.0	0.0	1.0
218	2.18	head_to_anatomical	SYNTHETIC_TEACHING_FIXTURE	0.9659258263	-0.2588190451	0.0	0.2588190451	0.9659258263	0.0	0.0	0.0	1.0
219	2.19	native_to_head	SYNTHETIC_TEACHING_FIXTURE	0.9991383856	-0.0415028493	-2.3836767667	0.0415028493	0.9991383856	-1.8459110313	0.0	0.0	1.0
219	2.19	head_to_anatomical	SYNTHETIC_TEACHING_FIXTURE	0.9659258263	-0.2588190451	0.0	0.2588190451	0.9659258263	0.0	0.0	0.0	1.0
220	2.2	native_to_head	SYNTHETIC_TEACHING_FIXTURE	0.9991820533	-0.0404379085	-2.3139472131	0.0404379085	0.9991820533	-1.8206508245	0.0	0.0	1.0
220	2.2	head_to_anatomical	SYNTHETIC_TEACHING_FIXTURE	0.9659258263	-0.2588190451	0.0	0.2588190451	0.9659258263	0.0	0.0	0.0	1.0
221	2.21	native_to_head	SYNTHETIC_TEACHING_FIXTURE	0.9992506906	-0.0387047463	-2.3139467736	0.0387047463	0.9992506906	-1.8099171881	0.0	0.0	1.0
221	2.21	head_to_anatomical	SYNTHETIC_TEACHING_FIXTURE	0.9659258263	-0.2588190451	0.0	0.2588190451	0.9659258263	0.0	0.0	0.0	1.0
222	2.22	native_to_head	SYNTHETIC_TEACHING_FIXTURE	0.9992953997	-0.0375327065	-2.2779366905	0.0375327065	0.9992953997	-1.7763252497	0.0	0.0	1.0
222	2.22	head_to_anatomical	SYNTHETIC_TEACHING_FIXTURE	0.9659258263	-0.2588190451	0.0	0.2588190451	0.9659258263	0.0	0.0	0.0	1.0
223	2.23	native_to_head	SYNTHETIC_TEACHING_FIXTURE	0.9994115779	-0.0343001162	-2.2528432943	0.0343001162	0.9994115779	-1.7422394936	0.0	0.0	1.0
223	2.23	head_to_anatomical	SYNTHETIC_TEACHING_FIXTURE	0.9659258263	-0.2588190451	0.0	0.2588190451	0.9659258263	0.0	0.0	0.0	1.0
224	2.24	native_to_head	SYNTHETIC_TEACHING_FIXTURE	0.9994881422	-0.0319914608	-2.2139447892	0.0319914608	0.9994881422	-1.7413494347	0.0	0.0	1.0
224	2.24	head_to_anatomical	SYNTHETIC_TEACHING_FIXTURE	0.9659258263	-0.2588190451	0.0	0.2588190451	0.9659258263	0.0	0.0	0.0	1.0
225	2.25	native_to_head	SYNTHETIC_TEACHING_FIXTURE	0.9995764338	-0.0291024573	-2.176864977	0.0291024573	0.9995764338	-1.680009077	0.0	0.0	1.0
225	2.25	head_to_anatomical	SYNTHETIC_TEACHING_FIXTURE	0.9659258263	-0.2588190451	0.0	0.2588190451	0.9659258263	0.0	0.0	0.0	1.0
226	2.26	native_to_head	SYNTHETIC_TEACHING_FIXTURE	0.9995545654	-0.0298441074	-2.1499021772	0.0298441074	0.9995545654	-1.6239151257	0.0	0.0	1.0
226	2.26	head_to_anatomical	SYNTHETIC_TEACHING_FIXTURE	0.9659258263	-0.2588190451	0.0	0.2588190451	0.9659258263	0.0	0.0	0.0	1.0
227	2.27	native_to_head	SYNTHETIC_TEACHING_FIXTURE	0.9996132065	-0.0278107408	-2.1207817284	0.0278107408	0.9996132065	-1.6085411816	0.0	0.0	1.0
227	2.27	head_to_anatomical	SYNTHETIC_TEACHING_FIXTURE	0.9659258263	-0.2588190451	0.0	0.2588190451	0.9659258263	0.0	0.0	0.0	1.0
228	2.28	native_to_head	SYNTHETIC_TEACHING_FIXTURE	0.9996776829	-0.0253876027	-2.0730336044	0.0253876027	0.9996776829	-1.6190347977	0.0	0.0	1.0
228	2.28	head_to_anatomical	SYNTHETIC_TEACHING_FIXTURE	0.9659258263	-0.2588190451	0.0	0.2588190451	0.9659258263	0.0	0.0	0.0	1.0
229	2.29	native_to_head	SYNTHETIC_TEACHING_FIXTURE	0.999770398	-0.0214278144	-2.0151717356	0.0214278144	0.999770398	-1.5602379381	0.0	0.0	1.0
229	2.29	head_to_anatomical	SYNTHETIC_TEACHING_FIXTURE	0.9659258263	-0.2588190451	0.0	0.2588190451	0.9659258263	0.0	0.0	0.0	1.0
230	2.3	native_to_head	SYNTHETIC_TEACHING_FIXTURE	0.9997902042	-0.020482859	-1.9386001067	0.020482859	0.9997902042	-1.5378785671	0.0	0.0	1.0
230	2.3	head_to_anatomical	SYNTHETIC_TEACHING_FIXTURE	0.9659258263	-0.2588190451	0.0	0.2588190451	0.9659258263	0.0	0.0	0.0	1.0
231	2.31	native_to_head	SYNTHETIC_TEACHING_FIXTURE	0.9998466798	-0.0175104783	-1.9277794907	0.0175104783	0.9998466798	-1.4817928652	0.0	0.0	1.0
231	2.31	head_to_anatomical	SYNTHETIC_TEACHING_FIXTURE	0.9659258263	-0.2588190451	0.0	0.2588190451	0.9659258263	0.0	0.0	0.0	1.0
232	2.32	native_to_head	SYNTHETIC_TEACHING_FIXTURE	0.9998413092	-0.0178145	-1.8713197423	0.0178145	0.9998413092	-1.4488481621	0.0	0.0	1.0
232	2.32	head_to_anatomical	SYNTHETIC_TEACHING_FIXTURE	0.9659258263	-0.2588190451	0.0	0.2588190451	0.9659258263	0.0	0.0	0.0	1.0
233	2.33	native_to_head	SYNTHETIC_TEACHING_FIXTURE	0.9999156185	-0.0129906063	-1.8060442794	0.0129906063	0.9999156185	-1.4381779379	0.0	0.0	1.0
233	2.33	head_to_anatomical	SYNTHETIC_TEACHING_FIXTURE	0.9659258263	-0.2588190451	0.0	0.2588190451	0.9659258263	0.0	0.0	0.0	1.0
234	2.34	native_to_head	SYNTHETIC_TEACHING_FIXTURE	0.9999198487	-0.0126608136	-1.7632147346	0.0126608136	0.9999198487	-1.3825323555	0.0	0.0	1.0
234	2.34	head_to_anatomical	SYNTHETIC_TEACHING_FIXTURE	0.9659258263	-0.2588190451	0.0	0.2588190451	0.9659258263	0.0	0.0	0.0	1.0
235	2.35	native_to_head	SYNTHETIC_TEACHING_FIXTURE	0.9999292924	-0.0118916041	-1.66063506	0.0118916041	0.9999292924	-1.3302151811	0.0	0.0	1.0
235	2.35	head_to_anatomical	SYNTHETIC_TEACHING_FIXTURE	0.9659258263	-0.2588190451	0.0	0.2588190451	0.9659258263	0.0	0.0	0.0	1.0
236	2.36	native_to_head	SYNTHETIC_TEACHING_FIXTURE	0.999967006	-0.0081232312	-1.6268929074	0.0081232312	0.999967006	-1.2903646013	0.0	0.0	1.0
236	2.36	head_to_anatomical	SYNTHETIC_TEACHING_FIXTURE	0.9659258263	-0.2588190451	0.0	0.2588190451	0.9659258263	0.0	0.0	0.0	1.0
237	2.37	native_to_head	SYNTHETIC_TEACHING_FIXTURE	0.9999725656	-0.0074073024	-1.5352636291	0.0074073024	0.9999725656	-1.259261205	0.0	0.0	1.0
237	2.37	head_to_anatomical	SYNTHETIC_TEACHING_FIXTURE	0.9659258263	-0.2588190451	0.0	0.2588190451	0.9659258263	0.0	0.0	0.0	1.0
238	2.38	native_to_head	SYNTHETIC_TEACHING_FIXTURE	0.999991905	-0.0040236825	-1.4700887337	0.0040236825	0.999991905	-1.2229643072	0.0	0.0	1.0
238	2.38	head_to_anatomical	SYNTHETIC_TEACHING_FIXTURE	0.9659258263	-0.2588190451	0.0	0.2588190451	0.9659258263	0.0	0.0	0.0	1.0
239	2.39	native_to_head	SYNTHETIC_TEACHING_FIXTURE	0.9999979061	-0.0020464218	-1.4027732315	0.0020464218	0.9999979061	-1.1779279599	0.0	0.0	1.0
239	2.39	head_to_anatomical	SYNTHETIC_TEACHING_FIXTURE	0.9659258263	-0.2588190451	0.0	0.2588190451	0.9659258263	0.0	0.0	0.0	1.0
