observation_id	speaker_id	annotator_id	onset_ms	offset_ms	data_status
SYN_ERR_01_01	SYN_ERR_SPK_01	SYN_ANN_1	1102.707065	1236.547507	SYNTHETIC_TEACHING_FIXTURE
SYN_ERR_01_01	SYN_ERR_SPK_01	SYN_ANN_2	1101.495172	1232.480661	SYNTHETIC_TEACHING_FIXTURE
SYN_ERR_01_02	SYN_ERR_SPK_01	SYN_ANN_1	2105.014636	2209.523457	SYNTHETIC_TEACHING_FIXTURE
SYN_ERR_01_02	SYN_ERR_SPK_01	SYN_ANN_2	2099.900808	2212.666172	SYNTHETIC_TEACHING_FIXTURE
SYN_ERR_01_03	SYN_ERR_SPK_01	SYN_ANN_1	3105.554124	3218.233935	SYNTHETIC_TEACHING_FIXTURE
SYN_ERR_01_03	SYN_ERR_SPK_01	SYN_ANN_2	3112.674503	3212.983284	SYNTHETIC_TEACHING_FIXTURE
SYN_ERR_01_04	SYN_ERR_SPK_01	SYN_ANN_1	4103.541488	4211.934267	SYNTHETIC_TEACHING_FIXTURE
SYN_ERR_01_04	SYN_ERR_SPK_01	SYN_ANN_2	4101.363735	4208.584985	SYNTHETIC_TEACHING_FIXTURE
SYN_ERR_01_05	SYN_ERR_SPK_01	SYN_ANN_1	5106.818727	5231.994965	SYNTHETIC_TEACHING_FIXTURE
SYN_ERR_01_05	SYN_ERR_SPK_01	SYN_ANN_2	5101.946487	5231.913782	SYNTHETIC_TEACHING_FIXTURE
SYN_ERR_02_01	SYN_ERR_SPK_02	SYN_ANN_1	1097.555818	1223.572118	SYNTHETIC_TEACHING_FIXTURE
SYN_ERR_02_01	SYN_ERR_SPK_02	SYN_ANN_2	1103.283917	1227.204865	SYNTHETIC_TEACHING_FIXTURE
SYN_ERR_02_02	SYN_ERR_SPK_02	SYN_ANN_1	2109.286152	2220.657631	SYNTHETIC_TEACHING_FIXTURE
SYN_ERR_02_02	SYN_ERR_SPK_02	SYN_ANN_2	2109.725603	2219.946408	SYNTHETIC_TEACHING_FIXTURE
SYN_ERR_02_03	SYN_ERR_SPK_02	SYN_ANN_1	3101.291382	3226.844037	SYNTHETIC_TEACHING_FIXTURE
SYN_ERR_02_03	SYN_ERR_SPK_02	SYN_ANN_2	3102.329871	3227.965788	SYNTHETIC_TEACHING_FIXTURE
SYN_ERR_02_04	SYN_ERR_SPK_02	SYN_ANN_1	4097.620598	4208.90892	SYNTHETIC_TEACHING_FIXTURE
SYN_ERR_02_04	SYN_ERR_SPK_02	SYN_ANN_2	4094.990556	4207.126307	SYNTHETIC_TEACHING_FIXTURE
SYN_ERR_02_05	SYN_ERR_SPK_02	SYN_ANN_1	5101.888186	5234.022662	SYNTHETIC_TEACHING_FIXTURE
SYN_ERR_02_05	SYN_ERR_SPK_02	SYN_ANN_2	5099.475731	5226.972267	SYNTHETIC_TEACHING_FIXTURE
SYN_ERR_03_01	SYN_ERR_SPK_03	SYN_ANN_1	1099.765162	1203.879367	SYNTHETIC_TEACHING_FIXTURE
SYN_ERR_03_01	SYN_ERR_SPK_03	SYN_ANN_2	1094.058914	1203.898666	SYNTHETIC_TEACHING_FIXTURE
SYN_ERR_03_02	SYN_ERR_SPK_03	SYN_ANN_1	2094.628134	2218.083387	SYNTHETIC_TEACHING_FIXTURE
SYN_ERR_03_02	SYN_ERR_SPK_03	SYN_ANN_2	2097.017332	2219.470556	SYNTHETIC_TEACHING_FIXTURE
SYN_ERR_03_03	SYN_ERR_SPK_03	SYN_ANN_1	3102.001203	3226.566149	SYNTHETIC_TEACHING_FIXTURE
SYN_ERR_03_03	SYN_ERR_SPK_03	SYN_ANN_2	3103.995639	3230.537354	SYNTHETIC_TEACHING_FIXTURE
SYN_ERR_03_04	SYN_ERR_SPK_03	SYN_ANN_1	4108.272839	4233.241135	SYNTHETIC_TEACHING_FIXTURE
SYN_ERR_03_04	SYN_ERR_SPK_03	SYN_ANN_2	4105.647248	4230.229153	SYNTHETIC_TEACHING_FIXTURE
SYN_ERR_03_05	SYN_ERR_SPK_03	SYN_ANN_1	5108.042187	5214.817631	SYNTHETIC_TEACHING_FIXTURE
SYN_ERR_03_05	SYN_ERR_SPK_03	SYN_ANN_2	5104.954198	5214.065967	SYNTHETIC_TEACHING_FIXTURE
SYN_ERR_04_01	SYN_ERR_SPK_04	SYN_ANN_1	1105.685183	1222.675052	SYNTHETIC_TEACHING_FIXTURE
SYN_ERR_04_01	SYN_ERR_SPK_04	SYN_ANN_2	1094.45503	1215.579938	SYNTHETIC_TEACHING_FIXTURE
SYN_ERR_04_02	SYN_ERR_SPK_04	SYN_ANN_1	2101.334406	2214.508663	SYNTHETIC_TEACHING_FIXTURE
SYN_ERR_04_02	SYN_ERR_SPK_04	SYN_ANN_2	2106.57244	2218.037573	SYNTHETIC_TEACHING_FIXTURE
SYN_ERR_04_03	SYN_ERR_SPK_04	SYN_ANN_1	3093.701599	3217.746198	SYNTHETIC_TEACHING_FIXTURE
SYN_ERR_04_03	SYN_ERR_SPK_04	SYN_ANN_2	3104.745564	3222.490889	SYNTHETIC_TEACHING_FIXTURE
SYN_ERR_04_04	SYN_ERR_SPK_04	SYN_ANN_1	4093.059112	4211.451681	SYNTHETIC_TEACHING_FIXTURE
SYN_ERR_04_04	SYN_ERR_SPK_04	SYN_ANN_2	4100.446296	4216.906465	SYNTHETIC_TEACHING_FIXTURE
SYN_ERR_04_05	SYN_ERR_SPK_04	SYN_ANN_1	5104.929117	5221.290747	SYNTHETIC_TEACHING_FIXTURE
SYN_ERR_04_05	SYN_ERR_SPK_04	SYN_ANN_2	5109.498992	5228.210335	SYNTHETIC_TEACHING_FIXTURE
SYN_ERR_05_01	SYN_ERR_SPK_05	SYN_ANN_1	1101.278295	1234.36091	SYNTHETIC_TEACHING_FIXTURE
SYN_ERR_05_01	SYN_ERR_SPK_05	SYN_ANN_2	1101.356791	1230.041849	SYNTHETIC_TEACHING_FIXTURE
SYN_ERR_05_02	SYN_ERR_SPK_05	SYN_ANN_1	2105.060625	2217.852825	SYNTHETIC_TEACHING_FIXTURE
SYN_ERR_05_02	SYN_ERR_SPK_05	SYN_ANN_2	2104.504466	2218.229529	SYNTHETIC_TEACHING_FIXTURE
SYN_ERR_05_03	SYN_ERR_SPK_05	SYN_ANN_1	3095.262746	3208.447711	SYNTHETIC_TEACHING_FIXTURE
SYN_ERR_05_03	SYN_ERR_SPK_05	SYN_ANN_2	3092.490206	3202.895314	SYNTHETIC_TEACHING_FIXTURE
SYN_ERR_05_04	SYN_ERR_SPK_05	SYN_ANN_1	4099.534806	4226.763209	SYNTHETIC_TEACHING_FIXTURE
SYN_ERR_05_04	SYN_ERR_SPK_05	SYN_ANN_2	4094.217775	4221.412993	SYNTHETIC_TEACHING_FIXTURE
SYN_ERR_05_05	SYN_ERR_SPK_05	SYN_ANN_1	5110.682264	5212.604317	SYNTHETIC_TEACHING_FIXTURE
SYN_ERR_05_05	SYN_ERR_SPK_05	SYN_ANN_2	5108.840354	5218.675561	SYNTHETIC_TEACHING_FIXTURE
SYN_ERR_06_01	SYN_ERR_SPK_06	SYN_ANN_1	1107.182879	1214.185002	SYNTHETIC_TEACHING_FIXTURE
SYN_ERR_06_01	SYN_ERR_SPK_06	SYN_ANN_2	1105.971795	1212.614457	SYNTHETIC_TEACHING_FIXTURE
SYN_ERR_06_02	SYN_ERR_SPK_06	SYN_ANN_1	2104.372401	2217.916217	SYNTHETIC_TEACHING_FIXTURE
SYN_ERR_06_02	SYN_ERR_SPK_06	SYN_ANN_2	2104.599016	2228.529155	SYNTHETIC_TEACHING_FIXTURE
SYN_ERR_06_03	SYN_ERR_SPK_06	SYN_ANN_1	3104.530223	3228.977576	SYNTHETIC_TEACHING_FIXTURE
SYN_ERR_06_03	SYN_ERR_SPK_06	SYN_ANN_2	3104.146223	3232.215108	SYNTHETIC_TEACHING_FIXTURE
SYN_ERR_06_04	SYN_ERR_SPK_06	SYN_ANN_1	4102.92033	4236.964854	SYNTHETIC_TEACHING_FIXTURE
SYN_ERR_06_04	SYN_ERR_SPK_06	SYN_ANN_2	4106.636325	4237.964261	SYNTHETIC_TEACHING_FIXTURE
SYN_ERR_06_05	SYN_ERR_SPK_06	SYN_ANN_1	5112.611838	5214.51443	SYNTHETIC_TEACHING_FIXTURE
SYN_ERR_06_05	SYN_ERR_SPK_06	SYN_ANN_2	5105.103532	5215.458855	SYNTHETIC_TEACHING_FIXTURE
SYN_ERR_07_01	SYN_ERR_SPK_07	SYN_ANN_1	1097.598315	1208.357695	SYNTHETIC_TEACHING_FIXTURE
SYN_ERR_07_01	SYN_ERR_SPK_07	SYN_ANN_2	1098.058126	1210.546757	SYNTHETIC_TEACHING_FIXTURE
SYN_ERR_07_02	SYN_ERR_SPK_07	SYN_ANN_1	2106.159293	2232.627931	SYNTHETIC_TEACHING_FIXTURE
SYN_ERR_07_02	SYN_ERR_SPK_07	SYN_ANN_2	2102.373503	2230.260532	SYNTHETIC_TEACHING_FIXTURE
SYN_ERR_07_03	SYN_ERR_SPK_07	SYN_ANN_1	3102.018317	3236.675627	SYNTHETIC_TEACHING_FIXTURE
SYN_ERR_07_03	SYN_ERR_SPK_07	SYN_ANN_2	3099.976605	3231.296537	SYNTHETIC_TEACHING_FIXTURE
SYN_ERR_07_04	SYN_ERR_SPK_07	SYN_ANN_1	4093.293729	4215.71679	SYNTHETIC_TEACHING_FIXTURE
SYN_ERR_07_04	SYN_ERR_SPK_07	SYN_ANN_2	4094.811929	4217.044634	SYNTHETIC_TEACHING_FIXTURE
SYN_ERR_07_05	SYN_ERR_SPK_07	SYN_ANN_1	5092.524595	5220.027813	SYNTHETIC_TEACHING_FIXTURE
SYN_ERR_07_05	SYN_ERR_SPK_07	SYN_ANN_2	5096.914549	5222.703358	SYNTHETIC_TEACHING_FIXTURE
SYN_ERR_08_01	SYN_ERR_SPK_08	SYN_ANN_1	1107.370328	1225.525648	SYNTHETIC_TEACHING_FIXTURE
SYN_ERR_08_01	SYN_ERR_SPK_08	SYN_ANN_2	1102.096754	1223.023916	SYNTHETIC_TEACHING_FIXTURE
SYN_ERR_08_02	SYN_ERR_SPK_08	SYN_ANN_1	2105.765386	2240.770195	SYNTHETIC_TEACHING_FIXTURE
SYN_ERR_08_02	SYN_ERR_SPK_08	SYN_ANN_2	2105.025675	2237.020648	SYNTHETIC_TEACHING_FIXTURE
SYN_ERR_08_03	SYN_ERR_SPK_08	SYN_ANN_1	3103.174045	3232.955357	SYNTHETIC_TEACHING_FIXTURE
SYN_ERR_08_03	SYN_ERR_SPK_08	SYN_ANN_2	3105.892408	3233.274767	SYNTHETIC_TEACHING_FIXTURE
SYN_ERR_08_04	SYN_ERR_SPK_08	SYN_ANN_1	4096.75118	4218.18798	SYNTHETIC_TEACHING_FIXTURE
SYN_ERR_08_04	SYN_ERR_SPK_08	SYN_ANN_2	4103.722528	4218.684928	SYNTHETIC_TEACHING_FIXTURE
SYN_ERR_08_05	SYN_ERR_SPK_08	SYN_ANN_1	5104.778931	5230.149408	SYNTHETIC_TEACHING_FIXTURE
SYN_ERR_08_05	SYN_ERR_SPK_08	SYN_ANN_2	5097.990362	5234.818294	SYNTHETIC_TEACHING_FIXTURE
SYN_ERR_09_01	SYN_ERR_SPK_09	SYN_ANN_1	1095.090567	1223.399167	SYNTHETIC_TEACHING_FIXTURE
SYN_ERR_09_01	SYN_ERR_SPK_09	SYN_ANN_2	1097.479778	1223.736536	SYNTHETIC_TEACHING_FIXTURE
SYN_ERR_09_02	SYN_ERR_SPK_09	SYN_ANN_1	2101.404712	2207.12414	SYNTHETIC_TEACHING_FIXTURE
SYN_ERR_09_02	SYN_ERR_SPK_09	SYN_ANN_2	2102.885238	2206.4726	SYNTHETIC_TEACHING_FIXTURE
SYN_ERR_09_03	SYN_ERR_SPK_09	SYN_ANN_1	3101.515383	3214.316927	SYNTHETIC_TEACHING_FIXTURE
SYN_ERR_09_03	SYN_ERR_SPK_09	SYN_ANN_2	3105.957142	3205.624165	SYNTHETIC_TEACHING_FIXTURE
SYN_ERR_09_04	SYN_ERR_SPK_09	SYN_ANN_1	4102.405587	4219.221696	SYNTHETIC_TEACHING_FIXTURE
SYN_ERR_09_04	SYN_ERR_SPK_09	SYN_ANN_2	4108.882447	4214.561173	SYNTHETIC_TEACHING_FIXTURE
SYN_ERR_09_05	SYN_ERR_SPK_09	SYN_ANN_1	5103.301085	5230.79767	SYNTHETIC_TEACHING_FIXTURE
SYN_ERR_09_05	SYN_ERR_SPK_09	SYN_ANN_2	5091.904661	5224.798481	SYNTHETIC_TEACHING_FIXTURE
SYN_ERR_10_01	SYN_ERR_SPK_10	SYN_ANN_1	1103.034349	1213.906258	SYNTHETIC_TEACHING_FIXTURE
SYN_ERR_10_01	SYN_ERR_SPK_10	SYN_ANN_2	1095.789719	1204.235102	SYNTHETIC_TEACHING_FIXTURE
SYN_ERR_10_02	SYN_ERR_SPK_10	SYN_ANN_1	2101.083781	2227.017947	SYNTHETIC_TEACHING_FIXTURE
SYN_ERR_10_02	SYN_ERR_SPK_10	SYN_ANN_2	2102.325221	2223.70802	SYNTHETIC_TEACHING_FIXTURE
SYN_ERR_10_03	SYN_ERR_SPK_10	SYN_ANN_1	3107.171038	3223.074348	SYNTHETIC_TEACHING_FIXTURE
SYN_ERR_10_03	SYN_ERR_SPK_10	SYN_ANN_2	3099.597322	3223.811352	SYNTHETIC_TEACHING_FIXTURE
SYN_ERR_10_04	SYN_ERR_SPK_10	SYN_ANN_1	4104.592529	4225.571478	SYNTHETIC_TEACHING_FIXTURE
SYN_ERR_10_04	SYN_ERR_SPK_10	SYN_ANN_2	4109.893964	4218.436915	SYNTHETIC_TEACHING_FIXTURE
SYN_ERR_10_05	SYN_ERR_SPK_10	SYN_ANN_1	5098.506899	5204.816886	SYNTHETIC_TEACHING_FIXTURE
SYN_ERR_10_05	SYN_ERR_SPK_10	SYN_ANN_2	5103.123034	5210.932438	SYNTHETIC_TEACHING_FIXTURE
SYN_ERR_11_01	SYN_ERR_SPK_11	SYN_ANN_1	1098.900356	1212.965957	SYNTHETIC_TEACHING_FIXTURE
SYN_ERR_11_01	SYN_ERR_SPK_11	SYN_ANN_2	1096.76115	1221.346377	SYNTHETIC_TEACHING_FIXTURE
SYN_ERR_11_02	SYN_ERR_SPK_11	SYN_ANN_1	2110.960711	2234.044707	SYNTHETIC_TEACHING_FIXTURE
SYN_ERR_11_02	SYN_ERR_SPK_11	SYN_ANN_2	2108.159529	2228.298716	SYNTHETIC_TEACHING_FIXTURE
SYN_ERR_11_03	SYN_ERR_SPK_11	SYN_ANN_1	3103.432205	3210.276764	SYNTHETIC_TEACHING_FIXTURE
SYN_ERR_11_03	SYN_ERR_SPK_11	SYN_ANN_2	3104.06251	3216.871751	SYNTHETIC_TEACHING_FIXTURE
SYN_ERR_11_04	SYN_ERR_SPK_11	SYN_ANN_1	4100.186906	4231.082379	SYNTHETIC_TEACHING_FIXTURE
SYN_ERR_11_04	SYN_ERR_SPK_11	SYN_ANN_2	4099.610154	4225.128783	SYNTHETIC_TEACHING_FIXTURE
SYN_ERR_11_05	SYN_ERR_SPK_11	SYN_ANN_1	5110.727716	5239.952852	SYNTHETIC_TEACHING_FIXTURE
SYN_ERR_11_05	SYN_ERR_SPK_11	SYN_ANN_2	5115.98241	5235.908719	SYNTHETIC_TEACHING_FIXTURE
SYN_ERR_12_01	SYN_ERR_SPK_12	SYN_ANN_1	1101.692149	1227.73984	SYNTHETIC_TEACHING_FIXTURE
SYN_ERR_12_01	SYN_ERR_SPK_12	SYN_ANN_2	1099.926714	1226.198598	SYNTHETIC_TEACHING_FIXTURE
SYN_ERR_12_02	SYN_ERR_SPK_12	SYN_ANN_1	2102.007929	2223.668477	SYNTHETIC_TEACHING_FIXTURE
SYN_ERR_12_02	SYN_ERR_SPK_12	SYN_ANN_2	2101.47065	2212.166376	SYNTHETIC_TEACHING_FIXTURE
SYN_ERR_12_03	SYN_ERR_SPK_12	SYN_ANN_1	3105.856927	3227.902689	SYNTHETIC_TEACHING_FIXTURE
SYN_ERR_12_03	SYN_ERR_SPK_12	SYN_ANN_2	3104.087551	3233.397747	SYNTHETIC_TEACHING_FIXTURE
SYN_ERR_12_04	SYN_ERR_SPK_12	SYN_ANN_1	4105.137906	4227.023731	SYNTHETIC_TEACHING_FIXTURE
SYN_ERR_12_04	SYN_ERR_SPK_12	SYN_ANN_2	4106.416368	4226.524375	SYNTHETIC_TEACHING_FIXTURE
SYN_ERR_12_05	SYN_ERR_SPK_12	SYN_ANN_1	5105.77097	5221.191365	SYNTHETIC_TEACHING_FIXTURE
SYN_ERR_12_05	SYN_ERR_SPK_12	SYN_ANN_2	5104.740366	5219.952253	SYNTHETIC_TEACHING_FIXTURE
SYN_ERR_13_01	SYN_ERR_SPK_13	SYN_ANN_1	1103.958512	1225.895075	SYNTHETIC_TEACHING_FIXTURE
SYN_ERR_13_01	SYN_ERR_SPK_13	SYN_ANN_2	1103.979815	1220.456045	SYNTHETIC_TEACHING_FIXTURE
SYN_ERR_13_02	SYN_ERR_SPK_13	SYN_ANN_1	2101.915441	2215.762161	SYNTHETIC_TEACHING_FIXTURE
SYN_ERR_13_02	SYN_ERR_SPK_13	SYN_ANN_2	2107.76939	2220.377469	SYNTHETIC_TEACHING_FIXTURE
SYN_ERR_13_03	SYN_ERR_SPK_13	SYN_ANN_1	3106.687778	3221.069432	SYNTHETIC_TEACHING_FIXTURE
SYN_ERR_13_03	SYN_ERR_SPK_13	SYN_ANN_2	3110.238392	3229.658721	SYNTHETIC_TEACHING_FIXTURE
SYN_ERR_13_04	SYN_ERR_SPK_13	SYN_ANN_1	4109.3192	4220.291824	SYNTHETIC_TEACHING_FIXTURE
SYN_ERR_13_04	SYN_ERR_SPK_13	SYN_ANN_2	4112.035431	4218.610819	SYNTHETIC_TEACHING_FIXTURE
SYN_ERR_13_05	SYN_ERR_SPK_13	SYN_ANN_1	5103.233982	5219.712719	SYNTHETIC_TEACHING_FIXTURE
SYN_ERR_13_05	SYN_ERR_SPK_13	SYN_ANN_2	5108.567409	5219.611492	SYNTHETIC_TEACHING_FIXTURE
SYN_ERR_14_01	SYN_ERR_SPK_14	SYN_ANN_1	1108.69859	1241.979293	SYNTHETIC_TEACHING_FIXTURE
SYN_ERR_14_01	SYN_ERR_SPK_14	SYN_ANN_2	1111.212106	1243.453359	SYNTHETIC_TEACHING_FIXTURE
SYN_ERR_14_02	SYN_ERR_SPK_14	SYN_ANN_1	2107.82144	2232.387624	SYNTHETIC_TEACHING_FIXTURE
SYN_ERR_14_02	SYN_ERR_SPK_14	SYN_ANN_2	2107.135953	2233.218792	SYNTHETIC_TEACHING_FIXTURE
SYN_ERR_14_03	SYN_ERR_SPK_14	SYN_ANN_1	3112.956728	3229.608165	SYNTHETIC_TEACHING_FIXTURE
SYN_ERR_14_03	SYN_ERR_SPK_14	SYN_ANN_2	3108.506254	3226.761834	SYNTHETIC_TEACHING_FIXTURE
SYN_ERR_14_04	SYN_ERR_SPK_14	SYN_ANN_1	4106.58909	4212.004235	SYNTHETIC_TEACHING_FIXTURE
SYN_ERR_14_04	SYN_ERR_SPK_14	SYN_ANN_2	4108.302103	4219.397129	SYNTHETIC_TEACHING_FIXTURE
SYN_ERR_14_05	SYN_ERR_SPK_14	SYN_ANN_1	5108.637046	5239.331834	SYNTHETIC_TEACHING_FIXTURE
SYN_ERR_14_05	SYN_ERR_SPK_14	SYN_ANN_2	5107.054313	5236.420471	SYNTHETIC_TEACHING_FIXTURE
SYN_ERR_15_01	SYN_ERR_SPK_15	SYN_ANN_1	1108.575485	1222.784652	SYNTHETIC_TEACHING_FIXTURE
SYN_ERR_15_01	SYN_ERR_SPK_15	SYN_ANN_2	1114.665539	1221.820361	SYNTHETIC_TEACHING_FIXTURE
SYN_ERR_15_02	SYN_ERR_SPK_15	SYN_ANN_1	2103.155006	2235.444824	SYNTHETIC_TEACHING_FIXTURE
SYN_ERR_15_02	SYN_ERR_SPK_15	SYN_ANN_2	2103.044232	2234.240978	SYNTHETIC_TEACHING_FIXTURE
SYN_ERR_15_03	SYN_ERR_SPK_15	SYN_ANN_1	3102.270933	3224.006036	SYNTHETIC_TEACHING_FIXTURE
SYN_ERR_15_03	SYN_ERR_SPK_15	SYN_ANN_2	3106.956114	3222.770847	SYNTHETIC_TEACHING_FIXTURE
SYN_ERR_15_04	SYN_ERR_SPK_15	SYN_ANN_1	4103.828162	4219.429619	SYNTHETIC_TEACHING_FIXTURE
SYN_ERR_15_04	SYN_ERR_SPK_15	SYN_ANN_2	4106.584242	4216.743589	SYNTHETIC_TEACHING_FIXTURE
SYN_ERR_15_05	SYN_ERR_SPK_15	SYN_ANN_1	5109.253641	5232.586136	SYNTHETIC_TEACHING_FIXTURE
SYN_ERR_15_05	SYN_ERR_SPK_15	SYN_ANN_2	5105.312892	5231.331458	SYNTHETIC_TEACHING_FIXTURE
SYN_ERR_16_01	SYN_ERR_SPK_16	SYN_ANN_1	1104.984204	1215.685536	SYNTHETIC_TEACHING_FIXTURE
SYN_ERR_16_01	SYN_ERR_SPK_16	SYN_ANN_2	1108.484617	1216.041461	SYNTHETIC_TEACHING_FIXTURE
SYN_ERR_16_02	SYN_ERR_SPK_16	SYN_ANN_1	2107.386949	2226.258143	SYNTHETIC_TEACHING_FIXTURE
SYN_ERR_16_02	SYN_ERR_SPK_16	SYN_ANN_2	2106.389199	2228.92815	SYNTHETIC_TEACHING_FIXTURE
SYN_ERR_16_03	SYN_ERR_SPK_16	SYN_ANN_1	3108.007075	3226.464046	SYNTHETIC_TEACHING_FIXTURE
SYN_ERR_16_03	SYN_ERR_SPK_16	SYN_ANN_2	3111.057609	3225.32797	SYNTHETIC_TEACHING_FIXTURE
SYN_ERR_16_04	SYN_ERR_SPK_16	SYN_ANN_1	4101.637177	4218.646766	SYNTHETIC_TEACHING_FIXTURE
SYN_ERR_16_04	SYN_ERR_SPK_16	SYN_ANN_2	4102.225925	4214.824061	SYNTHETIC_TEACHING_FIXTURE
SYN_ERR_16_05	SYN_ERR_SPK_16	SYN_ANN_1	5108.996916	5227.399907	SYNTHETIC_TEACHING_FIXTURE
SYN_ERR_16_05	SYN_ERR_SPK_16	SYN_ANN_2	5102.307346	5232.502043	SYNTHETIC_TEACHING_FIXTURE
SYN_ERR_17_01	SYN_ERR_SPK_17	SYN_ANN_1	1108.99695	1222.774203	SYNTHETIC_TEACHING_FIXTURE
SYN_ERR_17_01	SYN_ERR_SPK_17	SYN_ANN_2	1107.468741	1221.458869	SYNTHETIC_TEACHING_FIXTURE
SYN_ERR_17_02	SYN_ERR_SPK_17	SYN_ANN_1	2108.651911	2216.750728	SYNTHETIC_TEACHING_FIXTURE
SYN_ERR_17_02	SYN_ERR_SPK_17	SYN_ANN_2	2109.453727	2218.837404	SYNTHETIC_TEACHING_FIXTURE
SYN_ERR_17_03	SYN_ERR_SPK_17	SYN_ANN_1	3110.307614	3235.133103	SYNTHETIC_TEACHING_FIXTURE
SYN_ERR_17_03	SYN_ERR_SPK_17	SYN_ANN_2	3106.284687	3237.348033	SYNTHETIC_TEACHING_FIXTURE
SYN_ERR_17_04	SYN_ERR_SPK_17	SYN_ANN_1	4104.362978	4235.835034	SYNTHETIC_TEACHING_FIXTURE
SYN_ERR_17_04	SYN_ERR_SPK_17	SYN_ANN_2	4105.199581	4239.520405	SYNTHETIC_TEACHING_FIXTURE
SYN_ERR_17_05	SYN_ERR_SPK_17	SYN_ANN_1	5101.934588	5228.771973	SYNTHETIC_TEACHING_FIXTURE
SYN_ERR_17_05	SYN_ERR_SPK_17	SYN_ANN_2	5102.660376	5224.581945	SYNTHETIC_TEACHING_FIXTURE
SYN_ERR_18_01	SYN_ERR_SPK_18	SYN_ANN_1	1114.738881	1221.874961	SYNTHETIC_TEACHING_FIXTURE
SYN_ERR_18_01	SYN_ERR_SPK_18	SYN_ANN_2	1108.906099	1223.988686	SYNTHETIC_TEACHING_FIXTURE
SYN_ERR_18_02	SYN_ERR_SPK_18	SYN_ANN_1	2107.910703	2220.903684	SYNTHETIC_TEACHING_FIXTURE
SYN_ERR_18_02	SYN_ERR_SPK_18	SYN_ANN_2	2103.836512	2217.595753	SYNTHETIC_TEACHING_FIXTURE
SYN_ERR_18_03	SYN_ERR_SPK_18	SYN_ANN_1	3104.145778	3228.516117	SYNTHETIC_TEACHING_FIXTURE
SYN_ERR_18_03	SYN_ERR_SPK_18	SYN_ANN_2	3107.541912	3232.540242	SYNTHETIC_TEACHING_FIXTURE
SYN_ERR_18_04	SYN_ERR_SPK_18	SYN_ANN_1	4105.293768	4231.164874	SYNTHETIC_TEACHING_FIXTURE
SYN_ERR_18_04	SYN_ERR_SPK_18	SYN_ANN_2	4105.466131	4232.174142	SYNTHETIC_TEACHING_FIXTURE
SYN_ERR_18_05	SYN_ERR_SPK_18	SYN_ANN_1	5110.969912	5225.003126	SYNTHETIC_TEACHING_FIXTURE
SYN_ERR_18_05	SYN_ERR_SPK_18	SYN_ANN_2	5109.367376	5230.159753	SYNTHETIC_TEACHING_FIXTURE
SYN_ERR_19_01	SYN_ERR_SPK_19	SYN_ANN_1	1109.003437	1214.678243	SYNTHETIC_TEACHING_FIXTURE
SYN_ERR_19_01	SYN_ERR_SPK_19	SYN_ANN_2	1105.454652	1215.19097	SYNTHETIC_TEACHING_FIXTURE
SYN_ERR_19_02	SYN_ERR_SPK_19	SYN_ANN_1	2108.788637	2237.751849	SYNTHETIC_TEACHING_FIXTURE
SYN_ERR_19_02	SYN_ERR_SPK_19	SYN_ANN_2	2106.208759	2238.629706	SYNTHETIC_TEACHING_FIXTURE
SYN_ERR_19_03	SYN_ERR_SPK_19	SYN_ANN_1	3107.187008	3216.788024	SYNTHETIC_TEACHING_FIXTURE
SYN_ERR_19_03	SYN_ERR_SPK_19	SYN_ANN_2	3112.454399	3218.26551	SYNTHETIC_TEACHING_FIXTURE
SYN_ERR_19_04	SYN_ERR_SPK_19	SYN_ANN_1	4107.748052	4234.072921	SYNTHETIC_TEACHING_FIXTURE
SYN_ERR_19_04	SYN_ERR_SPK_19	SYN_ANN_2	4108.339633	4239.009371	SYNTHETIC_TEACHING_FIXTURE
SYN_ERR_19_05	SYN_ERR_SPK_19	SYN_ANN_1	5102.901261	5226.610241	SYNTHETIC_TEACHING_FIXTURE
SYN_ERR_19_05	SYN_ERR_SPK_19	SYN_ANN_2	5103.203435	5228.188166	SYNTHETIC_TEACHING_FIXTURE
SYN_ERR_20_01	SYN_ERR_SPK_20	SYN_ANN_1	1114.133903	1237.232613	SYNTHETIC_TEACHING_FIXTURE
SYN_ERR_20_01	SYN_ERR_SPK_20	SYN_ANN_2	1111.766313	1238.974191	SYNTHETIC_TEACHING_FIXTURE
SYN_ERR_20_02	SYN_ERR_SPK_20	SYN_ANN_1	2118.804047	2231.982824	SYNTHETIC_TEACHING_FIXTURE
SYN_ERR_20_02	SYN_ERR_SPK_20	SYN_ANN_2	2108.792951	2221.920209	SYNTHETIC_TEACHING_FIXTURE
SYN_ERR_20_03	SYN_ERR_SPK_20	SYN_ANN_1	3112.967456	3228.940365	SYNTHETIC_TEACHING_FIXTURE
SYN_ERR_20_03	SYN_ERR_SPK_20	SYN_ANN_2	3111.822107	3230.719591	SYNTHETIC_TEACHING_FIXTURE
SYN_ERR_20_04	SYN_ERR_SPK_20	SYN_ANN_1	4112.429409	4216.764811	SYNTHETIC_TEACHING_FIXTURE
SYN_ERR_20_04	SYN_ERR_SPK_20	SYN_ANN_2	4115.131164	4222.37914	SYNTHETIC_TEACHING_FIXTURE
SYN_ERR_20_05	SYN_ERR_SPK_20	SYN_ANN_1	5109.755001	5220.588442	SYNTHETIC_TEACHING_FIXTURE
SYN_ERR_20_05	SYN_ERR_SPK_20	SYN_ANN_2	5104.345343	5222.880803	SYNTHETIC_TEACHING_FIXTURE
SYN_ERR_21_01	SYN_ERR_SPK_21	SYN_ANN_1	1108.612239	1234.128517	SYNTHETIC_TEACHING_FIXTURE
SYN_ERR_21_01	SYN_ERR_SPK_21	SYN_ANN_2	1106.070095	1232.980199	SYNTHETIC_TEACHING_FIXTURE
SYN_ERR_21_02	SYN_ERR_SPK_21	SYN_ANN_1	2113.153481	2241.344199	SYNTHETIC_TEACHING_FIXTURE
SYN_ERR_21_02	SYN_ERR_SPK_21	SYN_ANN_2	2107.774168	2240.854051	SYNTHETIC_TEACHING_FIXTURE
SYN_ERR_21_03	SYN_ERR_SPK_21	SYN_ANN_1	3105.969184	3231.569217	SYNTHETIC_TEACHING_FIXTURE
SYN_ERR_21_03	SYN_ERR_SPK_21	SYN_ANN_2	3113.446807	3234.326142	SYNTHETIC_TEACHING_FIXTURE
SYN_ERR_21_04	SYN_ERR_SPK_21	SYN_ANN_1	4108.61954	4227.963381	SYNTHETIC_TEACHING_FIXTURE
SYN_ERR_21_04	SYN_ERR_SPK_21	SYN_ANN_2	4113.226701	4225.248905	SYNTHETIC_TEACHING_FIXTURE
SYN_ERR_21_05	SYN_ERR_SPK_21	SYN_ANN_1	5107.907537	5216.453209	SYNTHETIC_TEACHING_FIXTURE
SYN_ERR_21_05	SYN_ERR_SPK_21	SYN_ANN_2	5102.274803	5213.134739	SYNTHETIC_TEACHING_FIXTURE
SYN_ERR_22_01	SYN_ERR_SPK_22	SYN_ANN_1	1106.272384	1246.790195	SYNTHETIC_TEACHING_FIXTURE
SYN_ERR_22_01	SYN_ERR_SPK_22	SYN_ANN_2	1103.779967	1239.794812	SYNTHETIC_TEACHING_FIXTURE
SYN_ERR_22_02	SYN_ERR_SPK_22	SYN_ANN_1	2110.64078	2237.074862	SYNTHETIC_TEACHING_FIXTURE
SYN_ERR_22_02	SYN_ERR_SPK_22	SYN_ANN_2	2105.605043	2239.318556	SYNTHETIC_TEACHING_FIXTURE
SYN_ERR_22_03	SYN_ERR_SPK_22	SYN_ANN_1	3105.421891	3227.800786	SYNTHETIC_TEACHING_FIXTURE
SYN_ERR_22_03	SYN_ERR_SPK_22	SYN_ANN_2	3105.237116	3233.060356	SYNTHETIC_TEACHING_FIXTURE
SYN_ERR_22_04	SYN_ERR_SPK_22	SYN_ANN_1	4105.897802	4215.579334	SYNTHETIC_TEACHING_FIXTURE
SYN_ERR_22_04	SYN_ERR_SPK_22	SYN_ANN_2	4105.734461	4218.631664	SYNTHETIC_TEACHING_FIXTURE
SYN_ERR_22_05	SYN_ERR_SPK_22	SYN_ANN_1	5098.443568	5209.01046	SYNTHETIC_TEACHING_FIXTURE
SYN_ERR_22_05	SYN_ERR_SPK_22	SYN_ANN_2	5103.614307	5205.43887	SYNTHETIC_TEACHING_FIXTURE
SYN_ERR_23_01	SYN_ERR_SPK_23	SYN_ANN_1	1103.729428	1221.431664	SYNTHETIC_TEACHING_FIXTURE
SYN_ERR_23_01	SYN_ERR_SPK_23	SYN_ANN_2	1110.565885	1220.926114	SYNTHETIC_TEACHING_FIXTURE
SYN_ERR_23_02	SYN_ERR_SPK_23	SYN_ANN_1	2112.372136	2225.051808	SYNTHETIC_TEACHING_FIXTURE
SYN_ERR_23_02	SYN_ERR_SPK_23	SYN_ANN_2	2105.264308	2233.260145	SYNTHETIC_TEACHING_FIXTURE
SYN_ERR_23_03	SYN_ERR_SPK_23	SYN_ANN_1	3110.359442	3219.253673	SYNTHETIC_TEACHING_FIXTURE
SYN_ERR_23_03	SYN_ERR_SPK_23	SYN_ANN_2	3113.136602	3219.734839	SYNTHETIC_TEACHING_FIXTURE
SYN_ERR_23_04	SYN_ERR_SPK_23	SYN_ANN_1	4107.758934	4216.244356	SYNTHETIC_TEACHING_FIXTURE
SYN_ERR_23_04	SYN_ERR_SPK_23	SYN_ANN_2	4103.456905	4215.879239	SYNTHETIC_TEACHING_FIXTURE
SYN_ERR_23_05	SYN_ERR_SPK_23	SYN_ANN_1	5105.790983	5224.590174	SYNTHETIC_TEACHING_FIXTURE
SYN_ERR_23_05	SYN_ERR_SPK_23	SYN_ANN_2	5109.322882	5221.962663	SYNTHETIC_TEACHING_FIXTURE
SYN_ERR_24_01	SYN_ERR_SPK_24	SYN_ANN_1	1108.39824	1219.297582	SYNTHETIC_TEACHING_FIXTURE
SYN_ERR_24_01	SYN_ERR_SPK_24	SYN_ANN_2	1106.236817	1217.530338	SYNTHETIC_TEACHING_FIXTURE
SYN_ERR_24_02	SYN_ERR_SPK_24	SYN_ANN_1	2113.210757	2242.437222	SYNTHETIC_TEACHING_FIXTURE
SYN_ERR_24_02	SYN_ERR_SPK_24	SYN_ANN_2	2110.994229	2232.600647	SYNTHETIC_TEACHING_FIXTURE
SYN_ERR_24_03	SYN_ERR_SPK_24	SYN_ANN_1	3105.73171	3223.376972	SYNTHETIC_TEACHING_FIXTURE
SYN_ERR_24_03	SYN_ERR_SPK_24	SYN_ANN_2	3106.673538	3227.083958	SYNTHETIC_TEACHING_FIXTURE
SYN_ERR_24_04	SYN_ERR_SPK_24	SYN_ANN_1	4105.957733	4220.952916	SYNTHETIC_TEACHING_FIXTURE
SYN_ERR_24_04	SYN_ERR_SPK_24	SYN_ANN_2	4106.296065	4220.385669	SYNTHETIC_TEACHING_FIXTURE
SYN_ERR_24_05	SYN_ERR_SPK_24	SYN_ANN_1	5107.162259	5228.738218	SYNTHETIC_TEACHING_FIXTURE
SYN_ERR_24_05	SYN_ERR_SPK_24	SYN_ANN_2	5116.99143	5232.686892	SYNTHETIC_TEACHING_FIXTURE
