artifact_id	declared_sha256	first_candidate_sha256	clean_rebuild_sha256	exact_match	data_status
COMPANION_NOTICE	48a0349be2e6db617ad2cdad5c37332ebf74bb7963e16b5e43eab0d096fa8776	48a0349be2e6db617ad2cdad5c37332ebf74bb7963e16b5e43eab0d096fa8776	48a0349be2e6db617ad2cdad5c37332ebf74bb7963e16b5e43eab0d096fa8776	True	SYNTHETIC_TEACHING_FIXTURE
COMPANION_CITATION	65b3bef99383cb6b48f6109d4aaad4d1de70aa2ac050047e0ee82a6fc18b9c99	65b3bef99383cb6b48f6109d4aaad4d1de70aa2ac050047e0ee82a6fc18b9c99	65b3bef99383cb6b48f6109d4aaad4d1de70aa2ac050047e0ee82a6fc18b9c99	True	SYNTHETIC_TEACHING_FIXTURE
CODE_LICENSE	07d349cb57bb7da80e3ad667008c5b1a81e030f3b8e4371ef87ed386db215243	07d349cb57bb7da80e3ad667008c5b1a81e030f3b8e4371ef87ed386db215243	07d349cb57bb7da80e3ad667008c5b1a81e030f3b8e4371ef87ed386db215243	True	SYNTHETIC_TEACHING_FIXTURE
DATA_LICENSE	9ba9550ad48438d0836ddab3da480b3b69ffa0aac7b7878b5a0039e7ab429411	9ba9550ad48438d0836ddab3da480b3b69ffa0aac7b7878b5a0039e7ab429411	9ba9550ad48438d0836ddab3da480b3b69ffa0aac7b7878b5a0039e7ab429411	True	SYNTHETIC_TEACHING_FIXTURE
COMPANION_README	cacf3224defa4aaab368a1da8b4eb3086367851fd39d2664f874b19c99c4564e	cacf3224defa4aaab368a1da8b4eb3086367851fd39d2664f874b19c99c4564e	cacf3224defa4aaab368a1da8b4eb3086367851fd39d2664f874b19c99c4564e	True	SYNTHETIC_TEACHING_FIXTURE
PYTHON_REQUIREMENTS	d6c0fb47957c3d4d52b9dc9e80dbd808af1e3795c826bc79f2025c7bfe0563f5	d6c0fb47957c3d4d52b9dc9e80dbd808af1e3795c826bc79f2025c7bfe0563f5	d6c0fb47957c3d4d52b9dc9e80dbd808af1e3795c826bc79f2025c7bfe0563f5	True	SYNTHETIC_TEACHING_FIXTURE
R_REQUIREMENTS	6ee9f3cff7a0ab918a122319db41f18adcd3fcf9c259b5dc0bb2b4bf45cb6346	6ee9f3cff7a0ab918a122319db41f18adcd3fcf9c259b5dc0bb2b4bf45cb6346	6ee9f3cff7a0ab918a122319db41f18adcd3fcf9c259b5dc0bb2b4bf45cb6346	True	SYNTHETIC_TEACHING_FIXTURE
CH19_NOTEBOOK_1	56893e8f173fd1c2f6a6aa0fbb8570f455ceab81c0ae2438053b6d9ff32748dd	56893e8f173fd1c2f6a6aa0fbb8570f455ceab81c0ae2438053b6d9ff32748dd	56893e8f173fd1c2f6a6aa0fbb8570f455ceab81c0ae2438053b6d9ff32748dd	True	SYNTHETIC_TEACHING_FIXTURE
CH19_NOTEBOOK_2	5b676f132ffba622dbaf98a34ff179ea51c624695e157f41f1ab21a7e9d7418f	5b676f132ffba622dbaf98a34ff179ea51c624695e157f41f1ab21a7e9d7418f	5b676f132ffba622dbaf98a34ff179ea51c624695e157f41f1ab21a7e9d7418f	True	SYNTHETIC_TEACHING_FIXTURE
