field	role	missing_values	data_status
observation_id	identifier_or_audit	0	SYNTHETIC_TEACHING_FIXTURE
speaker_id	grouping	0	SYNTHETIC_TEACHING_FIXTURE
item_id	grouping	0	SYNTHETIC_TEACHING_FIXTURE
condition	predictor	0	SYNTHETIC_TEACHING_FIXTURE
speaking_rate	identifier_or_audit	0	SYNTHETIC_TEACHING_FIXTURE
speaking_rate_z	predictor	0	SYNTHETIC_TEACHING_FIXTURE
outcome	outcome	0	SYNTHETIC_TEACHING_FIXTURE
recording_order	identifier_or_audit	0	SYNTHETIC_TEACHING_FIXTURE
data_status	identifier_or_audit	0	SYNTHETIC_TEACHING_FIXTURE
