coding_id	condition	column_1	column_2	data_status
treatment_BASE	BASE	0	0	SYNTHETIC_TEACHING_FIXTURE
treatment_BASE	SHIFT_A	1	0	SYNTHETIC_TEACHING_FIXTURE
treatment_BASE	SHIFT_B	0	1	SYNTHETIC_TEACHING_FIXTURE
sum_to_zero	BASE	-1	-1	SYNTHETIC_TEACHING_FIXTURE
sum_to_zero	SHIFT_A	1	0	SYNTHETIC_TEACHING_FIXTURE
sum_to_zero	SHIFT_B	0	1	SYNTHETIC_TEACHING_FIXTURE
custom_A_vs_BASE_B_vs_mean	BASE	-1	-0.5	SYNTHETIC_TEACHING_FIXTURE
custom_A_vs_BASE_B_vs_mean	SHIFT_A	1	-0.5	SYNTHETIC_TEACHING_FIXTURE
custom_A_vs_BASE_B_vs_mean	SHIFT_B	0	1	SYNTHETIC_TEACHING_FIXTURE
