artifact_id	private_path	email	secret	unapproved_media	notebook_cells_with_outputs	passed	data_status
COMPANION_NOTICE	0	0	0	False	0	True	SYNTHETIC_TEACHING_FIXTURE
COMPANION_CITATION	0	0	0	False	0	True	SYNTHETIC_TEACHING_FIXTURE
CODE_LICENSE	0	0	0	False	0	True	SYNTHETIC_TEACHING_FIXTURE
DATA_LICENSE	0	0	0	False	0	True	SYNTHETIC_TEACHING_FIXTURE
COMPANION_README	0	0	0	False	0	True	SYNTHETIC_TEACHING_FIXTURE
PYTHON_REQUIREMENTS	0	0	0	False	0	True	SYNTHETIC_TEACHING_FIXTURE
R_REQUIREMENTS	0	0	0	False	0	True	SYNTHETIC_TEACHING_FIXTURE
CH19_NOTEBOOK_1	0	0	0	False	0	True	SYNTHETIC_TEACHING_FIXTURE
CH19_NOTEBOOK_2	0	0	0	False	0	True	SYNTHETIC_TEACHING_FIXTURE
