artifact_id	public_release_status	reason	candidate_copy_retained_internal	data_status
COMPANION_NOTICE	excluded_pending_authorization	UNLICENSED_PENDING_PUBLISHER_APPROVAL	True	SYNTHETIC_TEACHING_FIXTURE
COMPANION_CITATION	excluded_pending_authorization	UNLICENSED_PENDING_PUBLISHER_APPROVAL	True	SYNTHETIC_TEACHING_FIXTURE
CODE_LICENSE	excluded_pending_authorization	UNLICENSED_PENDING_PUBLISHER_APPROVAL	True	SYNTHETIC_TEACHING_FIXTURE
DATA_LICENSE	excluded_pending_authorization	UNLICENSED_PENDING_PUBLISHER_APPROVAL	True	SYNTHETIC_TEACHING_FIXTURE
COMPANION_README	excluded_pending_authorization	UNLICENSED_PENDING_PUBLISHER_APPROVAL	True	SYNTHETIC_TEACHING_FIXTURE
PYTHON_REQUIREMENTS	excluded_pending_authorization	UNLICENSED_PENDING_PUBLISHER_APPROVAL	True	SYNTHETIC_TEACHING_FIXTURE
R_REQUIREMENTS	excluded_pending_authorization	UNLICENSED_PENDING_PUBLISHER_APPROVAL	True	SYNTHETIC_TEACHING_FIXTURE
CH19_NOTEBOOK_1	excluded_pending_authorization	UNLICENSED_PENDING_PUBLISHER_APPROVAL	True	SYNTHETIC_TEACHING_FIXTURE
CH19_NOTEBOOK_2	excluded_pending_authorization	UNLICENSED_PENDING_PUBLISHER_APPROVAL	True	SYNTHETIC_TEACHING_FIXTURE
