artifact_id	path	role	media_type	access_class	rights_holder	license_or_agreement	redistributable	source_or_generator	version	sha256	citation_id	contains_personal_data	contains_restricted_content	release_disposition	provenance_id	candidate_path	size_bytes	verified_sha256	candidate_status
COMPANION_NOTICE	companion/NOTICE.md	documentation	text/markdown	candidate_internal	AUTHOR_INPUT_REQUIRED	UNLICENSED_PENDING_PUBLISHER_APPROVAL	false	companion package file	candidate-0.1.0	9081b7714ea1e6bc88703faa98cf3fab6618d887eb9c182c2054b01dba498cf0	AUTHOR_INPUT_REQUIRED	false	false	internal_candidate_only	CH20_ALLOWLIST	companion/NOTICE.md	1093	9081b7714ea1e6bc88703faa98cf3fab6618d887eb9c182c2054b01dba498cf0	internal_only
COMPANION_CITATION	companion/CITATION.cff	citation	text/yaml	candidate_internal	AUTHOR_INPUT_REQUIRED	UNLICENSED_PENDING_PUBLISHER_APPROVAL	false	companion package file	candidate-0.1.0	d3ccaf4bf7755989bb27bc751c5cbf1108c3f5c71b9925731060037a3247229f	AUTHOR_INPUT_REQUIRED	false	false	internal_candidate_only	CH20_ALLOWLIST	companion/CITATION.cff	608	d3ccaf4bf7755989bb27bc751c5cbf1108c3f5c71b9925731060037a3247229f	internal_only
CODE_LICENSE	companion/LICENSE	license	text/plain	candidate_internal	AUTHOR_INPUT_REQUIRED	UNLICENSED_PENDING_PUBLISHER_APPROVAL	false	companion package file	candidate-0.1.0	07d349cb57bb7da80e3ad667008c5b1a81e030f3b8e4371ef87ed386db215243	AUTHOR_INPUT_REQUIRED	false	false	internal_candidate_only	CH20_ALLOWLIST	companion/LICENSE	1073	07d349cb57bb7da80e3ad667008c5b1a81e030f3b8e4371ef87ed386db215243	internal_only
DATA_LICENSE	companion/LICENSE-DATA.txt	license	text/plain	candidate_internal	AUTHOR_INPUT_REQUIRED	UNLICENSED_PENDING_PUBLISHER_APPROVAL	false	companion package file	candidate-0.1.0	9ba9550ad48438d0836ddab3da480b3b69ffa0aac7b7878b5a0039e7ab429411	AUTHOR_INPUT_REQUIRED	false	false	internal_candidate_only	CH20_ALLOWLIST	companion/LICENSE-DATA.txt	18657	9ba9550ad48438d0836ddab3da480b3b69ffa0aac7b7878b5a0039e7ab429411	internal_only
COMPANION_README	companion/README.md	documentation	text/markdown	candidate_internal	AUTHOR_INPUT_REQUIRED	UNLICENSED_PENDING_PUBLISHER_APPROVAL	false	companion package file	candidate-0.1.0	cacf3224defa4aaab368a1da8b4eb3086367851fd39d2664f874b19c99c4564e	AUTHOR_INPUT_REQUIRED	false	false	internal_candidate_only	CH20_ALLOWLIST	companion/README.md	6208	cacf3224defa4aaab368a1da8b4eb3086367851fd39d2664f874b19c99c4564e	internal_only
PYTHON_REQUIREMENTS	companion/requirements-python.txt	environment	text/plain	candidate_internal	AUTHOR_INPUT_REQUIRED	UNLICENSED_PENDING_PUBLISHER_APPROVAL	false	companion package file	candidate-0.1.0	d6c0fb47957c3d4d52b9dc9e80dbd808af1e3795c826bc79f2025c7bfe0563f5	AUTHOR_INPUT_REQUIRED	false	false	internal_candidate_only	CH20_ALLOWLIST	companion/requirements-python.txt	41	d6c0fb47957c3d4d52b9dc9e80dbd808af1e3795c826bc79f2025c7bfe0563f5	internal_only
R_REQUIREMENTS	companion/requirements-r.txt	environment	text/plain	candidate_internal	AUTHOR_INPUT_REQUIRED	UNLICENSED_PENDING_PUBLISHER_APPROVAL	false	companion package file	candidate-0.1.0	6ee9f3cff7a0ab918a122319db41f18adcd3fcf9c259b5dc0bb2b4bf45cb6346	AUTHOR_INPUT_REQUIRED	false	false	internal_candidate_only	CH20_ALLOWLIST	companion/requirements-r.txt	95	6ee9f3cff7a0ab918a122319db41f18adcd3fcf9c259b5dc0bb2b4bf45cb6346	internal_only
CH19_NOTEBOOK_1	companion/notebooks/ch19/01_results_uncertainty_and_equivalence.ipynb	notebook	application/x-ipynb+json	candidate_internal	AUTHOR_INPUT_REQUIRED	UNLICENSED_PENDING_PUBLISHER_APPROVAL	false	companion package file	candidate-0.1.0	56893e8f173fd1c2f6a6aa0fbb8570f455ceab81c0ae2438053b6d9ff32748dd	AUTHOR_INPUT_REQUIRED	false	false	internal_candidate_only	CH20_ALLOWLIST	companion/notebooks/ch19/01_results_uncertainty_and_equivalence.ipynb	4476	56893e8f173fd1c2f6a6aa0fbb8570f455ceab81c0ae2438053b6d9ff32748dd	internal_only
CH19_NOTEBOOK_2	companion/notebooks/ch19/02_claim_evidence_map.ipynb	notebook	application/x-ipynb+json	candidate_internal	AUTHOR_INPUT_REQUIRED	UNLICENSED_PENDING_PUBLISHER_APPROVAL	false	companion package file	candidate-0.1.0	5b676f132ffba622dbaf98a34ff179ea51c624695e157f41f1ab21a7e9d7418f	AUTHOR_INPUT_REQUIRED	false	false	internal_candidate_only	CH20_ALLOWLIST	companion/notebooks/ch19/02_claim_evidence_map.ipynb	4814	5b676f132ffba622dbaf98a34ff179ea51c624695e157f41f1ab21a7e9d7418f	internal_only
