source_token_id	linkage_status	candidate_count	candidate_rows	final_inclusions	data_status
SYN_TOKEN_0001	matched	1	1	1	SYNTHETIC_TEACHING_FIXTURE
SYN_TOKEN_0002	matched	1	1	1	SYNTHETIC_TEACHING_FIXTURE
SYN_TOKEN_0003	matched	1	1	1	SYNTHETIC_TEACHING_FIXTURE
SYN_TOKEN_0004	matched	1	1	1	SYNTHETIC_TEACHING_FIXTURE
SYN_TOKEN_0005	matched	1	1	1	SYNTHETIC_TEACHING_FIXTURE
SYN_TOKEN_0006	matched	1	1	1	SYNTHETIC_TEACHING_FIXTURE
SYN_TOKEN_0007	matched	1	1	1	SYNTHETIC_TEACHING_FIXTURE
SYN_TOKEN_0008	matched	1	1	1	SYNTHETIC_TEACHING_FIXTURE
SYN_TOKEN_0009	matched	1	1	1	SYNTHETIC_TEACHING_FIXTURE
SYN_TOKEN_0010	matched	1	1	1	SYNTHETIC_TEACHING_FIXTURE
SYN_TOKEN_0011	matched	1	1	1	SYNTHETIC_TEACHING_FIXTURE
SYN_TOKEN_0012	matched	1	1	1	SYNTHETIC_TEACHING_FIXTURE
SYN_TOKEN_0013	matched	1	1	0	SYNTHETIC_TEACHING_FIXTURE
SYN_TOKEN_0014	matched	1	1	1	SYNTHETIC_TEACHING_FIXTURE
SYN_TOKEN_0015	matched	1	2	1	SYNTHETIC_TEACHING_FIXTURE
SYN_TOKEN_0016	matched	1	1	1	SYNTHETIC_TEACHING_FIXTURE
SYN_TOKEN_0017	matched	1	1	0	SYNTHETIC_TEACHING_FIXTURE
SYN_TOKEN_0018	matched	1	1	1	SYNTHETIC_TEACHING_FIXTURE
SYN_TOKEN_0019	matched	1	1	0	SYNTHETIC_TEACHING_FIXTURE
SYN_TOKEN_0020	matched	1	1	1	SYNTHETIC_TEACHING_FIXTURE
SYN_TOKEN_0021	matched	1	1	1	SYNTHETIC_TEACHING_FIXTURE
SYN_TOKEN_0022	matched	1	1	1	SYNTHETIC_TEACHING_FIXTURE
SYN_TOKEN_0023	matched	1	1	1	SYNTHETIC_TEACHING_FIXTURE
SYN_TOKEN_0024	matched	1	1	1	SYNTHETIC_TEACHING_FIXTURE
SYN_TOKEN_0025	matched	1	1	1	SYNTHETIC_TEACHING_FIXTURE
SYN_TOKEN_0026	matched	1	1	1	SYNTHETIC_TEACHING_FIXTURE
SYN_TOKEN_0027	matched	1	1	1	SYNTHETIC_TEACHING_FIXTURE
SYN_TOKEN_0028	matched	1	1	1	SYNTHETIC_TEACHING_FIXTURE
SYN_TOKEN_0029	ambiguous	2	1	0	SYNTHETIC_TEACHING_FIXTURE
SYN_TOKEN_0030	matched	1	2	1	SYNTHETIC_TEACHING_FIXTURE
SYN_TOKEN_0031	matched	1	1	1	SYNTHETIC_TEACHING_FIXTURE
SYN_TOKEN_0032	matched	1	1	1	SYNTHETIC_TEACHING_FIXTURE
SYN_TOKEN_0033	matched	1	1	0	SYNTHETIC_TEACHING_FIXTURE
SYN_TOKEN_0034	matched	1	1	1	SYNTHETIC_TEACHING_FIXTURE
SYN_TOKEN_0035	matched	1	1	1	SYNTHETIC_TEACHING_FIXTURE
SYN_TOKEN_0036	matched	1	1	1	SYNTHETIC_TEACHING_FIXTURE
SYN_TOKEN_0037	unmatched	0	1	0	SYNTHETIC_TEACHING_FIXTURE
SYN_TOKEN_0038	matched	1	1	1	SYNTHETIC_TEACHING_FIXTURE
SYN_TOKEN_0039	matched	1	1	0	SYNTHETIC_TEACHING_FIXTURE
SYN_TOKEN_0040	matched	1	1	1	SYNTHETIC_TEACHING_FIXTURE
SYN_TOKEN_0041	matched	1	1	1	SYNTHETIC_TEACHING_FIXTURE
SYN_TOKEN_0042	matched	1	1	1	SYNTHETIC_TEACHING_FIXTURE
SYN_TOKEN_0043	matched	1	1	1	SYNTHETIC_TEACHING_FIXTURE
SYN_TOKEN_0044	matched	1	1	1	SYNTHETIC_TEACHING_FIXTURE
SYN_TOKEN_0045	matched	1	2	1	SYNTHETIC_TEACHING_FIXTURE
SYN_TOKEN_0046	matched	1	1	1	SYNTHETIC_TEACHING_FIXTURE
SYN_TOKEN_0047	matched	1	1	1	SYNTHETIC_TEACHING_FIXTURE
SYN_TOKEN_0048	matched	1	1	1	SYNTHETIC_TEACHING_FIXTURE
SYN_TOKEN_0049	matched	1	1	1	SYNTHETIC_TEACHING_FIXTURE
SYN_TOKEN_0050	matched	1	1	1	SYNTHETIC_TEACHING_FIXTURE
SYN_TOKEN_0051	matched	1	1	1	SYNTHETIC_TEACHING_FIXTURE
SYN_TOKEN_0052	matched	1	1	1	SYNTHETIC_TEACHING_FIXTURE
SYN_TOKEN_0053	matched	1	1	0	SYNTHETIC_TEACHING_FIXTURE
SYN_TOKEN_0054	matched	1	1	1	SYNTHETIC_TEACHING_FIXTURE
SYN_TOKEN_0055	matched	1	1	1	SYNTHETIC_TEACHING_FIXTURE
SYN_TOKEN_0056	matched	1	1	1	SYNTHETIC_TEACHING_FIXTURE
SYN_TOKEN_0057	matched	1	1	0	SYNTHETIC_TEACHING_FIXTURE
SYN_TOKEN_0058	ambiguous	2	1	0	SYNTHETIC_TEACHING_FIXTURE
SYN_TOKEN_0059	matched	1	1	0	SYNTHETIC_TEACHING_FIXTURE
SYN_TOKEN_0060	matched	1	2	1	SYNTHETIC_TEACHING_FIXTURE
SYN_TOKEN_0061	matched	1	1	1	SYNTHETIC_TEACHING_FIXTURE
SYN_TOKEN_0062	matched	1	1	1	SYNTHETIC_TEACHING_FIXTURE
SYN_TOKEN_0063	matched	1	1	1	SYNTHETIC_TEACHING_FIXTURE
SYN_TOKEN_0064	matched	1	1	1	SYNTHETIC_TEACHING_FIXTURE
SYN_TOKEN_0065	matched	1	1	1	SYNTHETIC_TEACHING_FIXTURE
SYN_TOKEN_0066	matched	1	1	1	SYNTHETIC_TEACHING_FIXTURE
SYN_TOKEN_0067	matched	1	1	1	SYNTHETIC_TEACHING_FIXTURE
SYN_TOKEN_0068	matched	1	1	1	SYNTHETIC_TEACHING_FIXTURE
SYN_TOKEN_0069	matched	1	1	1	SYNTHETIC_TEACHING_FIXTURE
SYN_TOKEN_0070	matched	1	1	1	SYNTHETIC_TEACHING_FIXTURE
SYN_TOKEN_0071	matched	1	1	1	SYNTHETIC_TEACHING_FIXTURE
SYN_TOKEN_0072	matched	1	1	1	SYNTHETIC_TEACHING_FIXTURE
SYN_TOKEN_0073	matched	1	1	0	SYNTHETIC_TEACHING_FIXTURE
SYN_TOKEN_0074	unmatched	0	1	0	SYNTHETIC_TEACHING_FIXTURE
SYN_TOKEN_0075	matched	1	2	1	SYNTHETIC_TEACHING_FIXTURE
SYN_TOKEN_0076	matched	1	1	1	SYNTHETIC_TEACHING_FIXTURE
SYN_TOKEN_0077	matched	1	1	0	SYNTHETIC_TEACHING_FIXTURE
SYN_TOKEN_0078	matched	1	1	1	SYNTHETIC_TEACHING_FIXTURE
SYN_TOKEN_0079	matched	1	1	0	SYNTHETIC_TEACHING_FIXTURE
SYN_TOKEN_0080	matched	1	1	1	SYNTHETIC_TEACHING_FIXTURE
SYN_TOKEN_0081	matched	1	1	1	SYNTHETIC_TEACHING_FIXTURE
SYN_TOKEN_0082	matched	1	1	1	SYNTHETIC_TEACHING_FIXTURE
SYN_TOKEN_0083	matched	1	1	1	SYNTHETIC_TEACHING_FIXTURE
SYN_TOKEN_0084	matched	1	1	1	SYNTHETIC_TEACHING_FIXTURE
SYN_TOKEN_0085	matched	1	1	1	SYNTHETIC_TEACHING_FIXTURE
SYN_TOKEN_0086	matched	1	1	1	SYNTHETIC_TEACHING_FIXTURE
SYN_TOKEN_0087	ambiguous	2	1	0	SYNTHETIC_TEACHING_FIXTURE
SYN_TOKEN_0088	matched	1	1	1	SYNTHETIC_TEACHING_FIXTURE
SYN_TOKEN_0089	matched	1	1	1	SYNTHETIC_TEACHING_FIXTURE
SYN_TOKEN_0090	matched	1	2	1	SYNTHETIC_TEACHING_FIXTURE
SYN_TOKEN_0091	matched	1	1	1	SYNTHETIC_TEACHING_FIXTURE
SYN_TOKEN_0092	matched	1	1	1	SYNTHETIC_TEACHING_FIXTURE
SYN_TOKEN_0093	matched	1	1	0	SYNTHETIC_TEACHING_FIXTURE
SYN_TOKEN_0094	matched	1	1	1	SYNTHETIC_TEACHING_FIXTURE
SYN_TOKEN_0095	matched	1	1	1	SYNTHETIC_TEACHING_FIXTURE
SYN_TOKEN_0096	matched	1	1	1	SYNTHETIC_TEACHING_FIXTURE
SYN_TOKEN_0097	matched	1	1	0	SYNTHETIC_TEACHING_FIXTURE
SYN_TOKEN_0098	matched	1	1	1	SYNTHETIC_TEACHING_FIXTURE
SYN_TOKEN_0099	matched	1	1	0	SYNTHETIC_TEACHING_FIXTURE
SYN_TOKEN_0100	matched	1	1	1	SYNTHETIC_TEACHING_FIXTURE
SYN_TOKEN_0101	matched	1	1	1	SYNTHETIC_TEACHING_FIXTURE
SYN_TOKEN_0102	matched	1	1	1	SYNTHETIC_TEACHING_FIXTURE
SYN_TOKEN_0103	matched	1	1	1	SYNTHETIC_TEACHING_FIXTURE
SYN_TOKEN_0104	matched	1	1	1	SYNTHETIC_TEACHING_FIXTURE
SYN_TOKEN_0105	matched	1	2	1	SYNTHETIC_TEACHING_FIXTURE
SYN_TOKEN_0106	matched	1	1	1	SYNTHETIC_TEACHING_FIXTURE
SYN_TOKEN_0107	matched	1	1	1	SYNTHETIC_TEACHING_FIXTURE
SYN_TOKEN_0108	matched	1	1	1	SYNTHETIC_TEACHING_FIXTURE
SYN_TOKEN_0109	matched	1	1	1	SYNTHETIC_TEACHING_FIXTURE
SYN_TOKEN_0110	matched	1	1	1	SYNTHETIC_TEACHING_FIXTURE
SYN_TOKEN_0111	unmatched	0	1	0	SYNTHETIC_TEACHING_FIXTURE
SYN_TOKEN_0112	matched	1	1	1	SYNTHETIC_TEACHING_FIXTURE
SYN_TOKEN_0113	matched	1	1	0	SYNTHETIC_TEACHING_FIXTURE
SYN_TOKEN_0114	matched	1	1	1	SYNTHETIC_TEACHING_FIXTURE
SYN_TOKEN_0115	matched	1	1	1	SYNTHETIC_TEACHING_FIXTURE
SYN_TOKEN_0116	ambiguous	2	1	0	SYNTHETIC_TEACHING_FIXTURE
SYN_TOKEN_0117	matched	1	1	0	SYNTHETIC_TEACHING_FIXTURE
SYN_TOKEN_0118	matched	1	1	1	SYNTHETIC_TEACHING_FIXTURE
SYN_TOKEN_0119	matched	1	1	0	SYNTHETIC_TEACHING_FIXTURE
SYN_TOKEN_0120	matched	1	2	1	SYNTHETIC_TEACHING_FIXTURE
SYN_TOKEN_0121	matched	1	1	1	SYNTHETIC_TEACHING_FIXTURE
SYN_TOKEN_0122	matched	1	1	1	SYNTHETIC_TEACHING_FIXTURE
SYN_TOKEN_0123	matched	1	1	1	SYNTHETIC_TEACHING_FIXTURE
SYN_TOKEN_0124	matched	1	1	1	SYNTHETIC_TEACHING_FIXTURE
SYN_TOKEN_0125	matched	1	1	1	SYNTHETIC_TEACHING_FIXTURE
SYN_TOKEN_0126	matched	1	1	1	SYNTHETIC_TEACHING_FIXTURE
SYN_TOKEN_0127	matched	1	1	1	SYNTHETIC_TEACHING_FIXTURE
SYN_TOKEN_0128	matched	1	1	1	SYNTHETIC_TEACHING_FIXTURE
SYN_TOKEN_0129	matched	1	1	1	SYNTHETIC_TEACHING_FIXTURE
SYN_TOKEN_0130	matched	1	1	1	SYNTHETIC_TEACHING_FIXTURE
SYN_TOKEN_0131	matched	1	1	1	SYNTHETIC_TEACHING_FIXTURE
SYN_TOKEN_0132	matched	1	1	1	SYNTHETIC_TEACHING_FIXTURE
SYN_TOKEN_0133	matched	1	1	0	SYNTHETIC_TEACHING_FIXTURE
SYN_TOKEN_0134	matched	1	1	1	SYNTHETIC_TEACHING_FIXTURE
SYN_TOKEN_0135	matched	1	2	1	SYNTHETIC_TEACHING_FIXTURE
SYN_TOKEN_0136	matched	1	1	1	SYNTHETIC_TEACHING_FIXTURE
SYN_TOKEN_0137	matched	1	1	0	SYNTHETIC_TEACHING_FIXTURE
SYN_TOKEN_0138	matched	1	1	1	SYNTHETIC_TEACHING_FIXTURE
SYN_TOKEN_0139	matched	1	1	0	SYNTHETIC_TEACHING_FIXTURE
SYN_TOKEN_0140	matched	1	1	1	SYNTHETIC_TEACHING_FIXTURE
SYN_TOKEN_0141	matched	1	1	1	SYNTHETIC_TEACHING_FIXTURE
SYN_TOKEN_0142	matched	1	1	1	SYNTHETIC_TEACHING_FIXTURE
SYN_TOKEN_0143	matched	1	1	1	SYNTHETIC_TEACHING_FIXTURE
SYN_TOKEN_0144	matched	1	1	1	SYNTHETIC_TEACHING_FIXTURE
SYN_TOKEN_0145	ambiguous	2	1	0	SYNTHETIC_TEACHING_FIXTURE
SYN_TOKEN_0146	matched	1	1	1	SYNTHETIC_TEACHING_FIXTURE
SYN_TOKEN_0147	matched	1	1	1	SYNTHETIC_TEACHING_FIXTURE
SYN_TOKEN_0148	unmatched	0	1	0	SYNTHETIC_TEACHING_FIXTURE
SYN_TOKEN_0149	matched	1	1	1	SYNTHETIC_TEACHING_FIXTURE
SYN_TOKEN_0150	matched	1	2	1	SYNTHETIC_TEACHING_FIXTURE
SYN_TOKEN_0151	matched	1	1	1	SYNTHETIC_TEACHING_FIXTURE
SYN_TOKEN_0152	matched	1	1	1	SYNTHETIC_TEACHING_FIXTURE
SYN_TOKEN_0153	matched	1	1	0	SYNTHETIC_TEACHING_FIXTURE
SYN_TOKEN_0154	matched	1	1	1	SYNTHETIC_TEACHING_FIXTURE
SYN_TOKEN_0155	matched	1	1	1	SYNTHETIC_TEACHING_FIXTURE
SYN_TOKEN_0156	matched	1	1	1	SYNTHETIC_TEACHING_FIXTURE
SYN_TOKEN_0157	matched	1	1	0	SYNTHETIC_TEACHING_FIXTURE
SYN_TOKEN_0158	matched	1	1	1	SYNTHETIC_TEACHING_FIXTURE
SYN_TOKEN_0159	matched	1	1	0	SYNTHETIC_TEACHING_FIXTURE
SYN_TOKEN_0160	matched	1	1	1	SYNTHETIC_TEACHING_FIXTURE
SYN_TOKEN_0161	matched	1	1	1	SYNTHETIC_TEACHING_FIXTURE
SYN_TOKEN_0162	matched	1	1	1	SYNTHETIC_TEACHING_FIXTURE
SYN_TOKEN_0163	matched	1	1	1	SYNTHETIC_TEACHING_FIXTURE
SYN_TOKEN_0164	matched	1	1	1	SYNTHETIC_TEACHING_FIXTURE
SYN_TOKEN_0165	matched	1	2	1	SYNTHETIC_TEACHING_FIXTURE
SYN_TOKEN_0166	matched	1	1	1	SYNTHETIC_TEACHING_FIXTURE
SYN_TOKEN_0167	matched	1	1	1	SYNTHETIC_TEACHING_FIXTURE
SYN_TOKEN_0168	matched	1	1	1	SYNTHETIC_TEACHING_FIXTURE
SYN_TOKEN_0169	matched	1	1	1	SYNTHETIC_TEACHING_FIXTURE
SYN_TOKEN_0170	matched	1	1	1	SYNTHETIC_TEACHING_FIXTURE
SYN_TOKEN_0171	matched	1	1	1	SYNTHETIC_TEACHING_FIXTURE
SYN_TOKEN_0172	matched	1	1	1	SYNTHETIC_TEACHING_FIXTURE
SYN_TOKEN_0173	matched	1	1	0	SYNTHETIC_TEACHING_FIXTURE
SYN_TOKEN_0174	ambiguous	2	1	0	SYNTHETIC_TEACHING_FIXTURE
SYN_TOKEN_0175	matched	1	1	1	SYNTHETIC_TEACHING_FIXTURE
SYN_TOKEN_0176	matched	1	1	1	SYNTHETIC_TEACHING_FIXTURE
SYN_TOKEN_0177	matched	1	1	0	SYNTHETIC_TEACHING_FIXTURE
SYN_TOKEN_0178	matched	1	1	1	SYNTHETIC_TEACHING_FIXTURE
SYN_TOKEN_0179	matched	1	1	0	SYNTHETIC_TEACHING_FIXTURE
SYN_TOKEN_0180	matched	1	2	1	SYNTHETIC_TEACHING_FIXTURE
SYN_TOKEN_0181	matched	1	1	1	SYNTHETIC_TEACHING_FIXTURE
SYN_TOKEN_0182	matched	1	1	1	SYNTHETIC_TEACHING_FIXTURE
SYN_TOKEN_0183	matched	1	1	1	SYNTHETIC_TEACHING_FIXTURE
SYN_TOKEN_0184	matched	1	1	1	SYNTHETIC_TEACHING_FIXTURE
SYN_TOKEN_0185	unmatched	0	1	0	SYNTHETIC_TEACHING_FIXTURE
SYN_TOKEN_0186	matched	1	1	0	SYNTHETIC_TEACHING_FIXTURE
SYN_TOKEN_0187	matched	1	1	1	SYNTHETIC_TEACHING_FIXTURE
SYN_TOKEN_0188	matched	1	1	1	SYNTHETIC_TEACHING_FIXTURE
SYN_TOKEN_0189	matched	1	1	1	SYNTHETIC_TEACHING_FIXTURE
SYN_TOKEN_0190	matched	1	1	1	SYNTHETIC_TEACHING_FIXTURE
SYN_TOKEN_0191	matched	1	1	1	SYNTHETIC_TEACHING_FIXTURE
SYN_TOKEN_0192	matched	1	1	0	SYNTHETIC_TEACHING_FIXTURE
SYN_TOKEN_0193	matched	1	1	0	SYNTHETIC_TEACHING_FIXTURE
SYN_TOKEN_0194	matched	1	1	1	SYNTHETIC_TEACHING_FIXTURE
SYN_TOKEN_0195	matched	1	2	1	SYNTHETIC_TEACHING_FIXTURE
SYN_TOKEN_0196	matched	1	1	1	SYNTHETIC_TEACHING_FIXTURE
SYN_TOKEN_0197	matched	1	1	0	SYNTHETIC_TEACHING_FIXTURE
SYN_TOKEN_0198	matched	1	1	0	SYNTHETIC_TEACHING_FIXTURE
SYN_TOKEN_0199	matched	1	1	0	SYNTHETIC_TEACHING_FIXTURE
SYN_TOKEN_0200	matched	1	1	1	SYNTHETIC_TEACHING_FIXTURE
SYN_TOKEN_0201	matched	1	1	1	SYNTHETIC_TEACHING_FIXTURE
SYN_TOKEN_0202	matched	1	1	1	SYNTHETIC_TEACHING_FIXTURE
SYN_TOKEN_0203	ambiguous	2	1	0	SYNTHETIC_TEACHING_FIXTURE
SYN_TOKEN_0204	matched	1	1	0	SYNTHETIC_TEACHING_FIXTURE
SYN_TOKEN_0205	matched	1	1	1	SYNTHETIC_TEACHING_FIXTURE
SYN_TOKEN_0206	matched	1	1	1	SYNTHETIC_TEACHING_FIXTURE
SYN_TOKEN_0207	matched	1	1	1	SYNTHETIC_TEACHING_FIXTURE
SYN_TOKEN_0208	matched	1	1	0	SYNTHETIC_TEACHING_FIXTURE
SYN_TOKEN_0209	matched	1	1	1	SYNTHETIC_TEACHING_FIXTURE
SYN_TOKEN_0210	matched	1	2	1	SYNTHETIC_TEACHING_FIXTURE
SYN_TOKEN_0211	matched	1	1	1	SYNTHETIC_TEACHING_FIXTURE
SYN_TOKEN_0212	matched	1	1	0	SYNTHETIC_TEACHING_FIXTURE
SYN_TOKEN_0213	matched	1	1	0	SYNTHETIC_TEACHING_FIXTURE
SYN_TOKEN_0214	matched	1	1	1	SYNTHETIC_TEACHING_FIXTURE
SYN_TOKEN_0215	matched	1	1	1	SYNTHETIC_TEACHING_FIXTURE
SYN_TOKEN_0216	matched	1	1	0	SYNTHETIC_TEACHING_FIXTURE
SYN_TOKEN_0217	matched	1	1	0	SYNTHETIC_TEACHING_FIXTURE
SYN_TOKEN_0218	matched	1	1	1	SYNTHETIC_TEACHING_FIXTURE
SYN_TOKEN_0219	matched	1	1	0	SYNTHETIC_TEACHING_FIXTURE
SYN_TOKEN_0220	matched	1	1	0	SYNTHETIC_TEACHING_FIXTURE
SYN_TOKEN_0221	matched	1	1	1	SYNTHETIC_TEACHING_FIXTURE
SYN_TOKEN_0222	unmatched	0	1	0	SYNTHETIC_TEACHING_FIXTURE
SYN_TOKEN_0223	matched	1	1	1	SYNTHETIC_TEACHING_FIXTURE
SYN_TOKEN_0224	matched	1	1	1	SYNTHETIC_TEACHING_FIXTURE
SYN_TOKEN_0225	matched	1	2	1	SYNTHETIC_TEACHING_FIXTURE
SYN_TOKEN_0226	matched	1	1	1	SYNTHETIC_TEACHING_FIXTURE
SYN_TOKEN_0227	matched	1	1	1	SYNTHETIC_TEACHING_FIXTURE
SYN_TOKEN_0228	matched	1	1	1	SYNTHETIC_TEACHING_FIXTURE
SYN_TOKEN_0229	matched	1	1	1	SYNTHETIC_TEACHING_FIXTURE
SYN_TOKEN_0230	matched	1	1	1	SYNTHETIC_TEACHING_FIXTURE
SYN_TOKEN_0231	matched	1	1	1	SYNTHETIC_TEACHING_FIXTURE
SYN_TOKEN_0232	ambiguous	2	1	0	SYNTHETIC_TEACHING_FIXTURE
SYN_TOKEN_0233	matched	1	1	0	SYNTHETIC_TEACHING_FIXTURE
SYN_TOKEN_0234	matched	1	1	1	SYNTHETIC_TEACHING_FIXTURE
SYN_TOKEN_0235	matched	1	1	1	SYNTHETIC_TEACHING_FIXTURE
SYN_TOKEN_0236	matched	1	1	1	SYNTHETIC_TEACHING_FIXTURE
SYN_TOKEN_0237	matched	1	1	0	SYNTHETIC_TEACHING_FIXTURE
SYN_TOKEN_0238	matched	1	1	1	SYNTHETIC_TEACHING_FIXTURE
SYN_TOKEN_0239	matched	1	1	0	SYNTHETIC_TEACHING_FIXTURE
SYN_TOKEN_0240	matched	1	2	1	SYNTHETIC_TEACHING_FIXTURE
SYN_TOKEN_0241	matched	1	1	1	SYNTHETIC_TEACHING_FIXTURE
SYN_TOKEN_0242	matched	1	1	1	SYNTHETIC_TEACHING_FIXTURE
SYN_TOKEN_0243	matched	1	1	1	SYNTHETIC_TEACHING_FIXTURE
SYN_TOKEN_0244	matched	1	1	1	SYNTHETIC_TEACHING_FIXTURE
SYN_TOKEN_0245	matched	1	1	1	SYNTHETIC_TEACHING_FIXTURE
SYN_TOKEN_0246	matched	1	1	1	SYNTHETIC_TEACHING_FIXTURE
SYN_TOKEN_0247	matched	1	1	1	SYNTHETIC_TEACHING_FIXTURE
SYN_TOKEN_0248	matched	1	1	1	SYNTHETIC_TEACHING_FIXTURE
SYN_TOKEN_0249	matched	1	1	1	SYNTHETIC_TEACHING_FIXTURE
SYN_TOKEN_0250	matched	1	1	1	SYNTHETIC_TEACHING_FIXTURE
SYN_TOKEN_0251	matched	1	1	1	SYNTHETIC_TEACHING_FIXTURE
SYN_TOKEN_0252	matched	1	1	1	SYNTHETIC_TEACHING_FIXTURE
SYN_TOKEN_0253	matched	1	1	0	SYNTHETIC_TEACHING_FIXTURE
SYN_TOKEN_0254	matched	1	1	1	SYNTHETIC_TEACHING_FIXTURE
SYN_TOKEN_0255	matched	1	2	1	SYNTHETIC_TEACHING_FIXTURE
SYN_TOKEN_0256	matched	1	1	1	SYNTHETIC_TEACHING_FIXTURE
SYN_TOKEN_0257	matched	1	1	0	SYNTHETIC_TEACHING_FIXTURE
SYN_TOKEN_0258	matched	1	1	1	SYNTHETIC_TEACHING_FIXTURE
SYN_TOKEN_0259	unmatched	0	1	0	SYNTHETIC_TEACHING_FIXTURE
SYN_TOKEN_0260	matched	1	1	1	SYNTHETIC_TEACHING_FIXTURE
SYN_TOKEN_0261	ambiguous	2	1	0	SYNTHETIC_TEACHING_FIXTURE
SYN_TOKEN_0262	matched	1	1	1	SYNTHETIC_TEACHING_FIXTURE
SYN_TOKEN_0263	matched	1	1	1	SYNTHETIC_TEACHING_FIXTURE
SYN_TOKEN_0264	matched	1	1	1	SYNTHETIC_TEACHING_FIXTURE
SYN_TOKEN_0265	matched	1	1	1	SYNTHETIC_TEACHING_FIXTURE
SYN_TOKEN_0266	matched	1	1	1	SYNTHETIC_TEACHING_FIXTURE
SYN_TOKEN_0267	matched	1	1	1	SYNTHETIC_TEACHING_FIXTURE
SYN_TOKEN_0268	matched	1	1	1	SYNTHETIC_TEACHING_FIXTURE
SYN_TOKEN_0269	matched	1	1	1	SYNTHETIC_TEACHING_FIXTURE
SYN_TOKEN_0270	matched	1	2	1	SYNTHETIC_TEACHING_FIXTURE
SYN_TOKEN_0271	matched	1	1	1	SYNTHETIC_TEACHING_FIXTURE
SYN_TOKEN_0272	matched	1	1	1	SYNTHETIC_TEACHING_FIXTURE
SYN_TOKEN_0273	matched	1	1	0	SYNTHETIC_TEACHING_FIXTURE
SYN_TOKEN_0274	matched	1	1	1	SYNTHETIC_TEACHING_FIXTURE
SYN_TOKEN_0275	matched	1	1	1	SYNTHETIC_TEACHING_FIXTURE
SYN_TOKEN_0276	matched	1	1	1	SYNTHETIC_TEACHING_FIXTURE
SYN_TOKEN_0277	matched	1	1	0	SYNTHETIC_TEACHING_FIXTURE
SYN_TOKEN_0278	matched	1	1	1	SYNTHETIC_TEACHING_FIXTURE
SYN_TOKEN_0279	matched	1	1	0	SYNTHETIC_TEACHING_FIXTURE
SYN_TOKEN_0280	matched	1	1	1	SYNTHETIC_TEACHING_FIXTURE
SYN_TOKEN_0281	matched	1	1	1	SYNTHETIC_TEACHING_FIXTURE
SYN_TOKEN_0282	matched	1	1	1	SYNTHETIC_TEACHING_FIXTURE
SYN_TOKEN_0283	matched	1	1	1	SYNTHETIC_TEACHING_FIXTURE
SYN_TOKEN_0284	matched	1	1	1	SYNTHETIC_TEACHING_FIXTURE
SYN_TOKEN_0285	matched	1	2	1	SYNTHETIC_TEACHING_FIXTURE
SYN_TOKEN_0286	matched	1	1	1	SYNTHETIC_TEACHING_FIXTURE
SYN_TOKEN_0287	matched	1	1	1	SYNTHETIC_TEACHING_FIXTURE
SYN_TOKEN_0288	matched	1	1	1	SYNTHETIC_TEACHING_FIXTURE
SYN_TOKEN_0289	matched	1	1	1	SYNTHETIC_TEACHING_FIXTURE
SYN_TOKEN_0290	ambiguous	2	1	0	SYNTHETIC_TEACHING_FIXTURE
SYN_TOKEN_0291	matched	1	1	1	SYNTHETIC_TEACHING_FIXTURE
SYN_TOKEN_0292	matched	1	1	1	SYNTHETIC_TEACHING_FIXTURE
SYN_TOKEN_0293	matched	1	1	0	SYNTHETIC_TEACHING_FIXTURE
SYN_TOKEN_0294	matched	1	1	1	SYNTHETIC_TEACHING_FIXTURE
SYN_TOKEN_0295	matched	1	1	1	SYNTHETIC_TEACHING_FIXTURE
SYN_TOKEN_0296	unmatched	0	1	0	SYNTHETIC_TEACHING_FIXTURE
SYN_TOKEN_0297	matched	1	1	0	SYNTHETIC_TEACHING_FIXTURE
SYN_TOKEN_0298	matched	1	1	1	SYNTHETIC_TEACHING_FIXTURE
SYN_TOKEN_0299	matched	1	1	0	SYNTHETIC_TEACHING_FIXTURE
SYN_TOKEN_0300	matched	1	2	1	SYNTHETIC_TEACHING_FIXTURE
SYN_TOKEN_0301	matched	1	1	1	SYNTHETIC_TEACHING_FIXTURE
SYN_TOKEN_0302	matched	1	1	1	SYNTHETIC_TEACHING_FIXTURE
SYN_TOKEN_0303	matched	1	1	1	SYNTHETIC_TEACHING_FIXTURE
SYN_TOKEN_0304	matched	1	1	1	SYNTHETIC_TEACHING_FIXTURE
SYN_TOKEN_0305	matched	1	1	1	SYNTHETIC_TEACHING_FIXTURE
SYN_TOKEN_0306	matched	1	1	1	SYNTHETIC_TEACHING_FIXTURE
SYN_TOKEN_0307	matched	1	1	1	SYNTHETIC_TEACHING_FIXTURE
SYN_TOKEN_0308	matched	1	1	1	SYNTHETIC_TEACHING_FIXTURE
SYN_TOKEN_0309	matched	1	1	1	SYNTHETIC_TEACHING_FIXTURE
SYN_TOKEN_0310	matched	1	1	1	SYNTHETIC_TEACHING_FIXTURE
SYN_TOKEN_0311	matched	1	1	1	SYNTHETIC_TEACHING_FIXTURE
SYN_TOKEN_0312	matched	1	1	1	SYNTHETIC_TEACHING_FIXTURE
SYN_TOKEN_0313	matched	1	1	0	SYNTHETIC_TEACHING_FIXTURE
SYN_TOKEN_0314	matched	1	1	1	SYNTHETIC_TEACHING_FIXTURE
SYN_TOKEN_0315	matched	1	2	1	SYNTHETIC_TEACHING_FIXTURE
SYN_TOKEN_0316	matched	1	1	1	SYNTHETIC_TEACHING_FIXTURE
SYN_TOKEN_0317	matched	1	1	0	SYNTHETIC_TEACHING_FIXTURE
SYN_TOKEN_0318	matched	1	1	1	SYNTHETIC_TEACHING_FIXTURE
SYN_TOKEN_0319	ambiguous	2	1	0	SYNTHETIC_TEACHING_FIXTURE
SYN_TOKEN_0320	matched	1	1	1	SYNTHETIC_TEACHING_FIXTURE
SYN_TOKEN_0321	matched	1	1	1	SYNTHETIC_TEACHING_FIXTURE
SYN_TOKEN_0322	matched	1	1	1	SYNTHETIC_TEACHING_FIXTURE
SYN_TOKEN_0323	matched	1	1	1	SYNTHETIC_TEACHING_FIXTURE
SYN_TOKEN_0324	matched	1	1	1	SYNTHETIC_TEACHING_FIXTURE
SYN_TOKEN_0325	matched	1	1	1	SYNTHETIC_TEACHING_FIXTURE
SYN_TOKEN_0326	matched	1	1	1	SYNTHETIC_TEACHING_FIXTURE
SYN_TOKEN_0327	matched	1	1	1	SYNTHETIC_TEACHING_FIXTURE
SYN_TOKEN_0328	matched	1	1	1	SYNTHETIC_TEACHING_FIXTURE
SYN_TOKEN_0329	matched	1	1	1	SYNTHETIC_TEACHING_FIXTURE
SYN_TOKEN_0330	matched	1	2	1	SYNTHETIC_TEACHING_FIXTURE
SYN_TOKEN_0331	matched	1	1	1	SYNTHETIC_TEACHING_FIXTURE
SYN_TOKEN_0332	matched	1	1	1	SYNTHETIC_TEACHING_FIXTURE
SYN_TOKEN_0333	unmatched	0	1	0	SYNTHETIC_TEACHING_FIXTURE
SYN_TOKEN_0334	matched	1	1	1	SYNTHETIC_TEACHING_FIXTURE
SYN_TOKEN_0335	matched	1	1	1	SYNTHETIC_TEACHING_FIXTURE
SYN_TOKEN_0336	matched	1	1	1	SYNTHETIC_TEACHING_FIXTURE
SYN_TOKEN_0337	matched	1	1	0	SYNTHETIC_TEACHING_FIXTURE
SYN_TOKEN_0338	matched	1	1	1	SYNTHETIC_TEACHING_FIXTURE
SYN_TOKEN_0339	matched	1	1	0	SYNTHETIC_TEACHING_FIXTURE
SYN_TOKEN_0340	matched	1	1	1	SYNTHETIC_TEACHING_FIXTURE
SYN_TOKEN_0341	matched	1	1	1	SYNTHETIC_TEACHING_FIXTURE
SYN_TOKEN_0342	matched	1	1	1	SYNTHETIC_TEACHING_FIXTURE
SYN_TOKEN_0343	matched	1	1	1	SYNTHETIC_TEACHING_FIXTURE
SYN_TOKEN_0344	matched	1	1	1	SYNTHETIC_TEACHING_FIXTURE
SYN_TOKEN_0345	matched	1	2	1	SYNTHETIC_TEACHING_FIXTURE
SYN_TOKEN_0346	matched	1	1	1	SYNTHETIC_TEACHING_FIXTURE
SYN_TOKEN_0347	matched	1	1	1	SYNTHETIC_TEACHING_FIXTURE
SYN_TOKEN_0348	ambiguous	2	1	0	SYNTHETIC_TEACHING_FIXTURE
SYN_TOKEN_0349	matched	1	1	1	SYNTHETIC_TEACHING_FIXTURE
SYN_TOKEN_0350	matched	1	1	1	SYNTHETIC_TEACHING_FIXTURE
SYN_TOKEN_0351	matched	1	1	1	SYNTHETIC_TEACHING_FIXTURE
SYN_TOKEN_0352	matched	1	1	1	SYNTHETIC_TEACHING_FIXTURE
SYN_TOKEN_0353	matched	1	1	0	SYNTHETIC_TEACHING_FIXTURE
SYN_TOKEN_0354	matched	1	1	1	SYNTHETIC_TEACHING_FIXTURE
SYN_TOKEN_0355	matched	1	1	1	SYNTHETIC_TEACHING_FIXTURE
SYN_TOKEN_0356	matched	1	1	1	SYNTHETIC_TEACHING_FIXTURE
SYN_TOKEN_0357	matched	1	1	0	SYNTHETIC_TEACHING_FIXTURE
SYN_TOKEN_0358	matched	1	1	1	SYNTHETIC_TEACHING_FIXTURE
SYN_TOKEN_0359	matched	1	1	0	SYNTHETIC_TEACHING_FIXTURE
SYN_TOKEN_0360	matched	1	2	1	SYNTHETIC_TEACHING_FIXTURE
SYN_TOKEN_0361	matched	1	1	1	SYNTHETIC_TEACHING_FIXTURE
SYN_TOKEN_0362	matched	1	1	1	SYNTHETIC_TEACHING_FIXTURE
SYN_TOKEN_0363	matched	1	1	1	SYNTHETIC_TEACHING_FIXTURE
SYN_TOKEN_0364	matched	1	1	1	SYNTHETIC_TEACHING_FIXTURE
SYN_TOKEN_0365	matched	1	1	0	SYNTHETIC_TEACHING_FIXTURE
SYN_TOKEN_0366	matched	1	1	1	SYNTHETIC_TEACHING_FIXTURE
SYN_TOKEN_0367	matched	1	1	1	SYNTHETIC_TEACHING_FIXTURE
SYN_TOKEN_0368	matched	1	1	1	SYNTHETIC_TEACHING_FIXTURE
SYN_TOKEN_0369	matched	1	1	1	SYNTHETIC_TEACHING_FIXTURE
SYN_TOKEN_0370	unmatched	0	1	0	SYNTHETIC_TEACHING_FIXTURE
SYN_TOKEN_0371	matched	1	1	1	SYNTHETIC_TEACHING_FIXTURE
SYN_TOKEN_0372	matched	1	1	1	SYNTHETIC_TEACHING_FIXTURE
SYN_TOKEN_0373	matched	1	1	0	SYNTHETIC_TEACHING_FIXTURE
SYN_TOKEN_0374	matched	1	1	1	SYNTHETIC_TEACHING_FIXTURE
SYN_TOKEN_0375	matched	1	2	0	SYNTHETIC_TEACHING_FIXTURE
SYN_TOKEN_0376	matched	1	1	1	SYNTHETIC_TEACHING_FIXTURE
SYN_TOKEN_0377	ambiguous	2	1	0	SYNTHETIC_TEACHING_FIXTURE
SYN_TOKEN_0378	matched	1	1	1	SYNTHETIC_TEACHING_FIXTURE
SYN_TOKEN_0379	matched	1	1	0	SYNTHETIC_TEACHING_FIXTURE
SYN_TOKEN_0380	matched	1	1	0	SYNTHETIC_TEACHING_FIXTURE
SYN_TOKEN_0381	matched	1	1	1	SYNTHETIC_TEACHING_FIXTURE
SYN_TOKEN_0382	matched	1	1	1	SYNTHETIC_TEACHING_FIXTURE
SYN_TOKEN_0383	matched	1	1	1	SYNTHETIC_TEACHING_FIXTURE
SYN_TOKEN_0384	matched	1	1	1	SYNTHETIC_TEACHING_FIXTURE
SYN_TOKEN_0385	matched	1	1	1	SYNTHETIC_TEACHING_FIXTURE
SYN_TOKEN_0386	matched	1	1	0	SYNTHETIC_TEACHING_FIXTURE
SYN_TOKEN_0387	matched	1	1	1	SYNTHETIC_TEACHING_FIXTURE
SYN_TOKEN_0388	matched	1	1	1	SYNTHETIC_TEACHING_FIXTURE
SYN_TOKEN_0389	matched	1	1	1	SYNTHETIC_TEACHING_FIXTURE
SYN_TOKEN_0390	matched	1	2	1	SYNTHETIC_TEACHING_FIXTURE
SYN_TOKEN_0391	matched	1	1	1	SYNTHETIC_TEACHING_FIXTURE
SYN_TOKEN_0392	matched	1	1	0	SYNTHETIC_TEACHING_FIXTURE
SYN_TOKEN_0393	matched	1	1	0	SYNTHETIC_TEACHING_FIXTURE
SYN_TOKEN_0394	matched	1	1	1	SYNTHETIC_TEACHING_FIXTURE
SYN_TOKEN_0395	matched	1	1	1	SYNTHETIC_TEACHING_FIXTURE
SYN_TOKEN_0396	matched	1	1	1	SYNTHETIC_TEACHING_FIXTURE
SYN_TOKEN_0397	matched	1	1	0	SYNTHETIC_TEACHING_FIXTURE
SYN_TOKEN_0398	matched	1	1	0	SYNTHETIC_TEACHING_FIXTURE
SYN_TOKEN_0399	matched	1	1	0	SYNTHETIC_TEACHING_FIXTURE
SYN_TOKEN_0400	matched	1	1	1	SYNTHETIC_TEACHING_FIXTURE
SYN_TOKEN_0401	matched	1	1	1	SYNTHETIC_TEACHING_FIXTURE
SYN_TOKEN_0402	matched	1	1	1	SYNTHETIC_TEACHING_FIXTURE
SYN_TOKEN_0403	matched	1	1	1	SYNTHETIC_TEACHING_FIXTURE
SYN_TOKEN_0404	matched	1	1	1	SYNTHETIC_TEACHING_FIXTURE
SYN_TOKEN_0405	matched	1	2	0	SYNTHETIC_TEACHING_FIXTURE
SYN_TOKEN_0406	ambiguous	2	1	0	SYNTHETIC_TEACHING_FIXTURE
SYN_TOKEN_0407	unmatched	0	1	0	SYNTHETIC_TEACHING_FIXTURE
SYN_TOKEN_0408	matched	1	1	1	SYNTHETIC_TEACHING_FIXTURE
SYN_TOKEN_0409	matched	1	1	1	SYNTHETIC_TEACHING_FIXTURE
SYN_TOKEN_0410	matched	1	1	0	SYNTHETIC_TEACHING_FIXTURE
SYN_TOKEN_0411	matched	1	1	1	SYNTHETIC_TEACHING_FIXTURE
SYN_TOKEN_0412	matched	1	1	1	SYNTHETIC_TEACHING_FIXTURE
SYN_TOKEN_0413	matched	1	1	0	SYNTHETIC_TEACHING_FIXTURE
SYN_TOKEN_0414	matched	1	1	1	SYNTHETIC_TEACHING_FIXTURE
SYN_TOKEN_0415	matched	1	1	0	SYNTHETIC_TEACHING_FIXTURE
SYN_TOKEN_0416	matched	1	1	1	SYNTHETIC_TEACHING_FIXTURE
SYN_TOKEN_0417	matched	1	1	0	SYNTHETIC_TEACHING_FIXTURE
SYN_TOKEN_0418	matched	1	1	1	SYNTHETIC_TEACHING_FIXTURE
SYN_TOKEN_0419	matched	1	1	0	SYNTHETIC_TEACHING_FIXTURE
SYN_TOKEN_0420	matched	1	2	0	SYNTHETIC_TEACHING_FIXTURE
SYN_TOKEN_0421	matched	1	1	1	SYNTHETIC_TEACHING_FIXTURE
SYN_TOKEN_0422	matched	1	1	1	SYNTHETIC_TEACHING_FIXTURE
SYN_TOKEN_0423	matched	1	1	1	SYNTHETIC_TEACHING_FIXTURE
SYN_TOKEN_0424	matched	1	1	0	SYNTHETIC_TEACHING_FIXTURE
SYN_TOKEN_0425	matched	1	1	1	SYNTHETIC_TEACHING_FIXTURE
SYN_TOKEN_0426	matched	1	1	1	SYNTHETIC_TEACHING_FIXTURE
SYN_TOKEN_0427	matched	1	1	1	SYNTHETIC_TEACHING_FIXTURE
SYN_TOKEN_0428	matched	1	1	0	SYNTHETIC_TEACHING_FIXTURE
SYN_TOKEN_0429	matched	1	1	1	SYNTHETIC_TEACHING_FIXTURE
SYN_TOKEN_0430	matched	1	1	1	SYNTHETIC_TEACHING_FIXTURE
SYN_TOKEN_0431	matched	1	1	1	SYNTHETIC_TEACHING_FIXTURE
SYN_TOKEN_0432	matched	1	1	0	SYNTHETIC_TEACHING_FIXTURE
SYN_TOKEN_0433	matched	1	1	0	SYNTHETIC_TEACHING_FIXTURE
SYN_TOKEN_0434	matched	1	1	1	SYNTHETIC_TEACHING_FIXTURE
SYN_TOKEN_0435	ambiguous	2	2	0	SYNTHETIC_TEACHING_FIXTURE
SYN_TOKEN_0436	matched	1	1	0	SYNTHETIC_TEACHING_FIXTURE
SYN_TOKEN_0437	matched	1	1	0	SYNTHETIC_TEACHING_FIXTURE
SYN_TOKEN_0438	matched	1	1	1	SYNTHETIC_TEACHING_FIXTURE
SYN_TOKEN_0439	matched	1	1	0	SYNTHETIC_TEACHING_FIXTURE
SYN_TOKEN_0440	matched	1	1	0	SYNTHETIC_TEACHING_FIXTURE
SYN_TOKEN_0441	matched	1	1	1	SYNTHETIC_TEACHING_FIXTURE
SYN_TOKEN_0442	matched	1	1	1	SYNTHETIC_TEACHING_FIXTURE
SYN_TOKEN_0443	matched	1	1	1	SYNTHETIC_TEACHING_FIXTURE
SYN_TOKEN_0444	unmatched	0	1	0	SYNTHETIC_TEACHING_FIXTURE
SYN_TOKEN_0445	matched	1	1	0	SYNTHETIC_TEACHING_FIXTURE
SYN_TOKEN_0446	matched	1	1	1	SYNTHETIC_TEACHING_FIXTURE
SYN_TOKEN_0447	matched	1	1	1	SYNTHETIC_TEACHING_FIXTURE
SYN_TOKEN_0448	matched	1	1	1	SYNTHETIC_TEACHING_FIXTURE
SYN_TOKEN_0449	matched	1	1	1	SYNTHETIC_TEACHING_FIXTURE
SYN_TOKEN_0450	matched	1	2	0	SYNTHETIC_TEACHING_FIXTURE
SYN_TOKEN_0451	matched	1	1	1	SYNTHETIC_TEACHING_FIXTURE
SYN_TOKEN_0452	matched	1	1	1	SYNTHETIC_TEACHING_FIXTURE
SYN_TOKEN_0453	matched	1	1	0	SYNTHETIC_TEACHING_FIXTURE
SYN_TOKEN_0454	matched	1	1	1	SYNTHETIC_TEACHING_FIXTURE
SYN_TOKEN_0455	matched	1	1	0	SYNTHETIC_TEACHING_FIXTURE
SYN_TOKEN_0456	matched	1	1	1	SYNTHETIC_TEACHING_FIXTURE
SYN_TOKEN_0457	matched	1	1	0	SYNTHETIC_TEACHING_FIXTURE
SYN_TOKEN_0458	matched	1	1	1	SYNTHETIC_TEACHING_FIXTURE
SYN_TOKEN_0459	matched	1	1	0	SYNTHETIC_TEACHING_FIXTURE
SYN_TOKEN_0460	matched	1	1	0	SYNTHETIC_TEACHING_FIXTURE
SYN_TOKEN_0461	matched	1	1	1	SYNTHETIC_TEACHING_FIXTURE
SYN_TOKEN_0462	matched	1	1	1	SYNTHETIC_TEACHING_FIXTURE
SYN_TOKEN_0463	matched	1	1	1	SYNTHETIC_TEACHING_FIXTURE
SYN_TOKEN_0464	ambiguous	2	1	0	SYNTHETIC_TEACHING_FIXTURE
SYN_TOKEN_0465	matched	1	2	1	SYNTHETIC_TEACHING_FIXTURE
SYN_TOKEN_0466	matched	1	1	1	SYNTHETIC_TEACHING_FIXTURE
SYN_TOKEN_0467	matched	1	1	1	SYNTHETIC_TEACHING_FIXTURE
SYN_TOKEN_0468	matched	1	1	1	SYNTHETIC_TEACHING_FIXTURE
SYN_TOKEN_0469	matched	1	1	1	SYNTHETIC_TEACHING_FIXTURE
SYN_TOKEN_0470	matched	1	1	1	SYNTHETIC_TEACHING_FIXTURE
SYN_TOKEN_0471	matched	1	1	1	SYNTHETIC_TEACHING_FIXTURE
SYN_TOKEN_0472	matched	1	1	1	SYNTHETIC_TEACHING_FIXTURE
SYN_TOKEN_0473	matched	1	1	0	SYNTHETIC_TEACHING_FIXTURE
SYN_TOKEN_0474	matched	1	1	1	SYNTHETIC_TEACHING_FIXTURE
SYN_TOKEN_0475	matched	1	1	1	SYNTHETIC_TEACHING_FIXTURE
SYN_TOKEN_0476	matched	1	1	1	SYNTHETIC_TEACHING_FIXTURE
SYN_TOKEN_0477	matched	1	1	0	SYNTHETIC_TEACHING_FIXTURE
SYN_TOKEN_0478	matched	1	1	1	SYNTHETIC_TEACHING_FIXTURE
SYN_TOKEN_0479	matched	1	1	0	SYNTHETIC_TEACHING_FIXTURE
SYN_TOKEN_0480	matched	1	2	1	SYNTHETIC_TEACHING_FIXTURE
SYN_TOKEN_0481	unmatched	0	1	0	SYNTHETIC_TEACHING_FIXTURE
SYN_TOKEN_0482	matched	1	1	1	SYNTHETIC_TEACHING_FIXTURE
SYN_TOKEN_0483	matched	1	1	1	SYNTHETIC_TEACHING_FIXTURE
SYN_TOKEN_0484	matched	1	1	1	SYNTHETIC_TEACHING_FIXTURE
SYN_TOKEN_0485	matched	1	1	0	SYNTHETIC_TEACHING_FIXTURE
SYN_TOKEN_0486	matched	1	1	1	SYNTHETIC_TEACHING_FIXTURE
SYN_TOKEN_0487	matched	1	1	1	SYNTHETIC_TEACHING_FIXTURE
SYN_TOKEN_0488	matched	1	1	1	SYNTHETIC_TEACHING_FIXTURE
SYN_TOKEN_0489	matched	1	1	1	SYNTHETIC_TEACHING_FIXTURE
SYN_TOKEN_0490	matched	1	1	0	SYNTHETIC_TEACHING_FIXTURE
SYN_TOKEN_0491	matched	1	1	1	SYNTHETIC_TEACHING_FIXTURE
SYN_TOKEN_0492	matched	1	1	1	SYNTHETIC_TEACHING_FIXTURE
SYN_TOKEN_0493	ambiguous	2	1	0	SYNTHETIC_TEACHING_FIXTURE
SYN_TOKEN_0494	matched	1	1	1	SYNTHETIC_TEACHING_FIXTURE
SYN_TOKEN_0495	matched	1	2	0	SYNTHETIC_TEACHING_FIXTURE
SYN_TOKEN_0496	matched	1	1	1	SYNTHETIC_TEACHING_FIXTURE
SYN_TOKEN_0497	matched	1	1	0	SYNTHETIC_TEACHING_FIXTURE
SYN_TOKEN_0498	matched	1	1	1	SYNTHETIC_TEACHING_FIXTURE
SYN_TOKEN_0499	matched	1	1	0	SYNTHETIC_TEACHING_FIXTURE
SYN_TOKEN_0500	matched	1	1	0	SYNTHETIC_TEACHING_FIXTURE
SYN_TOKEN_0501	matched	1	1	1	SYNTHETIC_TEACHING_FIXTURE
SYN_TOKEN_0502	matched	1	1	1	SYNTHETIC_TEACHING_FIXTURE
SYN_TOKEN_0503	matched	1	1	1	SYNTHETIC_TEACHING_FIXTURE
SYN_TOKEN_0504	matched	1	1	1	SYNTHETIC_TEACHING_FIXTURE
SYN_TOKEN_0505	matched	1	1	1	SYNTHETIC_TEACHING_FIXTURE
SYN_TOKEN_0506	matched	1	1	1	SYNTHETIC_TEACHING_FIXTURE
SYN_TOKEN_0507	matched	1	1	1	SYNTHETIC_TEACHING_FIXTURE
SYN_TOKEN_0508	matched	1	1	1	SYNTHETIC_TEACHING_FIXTURE
SYN_TOKEN_0509	matched	1	1	1	SYNTHETIC_TEACHING_FIXTURE
SYN_TOKEN_0510	matched	1	2	1	SYNTHETIC_TEACHING_FIXTURE
SYN_TOKEN_0511	matched	1	1	1	SYNTHETIC_TEACHING_FIXTURE
SYN_TOKEN_0512	matched	1	1	1	SYNTHETIC_TEACHING_FIXTURE
SYN_TOKEN_0513	matched	1	1	0	SYNTHETIC_TEACHING_FIXTURE
SYN_TOKEN_0514	matched	1	1	1	SYNTHETIC_TEACHING_FIXTURE
SYN_TOKEN_0515	matched	1	1	1	SYNTHETIC_TEACHING_FIXTURE
SYN_TOKEN_0516	matched	1	1	1	SYNTHETIC_TEACHING_FIXTURE
SYN_TOKEN_0517	matched	1	1	0	SYNTHETIC_TEACHING_FIXTURE
SYN_TOKEN_0518	unmatched	0	1	0	SYNTHETIC_TEACHING_FIXTURE
SYN_TOKEN_0519	matched	1	1	0	SYNTHETIC_TEACHING_FIXTURE
SYN_TOKEN_0520	matched	1	1	1	SYNTHETIC_TEACHING_FIXTURE
SYN_TOKEN_0521	matched	1	1	1	SYNTHETIC_TEACHING_FIXTURE
SYN_TOKEN_0522	ambiguous	2	1	0	SYNTHETIC_TEACHING_FIXTURE
SYN_TOKEN_0523	matched	1	1	1	SYNTHETIC_TEACHING_FIXTURE
SYN_TOKEN_0524	matched	1	1	1	SYNTHETIC_TEACHING_FIXTURE
SYN_TOKEN_0525	matched	1	2	0	SYNTHETIC_TEACHING_FIXTURE
SYN_TOKEN_0526	matched	1	1	1	SYNTHETIC_TEACHING_FIXTURE
SYN_TOKEN_0527	matched	1	1	1	SYNTHETIC_TEACHING_FIXTURE
SYN_TOKEN_0528	matched	1	1	1	SYNTHETIC_TEACHING_FIXTURE
SYN_TOKEN_0529	matched	1	1	1	SYNTHETIC_TEACHING_FIXTURE
SYN_TOKEN_0530	matched	1	1	0	SYNTHETIC_TEACHING_FIXTURE
SYN_TOKEN_0531	matched	1	1	1	SYNTHETIC_TEACHING_FIXTURE
SYN_TOKEN_0532	matched	1	1	1	SYNTHETIC_TEACHING_FIXTURE
SYN_TOKEN_0533	matched	1	1	0	SYNTHETIC_TEACHING_FIXTURE
SYN_TOKEN_0534	matched	1	1	1	SYNTHETIC_TEACHING_FIXTURE
SYN_TOKEN_0535	matched	1	1	0	SYNTHETIC_TEACHING_FIXTURE
SYN_TOKEN_0536	matched	1	1	1	SYNTHETIC_TEACHING_FIXTURE
SYN_TOKEN_0537	matched	1	1	0	SYNTHETIC_TEACHING_FIXTURE
SYN_TOKEN_0538	matched	1	1	1	SYNTHETIC_TEACHING_FIXTURE
SYN_TOKEN_0539	matched	1	1	0	SYNTHETIC_TEACHING_FIXTURE
SYN_TOKEN_0540	matched	1	2	0	SYNTHETIC_TEACHING_FIXTURE
SYN_TOKEN_0541	matched	1	1	1	SYNTHETIC_TEACHING_FIXTURE
SYN_TOKEN_0542	matched	1	1	1	SYNTHETIC_TEACHING_FIXTURE
SYN_TOKEN_0543	matched	1	1	1	SYNTHETIC_TEACHING_FIXTURE
SYN_TOKEN_0544	matched	1	1	1	SYNTHETIC_TEACHING_FIXTURE
SYN_TOKEN_0545	matched	1	1	1	SYNTHETIC_TEACHING_FIXTURE
SYN_TOKEN_0546	matched	1	1	1	SYNTHETIC_TEACHING_FIXTURE
SYN_TOKEN_0547	matched	1	1	1	SYNTHETIC_TEACHING_FIXTURE
SYN_TOKEN_0548	matched	1	1	1	SYNTHETIC_TEACHING_FIXTURE
SYN_TOKEN_0549	matched	1	1	1	SYNTHETIC_TEACHING_FIXTURE
SYN_TOKEN_0550	matched	1	1	1	SYNTHETIC_TEACHING_FIXTURE
SYN_TOKEN_0551	ambiguous	2	1	0	SYNTHETIC_TEACHING_FIXTURE
SYN_TOKEN_0552	matched	1	1	1	SYNTHETIC_TEACHING_FIXTURE
SYN_TOKEN_0553	matched	1	1	0	SYNTHETIC_TEACHING_FIXTURE
SYN_TOKEN_0554	matched	1	1	1	SYNTHETIC_TEACHING_FIXTURE
SYN_TOKEN_0555	unmatched	0	2	0	SYNTHETIC_TEACHING_FIXTURE
SYN_TOKEN_0556	matched	1	1	1	SYNTHETIC_TEACHING_FIXTURE
SYN_TOKEN_0557	matched	1	1	0	SYNTHETIC_TEACHING_FIXTURE
SYN_TOKEN_0558	matched	1	1	1	SYNTHETIC_TEACHING_FIXTURE
SYN_TOKEN_0559	matched	1	1	0	SYNTHETIC_TEACHING_FIXTURE
SYN_TOKEN_0560	matched	1	1	1	SYNTHETIC_TEACHING_FIXTURE
SYN_TOKEN_0561	matched	1	1	1	SYNTHETIC_TEACHING_FIXTURE
SYN_TOKEN_0562	matched	1	1	1	SYNTHETIC_TEACHING_FIXTURE
SYN_TOKEN_0563	matched	1	1	1	SYNTHETIC_TEACHING_FIXTURE
SYN_TOKEN_0564	matched	1	1	1	SYNTHETIC_TEACHING_FIXTURE
SYN_TOKEN_0565	matched	1	1	0	SYNTHETIC_TEACHING_FIXTURE
SYN_TOKEN_0566	matched	1	1	1	SYNTHETIC_TEACHING_FIXTURE
SYN_TOKEN_0567	matched	1	1	1	SYNTHETIC_TEACHING_FIXTURE
SYN_TOKEN_0568	matched	1	1	1	SYNTHETIC_TEACHING_FIXTURE
SYN_TOKEN_0569	matched	1	1	1	SYNTHETIC_TEACHING_FIXTURE
SYN_TOKEN_0570	matched	1	2	0	SYNTHETIC_TEACHING_FIXTURE
SYN_TOKEN_0571	matched	1	1	1	SYNTHETIC_TEACHING_FIXTURE
SYN_TOKEN_0572	matched	1	1	1	SYNTHETIC_TEACHING_FIXTURE
SYN_TOKEN_0573	matched	1	1	0	SYNTHETIC_TEACHING_FIXTURE
SYN_TOKEN_0574	matched	1	1	1	SYNTHETIC_TEACHING_FIXTURE
SYN_TOKEN_0575	matched	1	1	0	SYNTHETIC_TEACHING_FIXTURE
SYN_TOKEN_0576	matched	1	1	1	SYNTHETIC_TEACHING_FIXTURE
SYN_TOKEN_0577	matched	1	1	0	SYNTHETIC_TEACHING_FIXTURE
SYN_TOKEN_0578	matched	1	1	1	SYNTHETIC_TEACHING_FIXTURE
SYN_TOKEN_0579	matched	1	1	0	SYNTHETIC_TEACHING_FIXTURE
SYN_TOKEN_0580	ambiguous	2	1	0	SYNTHETIC_TEACHING_FIXTURE
SYN_TOKEN_0581	matched	1	1	1	SYNTHETIC_TEACHING_FIXTURE
SYN_TOKEN_0582	matched	1	1	1	SYNTHETIC_TEACHING_FIXTURE
SYN_TOKEN_0583	matched	1	1	1	SYNTHETIC_TEACHING_FIXTURE
SYN_TOKEN_0584	matched	1	1	1	SYNTHETIC_TEACHING_FIXTURE
SYN_TOKEN_0585	matched	1	2	1	SYNTHETIC_TEACHING_FIXTURE
SYN_TOKEN_0586	matched	1	1	0	SYNTHETIC_TEACHING_FIXTURE
SYN_TOKEN_0587	matched	1	1	1	SYNTHETIC_TEACHING_FIXTURE
SYN_TOKEN_0588	matched	1	1	1	SYNTHETIC_TEACHING_FIXTURE
SYN_TOKEN_0589	matched	1	1	1	SYNTHETIC_TEACHING_FIXTURE
SYN_TOKEN_0590	matched	1	1	1	SYNTHETIC_TEACHING_FIXTURE
SYN_TOKEN_0591	matched	1	1	1	SYNTHETIC_TEACHING_FIXTURE
SYN_TOKEN_0592	unmatched	0	1	0	SYNTHETIC_TEACHING_FIXTURE
SYN_TOKEN_0593	matched	1	1	0	SYNTHETIC_TEACHING_FIXTURE
SYN_TOKEN_0594	matched	1	1	1	SYNTHETIC_TEACHING_FIXTURE
SYN_TOKEN_0595	matched	1	1	1	SYNTHETIC_TEACHING_FIXTURE
SYN_TOKEN_0596	matched	1	1	1	SYNTHETIC_TEACHING_FIXTURE
SYN_TOKEN_0597	matched	1	1	0	SYNTHETIC_TEACHING_FIXTURE
SYN_TOKEN_0598	matched	1	1	0	SYNTHETIC_TEACHING_FIXTURE
SYN_TOKEN_0599	matched	1	1	0	SYNTHETIC_TEACHING_FIXTURE
SYN_TOKEN_0600	matched	1	2	1	SYNTHETIC_TEACHING_FIXTURE
