speaker_id	sample_group	sentence_set	segmentation_profile	units	percent_v	varco_v	npvi_v	data_status
SYN_PROS_SPK_01	SYN_GROUP_A	SET_1	alternative	10	53.1112170448096	20.999742127942	32.5348820131158	SYNTHETIC_TEACHING_FIXTURE
SYN_PROS_SPK_02	SYN_GROUP_A	SET_1	alternative	10	48.3107228101646	20.5191568966116	24.7919102926901	SYNTHETIC_TEACHING_FIXTURE
SYN_PROS_SPK_03	SYN_GROUP_A	SET_1	alternative	10	50.5518946125997	12.1729930902253	15.0526573825847	SYNTHETIC_TEACHING_FIXTURE
SYN_PROS_SPK_04	SYN_GROUP_A	SET_1	alternative	10	46.9077389596389	26.1476830922668	39.4803585963243	SYNTHETIC_TEACHING_FIXTURE
SYN_PROS_SPK_05	SYN_GROUP_A	SET_1	alternative	10	45.7118551395506	25.6042727697298	24.6948341835981	SYNTHETIC_TEACHING_FIXTURE
SYN_PROS_SPK_06	SYN_GROUP_A	SET_1	alternative	10	48.2860427071804	21.4453500757773	27.3748098572949	SYNTHETIC_TEACHING_FIXTURE
SYN_PROS_SPK_07	SYN_GROUP_B	SET_1	alternative	10	45.0363434624993	25.6027688871111	23.0739156837772	SYNTHETIC_TEACHING_FIXTURE
SYN_PROS_SPK_08	SYN_GROUP_B	SET_1	alternative	10	45.4935057449256	15.70217743157	17.6497662346298	SYNTHETIC_TEACHING_FIXTURE
SYN_PROS_SPK_09	SYN_GROUP_B	SET_1	alternative	10	46.0290562332198	25.7673136861254	27.7101403653797	SYNTHETIC_TEACHING_FIXTURE
SYN_PROS_SPK_10	SYN_GROUP_B	SET_1	alternative	10	46.6308476320202	20.9106461175708	29.8820340669428	SYNTHETIC_TEACHING_FIXTURE
SYN_PROS_SPK_11	SYN_GROUP_B	SET_1	alternative	10	41.9264061059262	21.977448453719	34.4853101569168	SYNTHETIC_TEACHING_FIXTURE
SYN_PROS_SPK_12	SYN_GROUP_B	SET_1	alternative	10	44.9870418231464	26.4838686095597	22.6661139676826	SYNTHETIC_TEACHING_FIXTURE
SYN_PROS_SPK_01	SYN_GROUP_A	SET_2	alternative	10	49.0809774858337	21.4474719568254	31.8549757600132	SYNTHETIC_TEACHING_FIXTURE
SYN_PROS_SPK_02	SYN_GROUP_A	SET_2	alternative	10	48.5247358684722	26.4112962339465	23.9302131804756	SYNTHETIC_TEACHING_FIXTURE
SYN_PROS_SPK_03	SYN_GROUP_A	SET_2	alternative	10	52.04458484868	19.7090544539042	16.1248855767817	SYNTHETIC_TEACHING_FIXTURE
SYN_PROS_SPK_04	SYN_GROUP_A	SET_2	alternative	10	44.8583032670753	23.1362749666709	28.4689078751915	SYNTHETIC_TEACHING_FIXTURE
SYN_PROS_SPK_05	SYN_GROUP_A	SET_2	alternative	10	51.1217810163281	25.3402961662548	25.3559156244027	SYNTHETIC_TEACHING_FIXTURE
SYN_PROS_SPK_06	SYN_GROUP_A	SET_2	alternative	10	48.8075665301371	26.6122150471166	23.2242993260892	SYNTHETIC_TEACHING_FIXTURE
SYN_PROS_SPK_07	SYN_GROUP_B	SET_2	alternative	10	42.306674866978	28.8087990917108	27.9429756616852	SYNTHETIC_TEACHING_FIXTURE
SYN_PROS_SPK_08	SYN_GROUP_B	SET_2	alternative	10	53.1668395918103	21.9773909536044	30.5307553318553	SYNTHETIC_TEACHING_FIXTURE
SYN_PROS_SPK_09	SYN_GROUP_B	SET_2	alternative	10	46.4175830799208	22.1169871693611	21.6100001518966	SYNTHETIC_TEACHING_FIXTURE
SYN_PROS_SPK_10	SYN_GROUP_B	SET_2	alternative	10	49.1179542467252	26.5982459006548	15.2653736451694	SYNTHETIC_TEACHING_FIXTURE
SYN_PROS_SPK_11	SYN_GROUP_B	SET_2	alternative	10	50.9786751676387	19.6551571706106	26.5966499966981	SYNTHETIC_TEACHING_FIXTURE
SYN_PROS_SPK_12	SYN_GROUP_B	SET_2	alternative	10	42.9598312327894	21.3895761452434	19.9173759694664	SYNTHETIC_TEACHING_FIXTURE
SYN_PROS_SPK_01	SYN_GROUP_A	SET_3	alternative	10	48.1620198239944	27.2725269010435	35.9774806010676	SYNTHETIC_TEACHING_FIXTURE
SYN_PROS_SPK_02	SYN_GROUP_A	SET_3	alternative	10	52.0019590216817	20.4134217709933	27.6161961074383	SYNTHETIC_TEACHING_FIXTURE
SYN_PROS_SPK_03	SYN_GROUP_A	SET_3	alternative	10	47.9896015999624	15.411435434626	18.8138348387377	SYNTHETIC_TEACHING_FIXTURE
SYN_PROS_SPK_04	SYN_GROUP_A	SET_3	alternative	10	50.660139035328	25.9927950646579	19.3728751339064	SYNTHETIC_TEACHING_FIXTURE
SYN_PROS_SPK_05	SYN_GROUP_A	SET_3	alternative	10	53.3176934404055	16.776577433286	20.8963568230003	SYNTHETIC_TEACHING_FIXTURE
SYN_PROS_SPK_06	SYN_GROUP_A	SET_3	alternative	10	44.4780845690316	19.1601664833939	23.7547229438118	SYNTHETIC_TEACHING_FIXTURE
SYN_PROS_SPK_07	SYN_GROUP_B	SET_3	alternative	10	45.8545101014476	22.3199295838807	22.5411821081812	SYNTHETIC_TEACHING_FIXTURE
SYN_PROS_SPK_08	SYN_GROUP_B	SET_3	alternative	10	52.8459036444325	19.9653826478959	17.3716922994851	SYNTHETIC_TEACHING_FIXTURE
SYN_PROS_SPK_09	SYN_GROUP_B	SET_3	alternative	10	46.8657579781116	19.4796070446825	25.2323811188872	SYNTHETIC_TEACHING_FIXTURE
SYN_PROS_SPK_10	SYN_GROUP_B	SET_3	alternative	10	45.2899794008022	12.7463859949454	17.9537500994795	SYNTHETIC_TEACHING_FIXTURE
SYN_PROS_SPK_11	SYN_GROUP_B	SET_3	alternative	10	45.691911352536	29.7828969738497	34.1635458971113	SYNTHETIC_TEACHING_FIXTURE
SYN_PROS_SPK_12	SYN_GROUP_B	SET_3	alternative	10	44.4540278263076	22.8069017487743	30.095647917515	SYNTHETIC_TEACHING_FIXTURE
SYN_PROS_SPK_01	SYN_GROUP_A	SET_4	alternative	10	47.5863153138596	23.8736931797755	33.7431160860435	SYNTHETIC_TEACHING_FIXTURE
SYN_PROS_SPK_02	SYN_GROUP_A	SET_4	alternative	10	47.0346868486664	21.8125459605752	21.8972606280894	SYNTHETIC_TEACHING_FIXTURE
SYN_PROS_SPK_03	SYN_GROUP_A	SET_4	alternative	10	48.9111562943811	16.6190438411416	20.9199291684918	SYNTHETIC_TEACHING_FIXTURE
SYN_PROS_SPK_04	SYN_GROUP_A	SET_4	alternative	10	47.0358289530079	25.0855595815047	23.9194973233713	SYNTHETIC_TEACHING_FIXTURE
SYN_PROS_SPK_05	SYN_GROUP_A	SET_4	alternative	10	46.2402345866936	27.5566158947999	26.2647037507189	SYNTHETIC_TEACHING_FIXTURE
SYN_PROS_SPK_06	SYN_GROUP_A	SET_4	alternative	10	47.6388992248626	19.097681419482	17.639310488435	SYNTHETIC_TEACHING_FIXTURE
SYN_PROS_SPK_07	SYN_GROUP_B	SET_4	alternative	10	47.5165142602993	24.7014514077273	26.8004539978521	SYNTHETIC_TEACHING_FIXTURE
SYN_PROS_SPK_08	SYN_GROUP_B	SET_4	alternative	10	46.9493214045216	26.4175114074663	32.4946869046149	SYNTHETIC_TEACHING_FIXTURE
SYN_PROS_SPK_09	SYN_GROUP_B	SET_4	alternative	10	45.8426427830663	26.6691676498551	36.255132025197	SYNTHETIC_TEACHING_FIXTURE
SYN_PROS_SPK_10	SYN_GROUP_B	SET_4	alternative	10	46.2671090969756	27.1601590222911	33.4277537472165	SYNTHETIC_TEACHING_FIXTURE
SYN_PROS_SPK_11	SYN_GROUP_B	SET_4	alternative	10	43.2286810248948	28.1311302458844	22.2612425194898	SYNTHETIC_TEACHING_FIXTURE
SYN_PROS_SPK_12	SYN_GROUP_B	SET_4	alternative	10	44.4430922920689	29.4967272284596	31.6723771144267	SYNTHETIC_TEACHING_FIXTURE
SYN_PROS_SPK_01	SYN_GROUP_A	SET_1	primary	10	42.1700254707336	19.617669031682	20.1175991371991	SYNTHETIC_TEACHING_FIXTURE
SYN_PROS_SPK_02	SYN_GROUP_A	SET_1	primary	10	47.2152104790759	26.6631904414917	22.8925361167991	SYNTHETIC_TEACHING_FIXTURE
SYN_PROS_SPK_03	SYN_GROUP_A	SET_1	primary	10	44.0552480026882	26.0750977813322	32.1890249412604	SYNTHETIC_TEACHING_FIXTURE
SYN_PROS_SPK_04	SYN_GROUP_A	SET_1	primary	10	48.009008657846	18.9708540040642	19.8057004770382	SYNTHETIC_TEACHING_FIXTURE
SYN_PROS_SPK_05	SYN_GROUP_A	SET_1	primary	10	51.3704553082676	32.0476937179769	41.1744727905865	SYNTHETIC_TEACHING_FIXTURE
SYN_PROS_SPK_06	SYN_GROUP_A	SET_1	primary	10	45.9438394781709	16.4516779885912	21.6721300881008	SYNTHETIC_TEACHING_FIXTURE
SYN_PROS_SPK_07	SYN_GROUP_B	SET_1	primary	10	41.6552223734891	25.7766114850241	23.4086305106322	SYNTHETIC_TEACHING_FIXTURE
SYN_PROS_SPK_08	SYN_GROUP_B	SET_1	primary	10	48.4905650395623	23.0969549895102	41.982909829632	SYNTHETIC_TEACHING_FIXTURE
SYN_PROS_SPK_09	SYN_GROUP_B	SET_1	primary	10	45.307632692774	19.0381091408473	22.8911716313035	SYNTHETIC_TEACHING_FIXTURE
SYN_PROS_SPK_10	SYN_GROUP_B	SET_1	primary	10	45.1703062782646	22.3346343359699	28.8542149111204	SYNTHETIC_TEACHING_FIXTURE
SYN_PROS_SPK_11	SYN_GROUP_B	SET_1	primary	10	45.49220562811	22.3654235080493	32.2733152832265	SYNTHETIC_TEACHING_FIXTURE
SYN_PROS_SPK_12	SYN_GROUP_B	SET_1	primary	10	47.3001638595021	15.8761662987344	20.208402354346	SYNTHETIC_TEACHING_FIXTURE
SYN_PROS_SPK_01	SYN_GROUP_A	SET_2	primary	10	46.9020849324751	21.2950281234224	26.8103396256835	SYNTHETIC_TEACHING_FIXTURE
SYN_PROS_SPK_02	SYN_GROUP_A	SET_2	primary	10	45.7817472465999	18.086701866439	20.4588002648668	SYNTHETIC_TEACHING_FIXTURE
SYN_PROS_SPK_03	SYN_GROUP_A	SET_2	primary	10	46.5006196325272	26.9021750831383	24.6858193023542	SYNTHETIC_TEACHING_FIXTURE
SYN_PROS_SPK_04	SYN_GROUP_A	SET_2	primary	10	44.5572651531998	26.299631786451	35.6798916544082	SYNTHETIC_TEACHING_FIXTURE
SYN_PROS_SPK_05	SYN_GROUP_A	SET_2	primary	10	44.3825425734279	24.7306765924653	27.602372296797	SYNTHETIC_TEACHING_FIXTURE
SYN_PROS_SPK_06	SYN_GROUP_A	SET_2	primary	10	43.3520578775247	24.6983974122197	18.2920444416696	SYNTHETIC_TEACHING_FIXTURE
SYN_PROS_SPK_07	SYN_GROUP_B	SET_2	primary	10	42.2162827163021	20.7270470410698	23.1758843143277	SYNTHETIC_TEACHING_FIXTURE
SYN_PROS_SPK_08	SYN_GROUP_B	SET_2	primary	10	46.4152325959138	21.2577871354329	22.9150769543188	SYNTHETIC_TEACHING_FIXTURE
SYN_PROS_SPK_09	SYN_GROUP_B	SET_2	primary	10	42.0729589327367	28.2841598918198	29.9735169676392	SYNTHETIC_TEACHING_FIXTURE
SYN_PROS_SPK_10	SYN_GROUP_B	SET_2	primary	10	54.3208848960415	21.8246043880921	21.392755894773	SYNTHETIC_TEACHING_FIXTURE
SYN_PROS_SPK_11	SYN_GROUP_B	SET_2	primary	10	49.5497919930729	23.1903187699867	35.3191505044594	SYNTHETIC_TEACHING_FIXTURE
SYN_PROS_SPK_12	SYN_GROUP_B	SET_2	primary	10	46.1532091780219	24.8355806501912	26.1681230005568	SYNTHETIC_TEACHING_FIXTURE
SYN_PROS_SPK_01	SYN_GROUP_A	SET_3	primary	10	51.7160388682618	16.6634722316777	16.4571623320071	SYNTHETIC_TEACHING_FIXTURE
SYN_PROS_SPK_02	SYN_GROUP_A	SET_3	primary	10	50.2343169681573	24.5335110813173	28.4317962377148	SYNTHETIC_TEACHING_FIXTURE
SYN_PROS_SPK_03	SYN_GROUP_A	SET_3	primary	10	55.0855777640728	20.8999526544857	27.2271970234824	SYNTHETIC_TEACHING_FIXTURE
SYN_PROS_SPK_04	SYN_GROUP_A	SET_3	primary	10	52.660358176415	17.170611034733	18.1895620910439	SYNTHETIC_TEACHING_FIXTURE
SYN_PROS_SPK_05	SYN_GROUP_A	SET_3	primary	10	51.3002240163436	22.4990283541592	33.1472240521844	SYNTHETIC_TEACHING_FIXTURE
SYN_PROS_SPK_06	SYN_GROUP_A	SET_3	primary	10	46.6161679271122	25.1475091871214	26.5266470769471	SYNTHETIC_TEACHING_FIXTURE
SYN_PROS_SPK_07	SYN_GROUP_B	SET_3	primary	10	41.8480140507452	24.5481022020732	26.5749758877243	SYNTHETIC_TEACHING_FIXTURE
SYN_PROS_SPK_08	SYN_GROUP_B	SET_3	primary	10	46.217399479244	21.8927556918477	27.0260340684551	SYNTHETIC_TEACHING_FIXTURE
SYN_PROS_SPK_09	SYN_GROUP_B	SET_3	primary	10	44.2922458027426	20.540369655709	29.0171908991932	SYNTHETIC_TEACHING_FIXTURE
SYN_PROS_SPK_10	SYN_GROUP_B	SET_3	primary	10	47.1065662291468	24.547307894979	23.5262275726069	SYNTHETIC_TEACHING_FIXTURE
SYN_PROS_SPK_11	SYN_GROUP_B	SET_3	primary	10	44.9272297618519	23.9255579421493	31.57946205835	SYNTHETIC_TEACHING_FIXTURE
SYN_PROS_SPK_12	SYN_GROUP_B	SET_3	primary	10	46.1246529224821	26.0188688600816	28.1054268774878	SYNTHETIC_TEACHING_FIXTURE
SYN_PROS_SPK_01	SYN_GROUP_A	SET_4	primary	10	43.5594824186059	23.4834428154532	25.3155055087484	SYNTHETIC_TEACHING_FIXTURE
SYN_PROS_SPK_02	SYN_GROUP_A	SET_4	primary	10	44.8542879136634	21.5287745652926	20.8550843541994	SYNTHETIC_TEACHING_FIXTURE
SYN_PROS_SPK_03	SYN_GROUP_A	SET_4	primary	10	46.4366510465572	24.7849477898304	20.921005244856	SYNTHETIC_TEACHING_FIXTURE
SYN_PROS_SPK_04	SYN_GROUP_A	SET_4	primary	10	46.308023139317	28.4756314631789	28.6719164378689	SYNTHETIC_TEACHING_FIXTURE
SYN_PROS_SPK_05	SYN_GROUP_A	SET_4	primary	10	53.3933507377779	15.7339632818925	23.8744003399781	SYNTHETIC_TEACHING_FIXTURE
SYN_PROS_SPK_06	SYN_GROUP_A	SET_4	primary	10	49.5249960191881	19.1865218516419	27.1625659595203	SYNTHETIC_TEACHING_FIXTURE
SYN_PROS_SPK_07	SYN_GROUP_B	SET_4	primary	10	48.2039284634111	22.7131200232508	31.1511614111797	SYNTHETIC_TEACHING_FIXTURE
SYN_PROS_SPK_08	SYN_GROUP_B	SET_4	primary	10	49.046659286674	22.5163235891298	28.2115041649426	SYNTHETIC_TEACHING_FIXTURE
SYN_PROS_SPK_09	SYN_GROUP_B	SET_4	primary	10	40.7847836740425	24.7416107006375	24.7404622479034	SYNTHETIC_TEACHING_FIXTURE
SYN_PROS_SPK_10	SYN_GROUP_B	SET_4	primary	10	45.7361989999856	21.8690376126573	24.3211659019055	SYNTHETIC_TEACHING_FIXTURE
SYN_PROS_SPK_11	SYN_GROUP_B	SET_4	primary	10	45.3977822744518	19.3501166926034	22.2763389618074	SYNTHETIC_TEACHING_FIXTURE
SYN_PROS_SPK_12	SYN_GROUP_B	SET_4	primary	10	42.9301366977048	22.9650484266468	27.1286560071093	SYNTHETIC_TEACHING_FIXTURE
