model	condition_id	proportional_time	estimate_st	se_st
naive_aggregate_smooth	SYN_LONG	0	-0.466577553425728	0.0461259038616239
naive_aggregate_smooth	SYN_LONG	0.02	-0.40723499292909	0.0373451850906573
naive_aggregate_smooth	SYN_LONG	0.04	-0.347630806915017	0.0299210745903998
naive_aggregate_smooth	SYN_LONG	0.06	-0.286144349519135	0.0250051218905993
naive_aggregate_smooth	SYN_LONG	0.08	-0.219613915107413	0.0234447925228384
naive_aggregate_smooth	SYN_LONG	0.1	-0.144170376728981	0.0243856837742672
naive_aggregate_smooth	SYN_LONG	0.12	-0.0558965073952247	0.0258889303605377
naive_aggregate_smooth	SYN_LONG	0.14	0.0485190222059772	0.0265772171770337
naive_aggregate_smooth	SYN_LONG	0.16	0.171349641371435	0.0260535129335575
naive_aggregate_smooth	SYN_LONG	0.18	0.313410159877	0.0247218448639203
naive_aggregate_smooth	SYN_LONG	0.2	0.473890595357949	0.0234734096892366
naive_aggregate_smooth	SYN_LONG	0.22	0.650242224740548	0.0231577091700872
naive_aggregate_smooth	SYN_LONG	0.24	0.83836227163316	0.0239217559875515
naive_aggregate_smooth	SYN_LONG	0.26	1.03288418052391	0.0251216638789585
naive_aggregate_smooth	SYN_LONG	0.28	1.22754766261652	0.0259213457052781
naive_aggregate_smooth	SYN_LONG	0.3	1.41540049195876	0.0258732939628046
naive_aggregate_smooth	SYN_LONG	0.32	1.58919124537718	0.0250794756143058
naive_aggregate_smooth	SYN_LONG	0.34	1.74179827608182	0.0241045620789008
naive_aggregate_smooth	SYN_LONG	0.36	1.86660213105385	0.0236443505598283
naive_aggregate_smooth	SYN_LONG	0.38	1.9577989318572	0.0240214628999425
naive_aggregate_smooth	SYN_LONG	0.4	2.0105993385607	0.0249159137725631
naive_aggregate_smooth	SYN_LONG	0.42	2.02158192300281	0.0256769124612618
naive_aggregate_smooth	SYN_LONG	0.44	1.98889678442294	0.0258109968105007
naive_aggregate_smooth	SYN_LONG	0.46	1.91248181511305	0.0252645172248095
naive_aggregate_smooth	SYN_LONG	0.48	1.79406737351044	0.0244297856271984
naive_aggregate_smooth	SYN_LONG	0.5	1.63711135034605	0.0239182034636325
naive_aggregate_smooth	SYN_LONG	0.52	1.44645270210851	0.0241137625834816
naive_aggregate_smooth	SYN_LONG	0.54	1.22806203941555	0.0248562020014028
naive_aggregate_smooth	SYN_LONG	0.56	0.988843773521641	0.0255920399695667
naive_aggregate_smooth	SYN_LONG	0.58	0.73631782786822	0.0258003570561631
naive_aggregate_smooth	SYN_LONG	0.6	0.478246472264048	0.0253252852833244
naive_aggregate_smooth	SYN_LONG	0.62	0.222211564090598	0.0244727945941451
naive_aggregate_smooth	SYN_LONG	0.64	-0.0248455417124597	0.0238574610952728
naive_aggregate_smooth	SYN_LONG	0.66	-0.256992987811417	0.0239738651515786
naive_aggregate_smooth	SYN_LONG	0.68	-0.469707458183878	0.0247703811029751
naive_aggregate_smooth	SYN_LONG	0.7	-0.659924958244826	0.025669888238967
naive_aggregate_smooth	SYN_LONG	0.72	-0.826137567363907	0.0260345566888888
naive_aggregate_smooth	SYN_LONG	0.74	-0.968389607747651	0.0255872951859694
naive_aggregate_smooth	SYN_LONG	0.76	-1.08805093943869	0.0245717419595192
naive_aggregate_smooth	SYN_LONG	0.78	-1.18751759840493	0.0236847935662681
naive_aggregate_smooth	SYN_LONG	0.8	-1.27004372226336	0.023706911844409
naive_aggregate_smooth	SYN_LONG	0.82	-1.33936973039063	0.0248062571011609
naive_aggregate_smooth	SYN_LONG	0.84	-1.39930417069122	0.0262934009422156
naive_aggregate_smooth	SYN_LONG	0.86	-1.45337623774194	0.027180088950781
naive_aggregate_smooth	SYN_LONG	0.88	-1.50458991126456	0.0268414358526007
naive_aggregate_smooth	SYN_LONG	0.9	-1.55515821402779	0.0255166523493333
naive_aggregate_smooth	SYN_LONG	0.92	-1.60640885385573	0.0246975558315788
naive_aggregate_smooth	SYN_LONG	0.94	-1.65886940057914	0.0267934487348431
naive_aggregate_smooth	SYN_LONG	0.96	-1.71244285251121	0.0330402604605495
naive_aggregate_smooth	SYN_LONG	0.98	-1.76669175722407	0.0424650163262177
naive_aggregate_smooth	SYN_LONG	1	-1.82115673297937	0.0535808511793429
naive_aggregate_smooth	SYN_SHORT	0	-0.666025645555889	0.0542028931429998
naive_aggregate_smooth	SYN_SHORT	0.02	-0.67371896907395	0.044156374430567
naive_aggregate_smooth	SYN_SHORT	0.04	-0.681478742225347	0.0358642988958029
naive_aggregate_smooth	SYN_SHORT	0.06	-0.689641151808564	0.0306563349162175
naive_aggregate_smooth	SYN_SHORT	0.08	-0.698684747513173	0.0292963244394805
naive_aggregate_smooth	SYN_SHORT	0.1	-0.708747122529894	0.0305777537325582
naive_aggregate_smooth	SYN_SHORT	0.12	-0.719302203517071	0.0322845812455667
naive_aggregate_smooth	SYN_SHORT	0.14	-0.728881650396311	0.0329168966611123
naive_aggregate_smooth	SYN_SHORT	0.16	-0.735022645115103	0.0320823160930858
naive_aggregate_smooth	SYN_SHORT	0.18	-0.734281082464324	0.0303115689217454
naive_aggregate_smooth	SYN_SHORT	0.2	-0.722484418793759	0.0287043137984828
naive_aggregate_smooth	SYN_SHORT	0.22	-0.695124621130468	0.0282899304535852
naive_aggregate_smooth	SYN_SHORT	0.24	-0.647837915658026	0.0292234824381454
naive_aggregate_smooth	SYN_SHORT	0.26	-0.576867735491178	0.0306958254247638
naive_aggregate_smooth	SYN_SHORT	0.28	-0.479465622389172	0.0316790148392895
naive_aggregate_smooth	SYN_SHORT	0.3	-0.354489769691966	0.0316301577156653
naive_aggregate_smooth	SYN_SHORT	0.32	-0.202570545295999	0.0306778158341118
naive_aggregate_smooth	SYN_SHORT	0.34	-0.0262303794999036	0.0295092068437965
naive_aggregate_smooth	SYN_SHORT	0.36	0.170279667187375	0.028963690766994
naive_aggregate_smooth	SYN_SHORT	0.38	0.381291527547881	0.0294250968014869
naive_aggregate_smooth	SYN_SHORT	0.4	0.600177316978515	0.0305044016931585
naive_aggregate_smooth	SYN_SHORT	0.42	0.819680464777797	0.0314194618588214
naive_aggregate_smooth	SYN_SHORT	0.44	1.03232164780705	0.0315822128653173
naive_aggregate_smooth	SYN_SHORT	0.46	1.23080782190201	0.0309376215808774
naive_aggregate_smooth	SYN_SHORT	0.48	1.40839098389095	0.0299663340032844
naive_aggregate_smooth	SYN_SHORT	0.5	1.55910630071773	0.0294018784068527
naive_aggregate_smooth	SYN_SHORT	0.52	1.6778333365763	0.0296885843133603
naive_aggregate_smooth	SYN_SHORT	0.54	1.76034585681717	0.030612670627767
naive_aggregate_smooth	SYN_SHORT	0.56	1.80341982961783	0.0314986708624844
naive_aggregate_smooth	SYN_SHORT	0.58	1.8048691199491	0.0317223892596052
naive_aggregate_smooth	SYN_SHORT	0.6	1.76363841424641	0.0311070337036304
naive_aggregate_smooth	SYN_SHORT	0.62	1.67988656941641	0.0300369173348758
naive_aggregate_smooth	SYN_SHORT	0.64	1.55508161438316	0.0292678320822021
naive_aggregate_smooth	SYN_SHORT	0.66	1.39202035059921	0.0294016129141031
naive_aggregate_smooth	SYN_SHORT	0.68	1.19492141654862	0.0303677198193628
naive_aggregate_smooth	SYN_SHORT	0.7	0.969261517155956	0.0314547807913038
naive_aggregate_smooth	SYN_SHORT	0.72	0.721645697710989	0.0318817128170251
naive_aggregate_smooth	SYN_SHORT	0.74	0.459608744256262	0.031312159645428
naive_aggregate_smooth	SYN_SHORT	0.76	0.191250040855969	0.030049303597859
naive_aggregate_smooth	SYN_SHORT	0.78	-0.0752374632554778	0.0289532590541804
naive_aggregate_smooth	SYN_SHORT	0.8	-0.332104186802197	0.0289864767417188
naive_aggregate_smooth	SYN_SHORT	0.82	-0.572632195127448	0.0303571270561154
naive_aggregate_smooth	SYN_SHORT	0.84	-0.79161688492742	0.0322205214020947
naive_aggregate_smooth	SYN_SHORT	0.86	-0.985784093358915	0.03337173419013
naive_aggregate_smooth	SYN_SHORT	0.88	-1.15391486337892	0.0330609528749577
naive_aggregate_smooth	SYN_SHORT	0.9	-1.29714780278641	0.0316035366692726
naive_aggregate_smooth	SYN_SHORT	0.92	-1.41883044276052	0.0308265625590834
naive_aggregate_smooth	SYN_SHORT	0.94	-1.52389369346378	0.0335980281036566
naive_aggregate_smooth	SYN_SHORT	0.96	-1.6180283901096	0.0413462308547404
naive_aggregate_smooth	SYN_SHORT	0.98	-1.70662666214566	0.0529161542449943
naive_aggregate_smooth	SYN_SHORT	1	-1.79364281600556	0.0665412166108369
structured_ar1	SYN_LONG	0	-0.462824697844879	0.133904017282105
structured_ar1	SYN_LONG	0.02	-0.402320599933834	0.130617210700811
structured_ar1	SYN_LONG	0.04	-0.341481224281784	0.128396999745496
structured_ar1	SYN_LONG	0.06	-0.278868519775553	0.127254478643899
structured_ar1	SYN_LONG	0.08	-0.211564400838559	0.12702079939886
structured_ar1	SYN_LONG	0.1	-0.135914072844276	0.127319331760124
structured_ar1	SYN_LONG	0.12	-0.0480338885251584	0.127690302849052
structured_ar1	SYN_LONG	0.14	0.055545300221255	0.127782405648318
structured_ar1	SYN_LONG	0.16	0.177312039800941	0.127493021208429
structured_ar1	SYN_LONG	0.18	0.318344701581336	0.126977538152215
structured_ar1	SYN_LONG	0.2	0.478098711136744	0.126521195195526
structured_ar1	SYN_LONG	0.22	0.654327472848595	0.126350846689032
structured_ar1	SYN_LONG	0.24	0.84310889508061	0.126497665230032
structured_ar1	SYN_LONG	0.26	1.03904850612745	0.126793257374241
structured_ar1	SYN_LONG	0.28	1.23559585142731	0.126994646305391
structured_ar1	SYN_LONG	0.3	1.42544078254814	0.126945278461837
structured_ar1	SYN_LONG	0.32	1.60095634136455	0.126666392056427
structured_ar1	SYN_LONG	0.34	1.75464833350604	0.1263275368462
structured_ar1	SYN_LONG	0.36	1.87958555071883	0.126124330368991
structured_ar1	SYN_LONG	0.38	1.96980959983948	0.126148832232203
structured_ar1	SYN_LONG	0.4	2.02066842598943	0.126335064784534
structured_ar1	SYN_LONG	0.42	2.02906717626518	0.126515866304179
structured_ar1	SYN_LONG	0.44	1.99362874520138	0.126545409900684
structured_ar1	SYN_LONG	0.46	1.91474081349862	0.126397963119449
structured_ar1	SYN_LONG	0.48	1.79447452152733	0.12617726907352
structured_ar1	SYN_LONG	0.5	1.63642527913364	0.126037434396204
structured_ar1	SYN_LONG	0.52	1.44556865107393	0.126074374832699
structured_ar1	SYN_LONG	0.54	1.22802524562348	0.126258396618333
structured_ar1	SYN_LONG	0.56	0.990711005268165	0.126456213983647
structured_ar1	SYN_LONG	0.58	0.740982893421187	0.126527699717779
structured_ar1	SYN_LONG	0.6	0.486254984484837	0.126423692421222
structured_ar1	SYN_LONG	0.62	0.23363753227306	0.126227418958677
structured_ar1	SYN_LONG	0.64	-0.0104284431895438	0.126105008417155
structured_ar1	SYN_LONG	0.66	-0.240461146608647	0.126187196277806
structured_ar1	SYN_LONG	0.68	-0.452190042795515	0.126468671971793
structured_ar1	SYN_LONG	0.7	-0.642723548671061	0.126801286583126
structured_ar1	SYN_LONG	0.72	-0.810580063629052	0.126990362488559
structured_ar1	SYN_LONG	0.74	-0.955577971570553	0.12692799386378
structured_ar1	SYN_LONG	0.76	-1.07868942144983	0.126678418282011
structured_ar1	SYN_LONG	0.78	-1.18189159610908	0.126456726069173
structured_ar1	SYN_LONG	0.8	-1.26788133395763	0.126490835968235
structured_ar1	SYN_LONG	0.82	-1.33974712118178	0.126855883700472
structured_ar1	SYN_LONG	0.84	-1.40067369270807	0.127402951214986
structured_ar1	SYN_LONG	0.86	-1.4536868273953	0.127840499853335
structured_ar1	SYN_LONG	0.88	-1.50143673915299	0.127926953636856
structured_ar1	SYN_LONG	0.9	-1.54603540112863	0.127668840255465
structured_ar1	SYN_LONG	0.92	-1.58899808719158	0.127402216379568
structured_ar1	SYN_LONG	0.94	-1.63128057540374	0.127701447759046
structured_ar1	SYN_LONG	0.96	-1.67339601830538	0.129149383018105
structured_ar1	SYN_LONG	0.98	-1.71553195808657	0.132098796886176
structured_ar1	SYN_LONG	1	-1.75769854919878	0.136583486176538
structured_ar1	SYN_SHORT	0	-0.676528184932353	0.135040422221132
structured_ar1	SYN_SHORT	0.02	-0.683289911167875	0.131863825849588
structured_ar1	SYN_SHORT	0.04	-0.690139963268383	0.129741668333242
structured_ar1	SYN_SHORT	0.06	-0.697377401033847	0.128675757360615
structured_ar1	SYN_SHORT	0.08	-0.705466493332207	0.128488673296662
structured_ar1	SYN_SHORT	0.1	-0.714649697468486	0.128803511507931
structured_ar1	SYN_SHORT	0.12	-0.724515042091674	0.12916786869445
structured_ar1	SYN_SHORT	0.14	-0.733703567326973	0.129240560943642
structured_ar1	SYN_SHORT	0.16	-0.739770656634861	0.128927038240068
structured_ar1	SYN_SHORT	0.18	-0.739213704608931	0.128386918809015
structured_ar1	SYN_SHORT	0.2	-0.727728555062805	0.12790718119621
structured_ar1	SYN_SHORT	0.22	-0.700619781976572	0.127716749304977
structured_ar1	SYN_SHORT	0.24	-0.653304000488412	0.127850805755628
structured_ar1	SYN_SHORT	0.26	-0.581867777786155	0.128145590896676
structured_ar1	SYN_SHORT	0.28	-0.483589972498532	0.128360072205681
structured_ar1	SYN_SHORT	0.3	-0.357356493564316	0.128334231284465
structured_ar1	SYN_SHORT	0.32	-0.20391287938613	0.128080496918478
structured_ar1	SYN_SHORT	0.34	-0.0258997688139028	0.127757674382706
structured_ar1	SYN_SHORT	0.36	0.172313714834487	0.127554176319672
structured_ar1	SYN_SHORT	0.38	0.384880326992009	0.127563039932251
structured_ar1	SYN_SHORT	0.4	0.604888606128855	0.127727708879746
structured_ar1	SYN_SHORT	0.42	0.824846692320708	0.127894038585766
structured_ar1	SYN_SHORT	0.44	1.03716527607734	0.12792576369777
structured_ar1	SYN_SHORT	0.46	1.2345782584636	0.127798143830716
structured_ar1	SYN_SHORT	0.48	1.4104548941324	0.127606788298207
structured_ar1	SYN_SHORT	0.5	1.55899010612012	0.127492739406458
structured_ar1	SYN_SHORT	0.52	1.67535398051653	0.127540946260757
structured_ar1	SYN_SHORT	0.54	1.75574350800244	0.127718734317238
structured_ar1	SYN_SHORT	0.56	1.79734700484184	0.127898852384397
structured_ar1	SYN_SHORT	0.58	1.79830908585661	0.12795209237098
structured_ar1	SYN_SHORT	0.6	1.75767028451373	0.127838627264061
structured_ar1	SYN_SHORT	0.62	1.67543379197168	0.127644542213655
structured_ar1	SYN_SHORT	0.64	1.55270530313667	0.127531265234384
structured_ar1	SYN_SHORT	0.66	1.39179967116096	0.127620507897661
structured_ar1	SYN_SHORT	0.68	1.19636826214692	0.127899409448769
structured_ar1	SYN_SHORT	0.7	0.971478288933997	0.128218381163497
structured_ar1	SYN_SHORT	0.72	0.72355281338456	0.128387905876044
structured_ar1	SYN_SHORT	0.74	0.460140972456717	0.128308337799869
structured_ar1	SYN_SHORT	0.76	0.189581443509844	0.128050456316195
structured_ar1	SYN_SHORT	0.78	-0.0794371204204447	0.12783069194006
structured_ar1	SYN_SHORT	0.8	-0.338471480290455	0.1278726077122
structured_ar1	SYN_SHORT	0.82	-0.579938231178771	0.12824432697779
structured_ar1	SYN_SHORT	0.84	-0.797788030034087	0.12879236599719
structured_ar1	SYN_SHORT	0.86	-0.988086956302286	0.12922725122109
structured_ar1	SYN_SHORT	0.88	-1.14934380124664	0.129317249978859
structured_ar1	SYN_SHORT	0.9	-1.28272113614778	0.129085078658837
structured_ar1	SYN_SHORT	0.92	-1.39178637148394	0.128885796201781
structured_ar1	SYN_SHORT	0.94	-1.48191335096238	0.12931064684843
structured_ar1	SYN_SHORT	0.96	-1.55934890557532	0.130952042667266
structured_ar1	SYN_SHORT	0.98	-1.63018149425079	0.13416239901194
structured_ar1	SYN_SHORT	1	-1.69900742475139	0.138966997241962
