token_id	speaker_id	item_id	condition	start_ms	end_ms	frames_expected	data_status
SYN_TRAJ_0001	SYN_CPX_SPK_01	SYN_CPX_ITEM_01	A	0	375.31929	21	SYNTHETIC_TEACHING_FIXTURE
SYN_TRAJ_0002	SYN_CPX_SPK_01	SYN_CPX_ITEM_02	A	0	390.38706	21	SYNTHETIC_TEACHING_FIXTURE
SYN_TRAJ_0003	SYN_CPX_SPK_01	SYN_CPX_ITEM_03	A	0	454.98966	21	SYNTHETIC_TEACHING_FIXTURE
SYN_TRAJ_0004	SYN_CPX_SPK_01	SYN_CPX_ITEM_04	A	0	402.55903	21	SYNTHETIC_TEACHING_FIXTURE
SYN_TRAJ_0005	SYN_CPX_SPK_01	SYN_CPX_ITEM_05	A	0	421.53414	21	SYNTHETIC_TEACHING_FIXTURE
SYN_TRAJ_0006	SYN_CPX_SPK_01	SYN_CPX_ITEM_06	A	0	444.00408	21	SYNTHETIC_TEACHING_FIXTURE
SYN_TRAJ_0007	SYN_CPX_SPK_01	SYN_CPX_ITEM_07	A	0	406.22610	21	SYNTHETIC_TEACHING_FIXTURE
SYN_TRAJ_0008	SYN_CPX_SPK_01	SYN_CPX_ITEM_08	A	0	471.48255	21	SYNTHETIC_TEACHING_FIXTURE
SYN_TRAJ_0009	SYN_CPX_SPK_01	SYN_CPX_ITEM_09	A	0	385.22352	21	SYNTHETIC_TEACHING_FIXTURE
SYN_TRAJ_0010	SYN_CPX_SPK_01	SYN_CPX_ITEM_10	A	0	422.18469	21	SYNTHETIC_TEACHING_FIXTURE
SYN_TRAJ_0011	SYN_CPX_SPK_01	SYN_CPX_ITEM_11	A	0	414.06423	21	SYNTHETIC_TEACHING_FIXTURE
SYN_TRAJ_0012	SYN_CPX_SPK_01	SYN_CPX_ITEM_12	A	0	433.45006	21	SYNTHETIC_TEACHING_FIXTURE
SYN_TRAJ_0013	SYN_CPX_SPK_02	SYN_CPX_ITEM_01	B	0	385.84377	21	SYNTHETIC_TEACHING_FIXTURE
SYN_TRAJ_0014	SYN_CPX_SPK_02	SYN_CPX_ITEM_02	B	0	424.11874	21	SYNTHETIC_TEACHING_FIXTURE
SYN_TRAJ_0015	SYN_CPX_SPK_02	SYN_CPX_ITEM_03	B	0	376.18156	21	SYNTHETIC_TEACHING_FIXTURE
SYN_TRAJ_0016	SYN_CPX_SPK_02	SYN_CPX_ITEM_04	B	0	425.51794	21	SYNTHETIC_TEACHING_FIXTURE
SYN_TRAJ_0017	SYN_CPX_SPK_02	SYN_CPX_ITEM_05	B	0	460.94593	21	SYNTHETIC_TEACHING_FIXTURE
SYN_TRAJ_0018	SYN_CPX_SPK_02	SYN_CPX_ITEM_06	B	0	454.74239	21	SYNTHETIC_TEACHING_FIXTURE
SYN_TRAJ_0019	SYN_CPX_SPK_02	SYN_CPX_ITEM_07	B	0	369.69320	21	SYNTHETIC_TEACHING_FIXTURE
SYN_TRAJ_0020	SYN_CPX_SPK_02	SYN_CPX_ITEM_08	B	0	406.69057	21	SYNTHETIC_TEACHING_FIXTURE
SYN_TRAJ_0021	SYN_CPX_SPK_02	SYN_CPX_ITEM_09	B	0	413.42074	21	SYNTHETIC_TEACHING_FIXTURE
SYN_TRAJ_0022	SYN_CPX_SPK_02	SYN_CPX_ITEM_10	B	0	399.74652	21	SYNTHETIC_TEACHING_FIXTURE
SYN_TRAJ_0023	SYN_CPX_SPK_02	SYN_CPX_ITEM_11	B	0	444.28127	21	SYNTHETIC_TEACHING_FIXTURE
SYN_TRAJ_0024	SYN_CPX_SPK_02	SYN_CPX_ITEM_12	B	0	469.15323	21	SYNTHETIC_TEACHING_FIXTURE
SYN_TRAJ_0025	SYN_CPX_SPK_03	SYN_CPX_ITEM_01	A	0	466.88633	21	SYNTHETIC_TEACHING_FIXTURE
SYN_TRAJ_0026	SYN_CPX_SPK_03	SYN_CPX_ITEM_02	A	0	398.53107	21	SYNTHETIC_TEACHING_FIXTURE
SYN_TRAJ_0027	SYN_CPX_SPK_03	SYN_CPX_ITEM_03	A	0	423.88566	21	SYNTHETIC_TEACHING_FIXTURE
SYN_TRAJ_0028	SYN_CPX_SPK_03	SYN_CPX_ITEM_04	A	0	457.45284	21	SYNTHETIC_TEACHING_FIXTURE
SYN_TRAJ_0029	SYN_CPX_SPK_03	SYN_CPX_ITEM_05	A	0	435.06790	21	SYNTHETIC_TEACHING_FIXTURE
SYN_TRAJ_0030	SYN_CPX_SPK_03	SYN_CPX_ITEM_06	A	0	456.33988	21	SYNTHETIC_TEACHING_FIXTURE
SYN_TRAJ_0031	SYN_CPX_SPK_03	SYN_CPX_ITEM_07	A	0	381.61739	21	SYNTHETIC_TEACHING_FIXTURE
SYN_TRAJ_0032	SYN_CPX_SPK_03	SYN_CPX_ITEM_08	A	0	388.10121	21	SYNTHETIC_TEACHING_FIXTURE
SYN_TRAJ_0033	SYN_CPX_SPK_03	SYN_CPX_ITEM_09	A	0	383.49723	21	SYNTHETIC_TEACHING_FIXTURE
SYN_TRAJ_0034	SYN_CPX_SPK_03	SYN_CPX_ITEM_10	A	0	386.42272	21	SYNTHETIC_TEACHING_FIXTURE
SYN_TRAJ_0035	SYN_CPX_SPK_03	SYN_CPX_ITEM_11	A	0	440.73619	21	SYNTHETIC_TEACHING_FIXTURE
SYN_TRAJ_0036	SYN_CPX_SPK_03	SYN_CPX_ITEM_12	A	0	449.30988	21	SYNTHETIC_TEACHING_FIXTURE
SYN_TRAJ_0037	SYN_CPX_SPK_04	SYN_CPX_ITEM_01	B	0	393.14886	21	SYNTHETIC_TEACHING_FIXTURE
SYN_TRAJ_0038	SYN_CPX_SPK_04	SYN_CPX_ITEM_02	B	0	422.11348	21	SYNTHETIC_TEACHING_FIXTURE
SYN_TRAJ_0039	SYN_CPX_SPK_04	SYN_CPX_ITEM_03	B	0	390.69584	21	SYNTHETIC_TEACHING_FIXTURE
SYN_TRAJ_0040	SYN_CPX_SPK_04	SYN_CPX_ITEM_04	B	0	404.05873	21	SYNTHETIC_TEACHING_FIXTURE
SYN_TRAJ_0041	SYN_CPX_SPK_04	SYN_CPX_ITEM_05	B	0	378.55292	21	SYNTHETIC_TEACHING_FIXTURE
SYN_TRAJ_0042	SYN_CPX_SPK_04	SYN_CPX_ITEM_06	B	0	368.82511	21	SYNTHETIC_TEACHING_FIXTURE
SYN_TRAJ_0043	SYN_CPX_SPK_04	SYN_CPX_ITEM_07	B	0	441.21295	21	SYNTHETIC_TEACHING_FIXTURE
SYN_TRAJ_0044	SYN_CPX_SPK_04	SYN_CPX_ITEM_08	B	0	453.31883	21	SYNTHETIC_TEACHING_FIXTURE
SYN_TRAJ_0045	SYN_CPX_SPK_04	SYN_CPX_ITEM_09	B	0	376.66148	21	SYNTHETIC_TEACHING_FIXTURE
SYN_TRAJ_0046	SYN_CPX_SPK_04	SYN_CPX_ITEM_10	B	0	469.82829	21	SYNTHETIC_TEACHING_FIXTURE
SYN_TRAJ_0047	SYN_CPX_SPK_04	SYN_CPX_ITEM_11	B	0	429.94722	21	SYNTHETIC_TEACHING_FIXTURE
SYN_TRAJ_0048	SYN_CPX_SPK_04	SYN_CPX_ITEM_12	B	0	471.83513	21	SYNTHETIC_TEACHING_FIXTURE
SYN_TRAJ_0049	SYN_CPX_SPK_05	SYN_CPX_ITEM_01	A	0	442.31402	21	SYNTHETIC_TEACHING_FIXTURE
SYN_TRAJ_0050	SYN_CPX_SPK_05	SYN_CPX_ITEM_02	A	0	380.68783	21	SYNTHETIC_TEACHING_FIXTURE
SYN_TRAJ_0051	SYN_CPX_SPK_05	SYN_CPX_ITEM_03	A	0	450.24178	21	SYNTHETIC_TEACHING_FIXTURE
SYN_TRAJ_0052	SYN_CPX_SPK_05	SYN_CPX_ITEM_04	A	0	417.64150	21	SYNTHETIC_TEACHING_FIXTURE
SYN_TRAJ_0053	SYN_CPX_SPK_05	SYN_CPX_ITEM_05	A	0	387.02718	21	SYNTHETIC_TEACHING_FIXTURE
SYN_TRAJ_0054	SYN_CPX_SPK_05	SYN_CPX_ITEM_06	A	0	445.43071	21	SYNTHETIC_TEACHING_FIXTURE
SYN_TRAJ_0055	SYN_CPX_SPK_05	SYN_CPX_ITEM_07	A	0	415.57892	21	SYNTHETIC_TEACHING_FIXTURE
SYN_TRAJ_0056	SYN_CPX_SPK_05	SYN_CPX_ITEM_08	A	0	422.37064	21	SYNTHETIC_TEACHING_FIXTURE
SYN_TRAJ_0057	SYN_CPX_SPK_05	SYN_CPX_ITEM_09	A	0	406.95909	21	SYNTHETIC_TEACHING_FIXTURE
SYN_TRAJ_0058	SYN_CPX_SPK_05	SYN_CPX_ITEM_10	A	0	456.08430	21	SYNTHETIC_TEACHING_FIXTURE
SYN_TRAJ_0059	SYN_CPX_SPK_05	SYN_CPX_ITEM_11	A	0	404.48821	21	SYNTHETIC_TEACHING_FIXTURE
SYN_TRAJ_0060	SYN_CPX_SPK_05	SYN_CPX_ITEM_12	A	0	461.96903	21	SYNTHETIC_TEACHING_FIXTURE
SYN_TRAJ_0061	SYN_CPX_SPK_06	SYN_CPX_ITEM_01	B	0	442.11254	21	SYNTHETIC_TEACHING_FIXTURE
SYN_TRAJ_0062	SYN_CPX_SPK_06	SYN_CPX_ITEM_02	B	0	450.01993	21	SYNTHETIC_TEACHING_FIXTURE
SYN_TRAJ_0063	SYN_CPX_SPK_06	SYN_CPX_ITEM_03	B	0	447.35146	21	SYNTHETIC_TEACHING_FIXTURE
SYN_TRAJ_0064	SYN_CPX_SPK_06	SYN_CPX_ITEM_04	B	0	365.75167	21	SYNTHETIC_TEACHING_FIXTURE
SYN_TRAJ_0065	SYN_CPX_SPK_06	SYN_CPX_ITEM_05	B	0	426.01945	21	SYNTHETIC_TEACHING_FIXTURE
SYN_TRAJ_0066	SYN_CPX_SPK_06	SYN_CPX_ITEM_06	B	0	440.61946	21	SYNTHETIC_TEACHING_FIXTURE
SYN_TRAJ_0067	SYN_CPX_SPK_06	SYN_CPX_ITEM_07	B	0	472.55193	21	SYNTHETIC_TEACHING_FIXTURE
SYN_TRAJ_0068	SYN_CPX_SPK_06	SYN_CPX_ITEM_08	B	0	422.35820	21	SYNTHETIC_TEACHING_FIXTURE
SYN_TRAJ_0069	SYN_CPX_SPK_06	SYN_CPX_ITEM_09	B	0	394.28896	21	SYNTHETIC_TEACHING_FIXTURE
SYN_TRAJ_0070	SYN_CPX_SPK_06	SYN_CPX_ITEM_10	B	0	426.86195	21	SYNTHETIC_TEACHING_FIXTURE
SYN_TRAJ_0071	SYN_CPX_SPK_06	SYN_CPX_ITEM_11	B	0	457.08287	21	SYNTHETIC_TEACHING_FIXTURE
SYN_TRAJ_0072	SYN_CPX_SPK_06	SYN_CPX_ITEM_12	B	0	408.40420	21	SYNTHETIC_TEACHING_FIXTURE
SYN_TRAJ_0073	SYN_CPX_SPK_07	SYN_CPX_ITEM_01	A	0	433.10886	21	SYNTHETIC_TEACHING_FIXTURE
SYN_TRAJ_0074	SYN_CPX_SPK_07	SYN_CPX_ITEM_02	A	0	383.04898	21	SYNTHETIC_TEACHING_FIXTURE
SYN_TRAJ_0075	SYN_CPX_SPK_07	SYN_CPX_ITEM_03	A	0	387.63339	21	SYNTHETIC_TEACHING_FIXTURE
SYN_TRAJ_0076	SYN_CPX_SPK_07	SYN_CPX_ITEM_04	A	0	417.43595	21	SYNTHETIC_TEACHING_FIXTURE
SYN_TRAJ_0077	SYN_CPX_SPK_07	SYN_CPX_ITEM_05	A	0	418.84550	21	SYNTHETIC_TEACHING_FIXTURE
SYN_TRAJ_0078	SYN_CPX_SPK_07	SYN_CPX_ITEM_06	A	0	385.19084	21	SYNTHETIC_TEACHING_FIXTURE
SYN_TRAJ_0079	SYN_CPX_SPK_07	SYN_CPX_ITEM_07	A	0	403.00096	21	SYNTHETIC_TEACHING_FIXTURE
SYN_TRAJ_0080	SYN_CPX_SPK_07	SYN_CPX_ITEM_08	A	0	430.66720	21	SYNTHETIC_TEACHING_FIXTURE
SYN_TRAJ_0081	SYN_CPX_SPK_07	SYN_CPX_ITEM_09	A	0	413.95059	21	SYNTHETIC_TEACHING_FIXTURE
SYN_TRAJ_0082	SYN_CPX_SPK_07	SYN_CPX_ITEM_10	A	0	394.71400	21	SYNTHETIC_TEACHING_FIXTURE
SYN_TRAJ_0083	SYN_CPX_SPK_07	SYN_CPX_ITEM_11	A	0	438.84816	21	SYNTHETIC_TEACHING_FIXTURE
SYN_TRAJ_0084	SYN_CPX_SPK_07	SYN_CPX_ITEM_12	A	0	457.06874	21	SYNTHETIC_TEACHING_FIXTURE
SYN_TRAJ_0085	SYN_CPX_SPK_08	SYN_CPX_ITEM_01	B	0	407.41110	21	SYNTHETIC_TEACHING_FIXTURE
SYN_TRAJ_0086	SYN_CPX_SPK_08	SYN_CPX_ITEM_02	B	0	457.71889	21	SYNTHETIC_TEACHING_FIXTURE
SYN_TRAJ_0087	SYN_CPX_SPK_08	SYN_CPX_ITEM_03	B	0	468.48570	21	SYNTHETIC_TEACHING_FIXTURE
SYN_TRAJ_0088	SYN_CPX_SPK_08	SYN_CPX_ITEM_04	B	0	424.82319	21	SYNTHETIC_TEACHING_FIXTURE
SYN_TRAJ_0089	SYN_CPX_SPK_08	SYN_CPX_ITEM_05	B	0	460.12471	21	SYNTHETIC_TEACHING_FIXTURE
SYN_TRAJ_0090	SYN_CPX_SPK_08	SYN_CPX_ITEM_06	B	0	437.43936	21	SYNTHETIC_TEACHING_FIXTURE
SYN_TRAJ_0091	SYN_CPX_SPK_08	SYN_CPX_ITEM_07	B	0	452.34068	21	SYNTHETIC_TEACHING_FIXTURE
SYN_TRAJ_0092	SYN_CPX_SPK_08	SYN_CPX_ITEM_08	B	0	398.36698	21	SYNTHETIC_TEACHING_FIXTURE
SYN_TRAJ_0093	SYN_CPX_SPK_08	SYN_CPX_ITEM_09	B	0	373.47851	21	SYNTHETIC_TEACHING_FIXTURE
SYN_TRAJ_0094	SYN_CPX_SPK_08	SYN_CPX_ITEM_10	B	0	373.43473	21	SYNTHETIC_TEACHING_FIXTURE
SYN_TRAJ_0095	SYN_CPX_SPK_08	SYN_CPX_ITEM_11	B	0	374.87328	21	SYNTHETIC_TEACHING_FIXTURE
SYN_TRAJ_0096	SYN_CPX_SPK_08	SYN_CPX_ITEM_12	B	0	474.79721	21	SYNTHETIC_TEACHING_FIXTURE
SYN_TRAJ_0097	SYN_CPX_SPK_09	SYN_CPX_ITEM_01	A	0	386.08088	21	SYNTHETIC_TEACHING_FIXTURE
SYN_TRAJ_0098	SYN_CPX_SPK_09	SYN_CPX_ITEM_02	A	0	438.47128	21	SYNTHETIC_TEACHING_FIXTURE
SYN_TRAJ_0099	SYN_CPX_SPK_09	SYN_CPX_ITEM_03	A	0	415.19290	21	SYNTHETIC_TEACHING_FIXTURE
SYN_TRAJ_0100	SYN_CPX_SPK_09	SYN_CPX_ITEM_04	A	0	462.81623	21	SYNTHETIC_TEACHING_FIXTURE
SYN_TRAJ_0101	SYN_CPX_SPK_09	SYN_CPX_ITEM_05	A	0	430.76016	21	SYNTHETIC_TEACHING_FIXTURE
SYN_TRAJ_0102	SYN_CPX_SPK_09	SYN_CPX_ITEM_06	A	0	427.11104	21	SYNTHETIC_TEACHING_FIXTURE
SYN_TRAJ_0103	SYN_CPX_SPK_09	SYN_CPX_ITEM_07	A	0	448.61054	21	SYNTHETIC_TEACHING_FIXTURE
SYN_TRAJ_0104	SYN_CPX_SPK_09	SYN_CPX_ITEM_08	A	0	394.55859	21	SYNTHETIC_TEACHING_FIXTURE
SYN_TRAJ_0105	SYN_CPX_SPK_09	SYN_CPX_ITEM_09	A	0	465.07566	21	SYNTHETIC_TEACHING_FIXTURE
SYN_TRAJ_0106	SYN_CPX_SPK_09	SYN_CPX_ITEM_10	A	0	450.64400	21	SYNTHETIC_TEACHING_FIXTURE
SYN_TRAJ_0107	SYN_CPX_SPK_09	SYN_CPX_ITEM_11	A	0	412.10234	21	SYNTHETIC_TEACHING_FIXTURE
SYN_TRAJ_0108	SYN_CPX_SPK_09	SYN_CPX_ITEM_12	A	0	401.29293	21	SYNTHETIC_TEACHING_FIXTURE
SYN_TRAJ_0109	SYN_CPX_SPK_10	SYN_CPX_ITEM_01	B	0	376.54678	21	SYNTHETIC_TEACHING_FIXTURE
SYN_TRAJ_0110	SYN_CPX_SPK_10	SYN_CPX_ITEM_02	B	0	413.46384	21	SYNTHETIC_TEACHING_FIXTURE
SYN_TRAJ_0111	SYN_CPX_SPK_10	SYN_CPX_ITEM_03	B	0	436.88700	21	SYNTHETIC_TEACHING_FIXTURE
SYN_TRAJ_0112	SYN_CPX_SPK_10	SYN_CPX_ITEM_04	B	0	447.32939	21	SYNTHETIC_TEACHING_FIXTURE
SYN_TRAJ_0113	SYN_CPX_SPK_10	SYN_CPX_ITEM_05	B	0	421.80936	21	SYNTHETIC_TEACHING_FIXTURE
SYN_TRAJ_0114	SYN_CPX_SPK_10	SYN_CPX_ITEM_06	B	0	374.38233	21	SYNTHETIC_TEACHING_FIXTURE
SYN_TRAJ_0115	SYN_CPX_SPK_10	SYN_CPX_ITEM_07	B	0	416.76484	21	SYNTHETIC_TEACHING_FIXTURE
SYN_TRAJ_0116	SYN_CPX_SPK_10	SYN_CPX_ITEM_08	B	0	467.07300	21	SYNTHETIC_TEACHING_FIXTURE
SYN_TRAJ_0117	SYN_CPX_SPK_10	SYN_CPX_ITEM_09	B	0	435.11006	21	SYNTHETIC_TEACHING_FIXTURE
SYN_TRAJ_0118	SYN_CPX_SPK_10	SYN_CPX_ITEM_10	B	0	424.19897	21	SYNTHETIC_TEACHING_FIXTURE
SYN_TRAJ_0119	SYN_CPX_SPK_10	SYN_CPX_ITEM_11	B	0	375.75856	21	SYNTHETIC_TEACHING_FIXTURE
SYN_TRAJ_0120	SYN_CPX_SPK_10	SYN_CPX_ITEM_12	B	0	391.00068	21	SYNTHETIC_TEACHING_FIXTURE
SYN_TRAJ_0121	SYN_CPX_SPK_11	SYN_CPX_ITEM_01	A	0	391.90124	21	SYNTHETIC_TEACHING_FIXTURE
SYN_TRAJ_0122	SYN_CPX_SPK_11	SYN_CPX_ITEM_02	A	0	420.55872	21	SYNTHETIC_TEACHING_FIXTURE
SYN_TRAJ_0123	SYN_CPX_SPK_11	SYN_CPX_ITEM_03	A	0	437.12111	21	SYNTHETIC_TEACHING_FIXTURE
SYN_TRAJ_0124	SYN_CPX_SPK_11	SYN_CPX_ITEM_04	A	0	415.46295	21	SYNTHETIC_TEACHING_FIXTURE
SYN_TRAJ_0125	SYN_CPX_SPK_11	SYN_CPX_ITEM_05	A	0	385.43924	21	SYNTHETIC_TEACHING_FIXTURE
SYN_TRAJ_0126	SYN_CPX_SPK_11	SYN_CPX_ITEM_06	A	0	381.17269	21	SYNTHETIC_TEACHING_FIXTURE
SYN_TRAJ_0127	SYN_CPX_SPK_11	SYN_CPX_ITEM_07	A	0	423.95122	21	SYNTHETIC_TEACHING_FIXTURE
SYN_TRAJ_0128	SYN_CPX_SPK_11	SYN_CPX_ITEM_08	A	0	374.47504	21	SYNTHETIC_TEACHING_FIXTURE
SYN_TRAJ_0129	SYN_CPX_SPK_11	SYN_CPX_ITEM_09	A	0	469.77530	21	SYNTHETIC_TEACHING_FIXTURE
SYN_TRAJ_0130	SYN_CPX_SPK_11	SYN_CPX_ITEM_10	A	0	446.91389	21	SYNTHETIC_TEACHING_FIXTURE
SYN_TRAJ_0131	SYN_CPX_SPK_11	SYN_CPX_ITEM_11	A	0	399.59797	21	SYNTHETIC_TEACHING_FIXTURE
SYN_TRAJ_0132	SYN_CPX_SPK_11	SYN_CPX_ITEM_12	A	0	456.17417	21	SYNTHETIC_TEACHING_FIXTURE
SYN_TRAJ_0133	SYN_CPX_SPK_12	SYN_CPX_ITEM_01	B	0	471.37569	21	SYNTHETIC_TEACHING_FIXTURE
SYN_TRAJ_0134	SYN_CPX_SPK_12	SYN_CPX_ITEM_02	B	0	463.16059	21	SYNTHETIC_TEACHING_FIXTURE
SYN_TRAJ_0135	SYN_CPX_SPK_12	SYN_CPX_ITEM_03	B	0	386.48269	21	SYNTHETIC_TEACHING_FIXTURE
SYN_TRAJ_0136	SYN_CPX_SPK_12	SYN_CPX_ITEM_04	B	0	460.24221	21	SYNTHETIC_TEACHING_FIXTURE
SYN_TRAJ_0137	SYN_CPX_SPK_12	SYN_CPX_ITEM_05	B	0	422.26061	21	SYNTHETIC_TEACHING_FIXTURE
SYN_TRAJ_0138	SYN_CPX_SPK_12	SYN_CPX_ITEM_06	B	0	463.92358	21	SYNTHETIC_TEACHING_FIXTURE
SYN_TRAJ_0139	SYN_CPX_SPK_12	SYN_CPX_ITEM_07	B	0	433.23113	21	SYNTHETIC_TEACHING_FIXTURE
SYN_TRAJ_0140	SYN_CPX_SPK_12	SYN_CPX_ITEM_08	B	0	448.19057	21	SYNTHETIC_TEACHING_FIXTURE
SYN_TRAJ_0141	SYN_CPX_SPK_12	SYN_CPX_ITEM_09	B	0	399.48614	21	SYNTHETIC_TEACHING_FIXTURE
SYN_TRAJ_0142	SYN_CPX_SPK_12	SYN_CPX_ITEM_10	B	0	423.24309	21	SYNTHETIC_TEACHING_FIXTURE
SYN_TRAJ_0143	SYN_CPX_SPK_12	SYN_CPX_ITEM_11	B	0	391.83498	21	SYNTHETIC_TEACHING_FIXTURE
SYN_TRAJ_0144	SYN_CPX_SPK_12	SYN_CPX_ITEM_12	B	0	473.73242	21	SYNTHETIC_TEACHING_FIXTURE
SYN_TRAJ_0145	SYN_CPX_SPK_13	SYN_CPX_ITEM_01	A	0	416.34457	21	SYNTHETIC_TEACHING_FIXTURE
SYN_TRAJ_0146	SYN_CPX_SPK_13	SYN_CPX_ITEM_02	A	0	379.42338	21	SYNTHETIC_TEACHING_FIXTURE
SYN_TRAJ_0147	SYN_CPX_SPK_13	SYN_CPX_ITEM_03	A	0	387.03770	21	SYNTHETIC_TEACHING_FIXTURE
SYN_TRAJ_0148	SYN_CPX_SPK_13	SYN_CPX_ITEM_04	A	0	437.47003	21	SYNTHETIC_TEACHING_FIXTURE
SYN_TRAJ_0149	SYN_CPX_SPK_13	SYN_CPX_ITEM_05	A	0	438.74097	21	SYNTHETIC_TEACHING_FIXTURE
SYN_TRAJ_0150	SYN_CPX_SPK_13	SYN_CPX_ITEM_06	A	0	444.18651	21	SYNTHETIC_TEACHING_FIXTURE
SYN_TRAJ_0151	SYN_CPX_SPK_13	SYN_CPX_ITEM_07	A	0	369.83136	21	SYNTHETIC_TEACHING_FIXTURE
SYN_TRAJ_0152	SYN_CPX_SPK_13	SYN_CPX_ITEM_08	A	0	435.48058	21	SYNTHETIC_TEACHING_FIXTURE
SYN_TRAJ_0153	SYN_CPX_SPK_13	SYN_CPX_ITEM_09	A	0	474.00021	21	SYNTHETIC_TEACHING_FIXTURE
SYN_TRAJ_0154	SYN_CPX_SPK_13	SYN_CPX_ITEM_10	A	0	366.27078	21	SYNTHETIC_TEACHING_FIXTURE
SYN_TRAJ_0155	SYN_CPX_SPK_13	SYN_CPX_ITEM_11	A	0	423.93826	21	SYNTHETIC_TEACHING_FIXTURE
SYN_TRAJ_0156	SYN_CPX_SPK_13	SYN_CPX_ITEM_12	A	0	405.31534	21	SYNTHETIC_TEACHING_FIXTURE
SYN_TRAJ_0157	SYN_CPX_SPK_14	SYN_CPX_ITEM_01	B	0	453.71142	21	SYNTHETIC_TEACHING_FIXTURE
SYN_TRAJ_0158	SYN_CPX_SPK_14	SYN_CPX_ITEM_02	B	0	376.62876	21	SYNTHETIC_TEACHING_FIXTURE
SYN_TRAJ_0159	SYN_CPX_SPK_14	SYN_CPX_ITEM_03	B	0	432.87368	21	SYNTHETIC_TEACHING_FIXTURE
SYN_TRAJ_0160	SYN_CPX_SPK_14	SYN_CPX_ITEM_04	B	0	387.12056	21	SYNTHETIC_TEACHING_FIXTURE
SYN_TRAJ_0161	SYN_CPX_SPK_14	SYN_CPX_ITEM_05	B	0	374.31721	21	SYNTHETIC_TEACHING_FIXTURE
SYN_TRAJ_0162	SYN_CPX_SPK_14	SYN_CPX_ITEM_06	B	0	462.10792	21	SYNTHETIC_TEACHING_FIXTURE
SYN_TRAJ_0163	SYN_CPX_SPK_14	SYN_CPX_ITEM_07	B	0	374.27553	21	SYNTHETIC_TEACHING_FIXTURE
SYN_TRAJ_0164	SYN_CPX_SPK_14	SYN_CPX_ITEM_08	B	0	425.63924	21	SYNTHETIC_TEACHING_FIXTURE
SYN_TRAJ_0165	SYN_CPX_SPK_14	SYN_CPX_ITEM_09	B	0	452.38793	21	SYNTHETIC_TEACHING_FIXTURE
SYN_TRAJ_0166	SYN_CPX_SPK_14	SYN_CPX_ITEM_10	B	0	401.71480	21	SYNTHETIC_TEACHING_FIXTURE
SYN_TRAJ_0167	SYN_CPX_SPK_14	SYN_CPX_ITEM_11	B	0	434.75726	21	SYNTHETIC_TEACHING_FIXTURE
SYN_TRAJ_0168	SYN_CPX_SPK_14	SYN_CPX_ITEM_12	B	0	406.15978	21	SYNTHETIC_TEACHING_FIXTURE
SYN_TRAJ_0169	SYN_CPX_SPK_15	SYN_CPX_ITEM_01	A	0	400.90240	21	SYNTHETIC_TEACHING_FIXTURE
SYN_TRAJ_0170	SYN_CPX_SPK_15	SYN_CPX_ITEM_02	A	0	396.68235	21	SYNTHETIC_TEACHING_FIXTURE
SYN_TRAJ_0171	SYN_CPX_SPK_15	SYN_CPX_ITEM_03	A	0	460.60424	21	SYNTHETIC_TEACHING_FIXTURE
SYN_TRAJ_0172	SYN_CPX_SPK_15	SYN_CPX_ITEM_04	A	0	451.27644	21	SYNTHETIC_TEACHING_FIXTURE
SYN_TRAJ_0173	SYN_CPX_SPK_15	SYN_CPX_ITEM_05	A	0	421.21332	21	SYNTHETIC_TEACHING_FIXTURE
SYN_TRAJ_0174	SYN_CPX_SPK_15	SYN_CPX_ITEM_06	A	0	427.54604	21	SYNTHETIC_TEACHING_FIXTURE
SYN_TRAJ_0175	SYN_CPX_SPK_15	SYN_CPX_ITEM_07	A	0	472.81433	21	SYNTHETIC_TEACHING_FIXTURE
SYN_TRAJ_0176	SYN_CPX_SPK_15	SYN_CPX_ITEM_08	A	0	390.78712	21	SYNTHETIC_TEACHING_FIXTURE
SYN_TRAJ_0177	SYN_CPX_SPK_15	SYN_CPX_ITEM_09	A	0	462.61083	21	SYNTHETIC_TEACHING_FIXTURE
SYN_TRAJ_0178	SYN_CPX_SPK_15	SYN_CPX_ITEM_10	A	0	391.72043	21	SYNTHETIC_TEACHING_FIXTURE
SYN_TRAJ_0179	SYN_CPX_SPK_15	SYN_CPX_ITEM_11	A	0	399.24924	21	SYNTHETIC_TEACHING_FIXTURE
SYN_TRAJ_0180	SYN_CPX_SPK_15	SYN_CPX_ITEM_12	A	0	412.87289	21	SYNTHETIC_TEACHING_FIXTURE
SYN_TRAJ_0181	SYN_CPX_SPK_16	SYN_CPX_ITEM_01	B	0	471.01641	21	SYNTHETIC_TEACHING_FIXTURE
SYN_TRAJ_0182	SYN_CPX_SPK_16	SYN_CPX_ITEM_02	B	0	465.38697	21	SYNTHETIC_TEACHING_FIXTURE
SYN_TRAJ_0183	SYN_CPX_SPK_16	SYN_CPX_ITEM_03	B	0	445.60655	21	SYNTHETIC_TEACHING_FIXTURE
SYN_TRAJ_0184	SYN_CPX_SPK_16	SYN_CPX_ITEM_04	B	0	398.22888	21	SYNTHETIC_TEACHING_FIXTURE
SYN_TRAJ_0185	SYN_CPX_SPK_16	SYN_CPX_ITEM_05	B	0	374.40819	21	SYNTHETIC_TEACHING_FIXTURE
SYN_TRAJ_0186	SYN_CPX_SPK_16	SYN_CPX_ITEM_06	B	0	416.50389	21	SYNTHETIC_TEACHING_FIXTURE
SYN_TRAJ_0187	SYN_CPX_SPK_16	SYN_CPX_ITEM_07	B	0	399.49199	21	SYNTHETIC_TEACHING_FIXTURE
SYN_TRAJ_0188	SYN_CPX_SPK_16	SYN_CPX_ITEM_08	B	0	377.36015	21	SYNTHETIC_TEACHING_FIXTURE
SYN_TRAJ_0189	SYN_CPX_SPK_16	SYN_CPX_ITEM_09	B	0	392.99219	21	SYNTHETIC_TEACHING_FIXTURE
SYN_TRAJ_0190	SYN_CPX_SPK_16	SYN_CPX_ITEM_10	B	0	372.03682	21	SYNTHETIC_TEACHING_FIXTURE
SYN_TRAJ_0191	SYN_CPX_SPK_16	SYN_CPX_ITEM_11	B	0	407.03435	21	SYNTHETIC_TEACHING_FIXTURE
SYN_TRAJ_0192	SYN_CPX_SPK_16	SYN_CPX_ITEM_12	B	0	417.77154	21	SYNTHETIC_TEACHING_FIXTURE
SYN_TRAJ_0193	SYN_CPX_SPK_17	SYN_CPX_ITEM_01	A	0	379.97727	21	SYNTHETIC_TEACHING_FIXTURE
SYN_TRAJ_0194	SYN_CPX_SPK_17	SYN_CPX_ITEM_02	A	0	412.52258	21	SYNTHETIC_TEACHING_FIXTURE
SYN_TRAJ_0195	SYN_CPX_SPK_17	SYN_CPX_ITEM_03	A	0	378.23945	21	SYNTHETIC_TEACHING_FIXTURE
SYN_TRAJ_0196	SYN_CPX_SPK_17	SYN_CPX_ITEM_04	A	0	447.82603	21	SYNTHETIC_TEACHING_FIXTURE
SYN_TRAJ_0197	SYN_CPX_SPK_17	SYN_CPX_ITEM_05	A	0	470.70276	21	SYNTHETIC_TEACHING_FIXTURE
SYN_TRAJ_0198	SYN_CPX_SPK_17	SYN_CPX_ITEM_06	A	0	385.26679	21	SYNTHETIC_TEACHING_FIXTURE
SYN_TRAJ_0199	SYN_CPX_SPK_17	SYN_CPX_ITEM_07	A	0	399.70171	21	SYNTHETIC_TEACHING_FIXTURE
SYN_TRAJ_0200	SYN_CPX_SPK_17	SYN_CPX_ITEM_08	A	0	449.83004	21	SYNTHETIC_TEACHING_FIXTURE
SYN_TRAJ_0201	SYN_CPX_SPK_17	SYN_CPX_ITEM_09	A	0	406.23934	21	SYNTHETIC_TEACHING_FIXTURE
SYN_TRAJ_0202	SYN_CPX_SPK_17	SYN_CPX_ITEM_10	A	0	457.12436	21	SYNTHETIC_TEACHING_FIXTURE
SYN_TRAJ_0203	SYN_CPX_SPK_17	SYN_CPX_ITEM_11	A	0	453.19700	21	SYNTHETIC_TEACHING_FIXTURE
SYN_TRAJ_0204	SYN_CPX_SPK_17	SYN_CPX_ITEM_12	A	0	439.92270	21	SYNTHETIC_TEACHING_FIXTURE
SYN_TRAJ_0205	SYN_CPX_SPK_18	SYN_CPX_ITEM_01	B	0	376.71641	21	SYNTHETIC_TEACHING_FIXTURE
SYN_TRAJ_0206	SYN_CPX_SPK_18	SYN_CPX_ITEM_02	B	0	454.12004	21	SYNTHETIC_TEACHING_FIXTURE
SYN_TRAJ_0207	SYN_CPX_SPK_18	SYN_CPX_ITEM_03	B	0	404.32324	21	SYNTHETIC_TEACHING_FIXTURE
SYN_TRAJ_0208	SYN_CPX_SPK_18	SYN_CPX_ITEM_04	B	0	455.24799	21	SYNTHETIC_TEACHING_FIXTURE
SYN_TRAJ_0209	SYN_CPX_SPK_18	SYN_CPX_ITEM_05	B	0	455.80987	21	SYNTHETIC_TEACHING_FIXTURE
SYN_TRAJ_0210	SYN_CPX_SPK_18	SYN_CPX_ITEM_06	B	0	367.08977	21	SYNTHETIC_TEACHING_FIXTURE
SYN_TRAJ_0211	SYN_CPX_SPK_18	SYN_CPX_ITEM_07	B	0	396.54511	21	SYNTHETIC_TEACHING_FIXTURE
SYN_TRAJ_0212	SYN_CPX_SPK_18	SYN_CPX_ITEM_08	B	0	372.63517	21	SYNTHETIC_TEACHING_FIXTURE
SYN_TRAJ_0213	SYN_CPX_SPK_18	SYN_CPX_ITEM_09	B	0	385.71634	21	SYNTHETIC_TEACHING_FIXTURE
SYN_TRAJ_0214	SYN_CPX_SPK_18	SYN_CPX_ITEM_10	B	0	396.17165	21	SYNTHETIC_TEACHING_FIXTURE
SYN_TRAJ_0215	SYN_CPX_SPK_18	SYN_CPX_ITEM_11	B	0	394.01230	21	SYNTHETIC_TEACHING_FIXTURE
SYN_TRAJ_0216	SYN_CPX_SPK_18	SYN_CPX_ITEM_12	B	0	386.39568	21	SYNTHETIC_TEACHING_FIXTURE
SYN_TRAJ_0217	SYN_CPX_SPK_19	SYN_CPX_ITEM_01	A	0	440.90661	21	SYNTHETIC_TEACHING_FIXTURE
SYN_TRAJ_0218	SYN_CPX_SPK_19	SYN_CPX_ITEM_02	A	0	438.21122	21	SYNTHETIC_TEACHING_FIXTURE
SYN_TRAJ_0219	SYN_CPX_SPK_19	SYN_CPX_ITEM_03	A	0	446.92079	21	SYNTHETIC_TEACHING_FIXTURE
SYN_TRAJ_0220	SYN_CPX_SPK_19	SYN_CPX_ITEM_04	A	0	399.29681	21	SYNTHETIC_TEACHING_FIXTURE
SYN_TRAJ_0221	SYN_CPX_SPK_19	SYN_CPX_ITEM_05	A	0	400.17015	21	SYNTHETIC_TEACHING_FIXTURE
SYN_TRAJ_0222	SYN_CPX_SPK_19	SYN_CPX_ITEM_06	A	0	458.23978	21	SYNTHETIC_TEACHING_FIXTURE
SYN_TRAJ_0223	SYN_CPX_SPK_19	SYN_CPX_ITEM_07	A	0	456.05810	21	SYNTHETIC_TEACHING_FIXTURE
SYN_TRAJ_0224	SYN_CPX_SPK_19	SYN_CPX_ITEM_08	A	0	398.04459	21	SYNTHETIC_TEACHING_FIXTURE
SYN_TRAJ_0225	SYN_CPX_SPK_19	SYN_CPX_ITEM_09	A	0	368.55937	21	SYNTHETIC_TEACHING_FIXTURE
SYN_TRAJ_0226	SYN_CPX_SPK_19	SYN_CPX_ITEM_10	A	0	452.65252	21	SYNTHETIC_TEACHING_FIXTURE
SYN_TRAJ_0227	SYN_CPX_SPK_19	SYN_CPX_ITEM_11	A	0	448.27395	21	SYNTHETIC_TEACHING_FIXTURE
SYN_TRAJ_0228	SYN_CPX_SPK_19	SYN_CPX_ITEM_12	A	0	394.36769	21	SYNTHETIC_TEACHING_FIXTURE
SYN_TRAJ_0229	SYN_CPX_SPK_20	SYN_CPX_ITEM_01	B	0	437.95038	21	SYNTHETIC_TEACHING_FIXTURE
SYN_TRAJ_0230	SYN_CPX_SPK_20	SYN_CPX_ITEM_02	B	0	366.79585	21	SYNTHETIC_TEACHING_FIXTURE
SYN_TRAJ_0231	SYN_CPX_SPK_20	SYN_CPX_ITEM_03	B	0	430.20647	21	SYNTHETIC_TEACHING_FIXTURE
SYN_TRAJ_0232	SYN_CPX_SPK_20	SYN_CPX_ITEM_04	B	0	396.69795	21	SYNTHETIC_TEACHING_FIXTURE
SYN_TRAJ_0233	SYN_CPX_SPK_20	SYN_CPX_ITEM_05	B	0	448.63486	21	SYNTHETIC_TEACHING_FIXTURE
SYN_TRAJ_0234	SYN_CPX_SPK_20	SYN_CPX_ITEM_06	B	0	419.94910	21	SYNTHETIC_TEACHING_FIXTURE
SYN_TRAJ_0235	SYN_CPX_SPK_20	SYN_CPX_ITEM_07	B	0	455.90869	21	SYNTHETIC_TEACHING_FIXTURE
SYN_TRAJ_0236	SYN_CPX_SPK_20	SYN_CPX_ITEM_08	B	0	388.64627	21	SYNTHETIC_TEACHING_FIXTURE
SYN_TRAJ_0237	SYN_CPX_SPK_20	SYN_CPX_ITEM_09	B	0	431.36839	21	SYNTHETIC_TEACHING_FIXTURE
SYN_TRAJ_0238	SYN_CPX_SPK_20	SYN_CPX_ITEM_10	B	0	405.12830	21	SYNTHETIC_TEACHING_FIXTURE
SYN_TRAJ_0239	SYN_CPX_SPK_20	SYN_CPX_ITEM_11	B	0	434.63839	21	SYNTHETIC_TEACHING_FIXTURE
SYN_TRAJ_0240	SYN_CPX_SPK_20	SYN_CPX_ITEM_12	B	0	412.89364	21	SYNTHETIC_TEACHING_FIXTURE
SYN_TRAJ_0241	SYN_CPX_SPK_21	SYN_CPX_ITEM_01	A	0	368.33520	21	SYNTHETIC_TEACHING_FIXTURE
SYN_TRAJ_0242	SYN_CPX_SPK_21	SYN_CPX_ITEM_02	A	0	463.99510	21	SYNTHETIC_TEACHING_FIXTURE
SYN_TRAJ_0243	SYN_CPX_SPK_21	SYN_CPX_ITEM_03	A	0	448.77589	21	SYNTHETIC_TEACHING_FIXTURE
SYN_TRAJ_0244	SYN_CPX_SPK_21	SYN_CPX_ITEM_04	A	0	377.13770	21	SYNTHETIC_TEACHING_FIXTURE
SYN_TRAJ_0245	SYN_CPX_SPK_21	SYN_CPX_ITEM_05	A	0	391.18164	21	SYNTHETIC_TEACHING_FIXTURE
SYN_TRAJ_0246	SYN_CPX_SPK_21	SYN_CPX_ITEM_06	A	0	411.75725	21	SYNTHETIC_TEACHING_FIXTURE
SYN_TRAJ_0247	SYN_CPX_SPK_21	SYN_CPX_ITEM_07	A	0	368.85504	21	SYNTHETIC_TEACHING_FIXTURE
SYN_TRAJ_0248	SYN_CPX_SPK_21	SYN_CPX_ITEM_08	A	0	389.28173	21	SYNTHETIC_TEACHING_FIXTURE
SYN_TRAJ_0249	SYN_CPX_SPK_21	SYN_CPX_ITEM_09	A	0	449.91231	21	SYNTHETIC_TEACHING_FIXTURE
SYN_TRAJ_0250	SYN_CPX_SPK_21	SYN_CPX_ITEM_10	A	0	401.38083	21	SYNTHETIC_TEACHING_FIXTURE
SYN_TRAJ_0251	SYN_CPX_SPK_21	SYN_CPX_ITEM_11	A	0	415.63234	21	SYNTHETIC_TEACHING_FIXTURE
SYN_TRAJ_0252	SYN_CPX_SPK_21	SYN_CPX_ITEM_12	A	0	438.04572	21	SYNTHETIC_TEACHING_FIXTURE
SYN_TRAJ_0253	SYN_CPX_SPK_22	SYN_CPX_ITEM_01	B	0	393.81292	21	SYNTHETIC_TEACHING_FIXTURE
SYN_TRAJ_0254	SYN_CPX_SPK_22	SYN_CPX_ITEM_02	B	0	389.30836	21	SYNTHETIC_TEACHING_FIXTURE
SYN_TRAJ_0255	SYN_CPX_SPK_22	SYN_CPX_ITEM_03	B	0	458.70504	21	SYNTHETIC_TEACHING_FIXTURE
SYN_TRAJ_0256	SYN_CPX_SPK_22	SYN_CPX_ITEM_04	B	0	404.36461	21	SYNTHETIC_TEACHING_FIXTURE
SYN_TRAJ_0257	SYN_CPX_SPK_22	SYN_CPX_ITEM_05	B	0	448.92956	21	SYNTHETIC_TEACHING_FIXTURE
SYN_TRAJ_0258	SYN_CPX_SPK_22	SYN_CPX_ITEM_06	B	0	389.88728	21	SYNTHETIC_TEACHING_FIXTURE
SYN_TRAJ_0259	SYN_CPX_SPK_22	SYN_CPX_ITEM_07	B	0	473.95286	21	SYNTHETIC_TEACHING_FIXTURE
SYN_TRAJ_0260	SYN_CPX_SPK_22	SYN_CPX_ITEM_08	B	0	383.61028	21	SYNTHETIC_TEACHING_FIXTURE
SYN_TRAJ_0261	SYN_CPX_SPK_22	SYN_CPX_ITEM_09	B	0	382.07851	21	SYNTHETIC_TEACHING_FIXTURE
SYN_TRAJ_0262	SYN_CPX_SPK_22	SYN_CPX_ITEM_10	B	0	380.49331	21	SYNTHETIC_TEACHING_FIXTURE
SYN_TRAJ_0263	SYN_CPX_SPK_22	SYN_CPX_ITEM_11	B	0	374.32295	21	SYNTHETIC_TEACHING_FIXTURE
SYN_TRAJ_0264	SYN_CPX_SPK_22	SYN_CPX_ITEM_12	B	0	378.89546	21	SYNTHETIC_TEACHING_FIXTURE
SYN_TRAJ_0265	SYN_CPX_SPK_23	SYN_CPX_ITEM_01	A	0	457.05855	21	SYNTHETIC_TEACHING_FIXTURE
SYN_TRAJ_0266	SYN_CPX_SPK_23	SYN_CPX_ITEM_02	A	0	378.26167	21	SYNTHETIC_TEACHING_FIXTURE
SYN_TRAJ_0267	SYN_CPX_SPK_23	SYN_CPX_ITEM_03	A	0	412.78378	21	SYNTHETIC_TEACHING_FIXTURE
SYN_TRAJ_0268	SYN_CPX_SPK_23	SYN_CPX_ITEM_04	A	0	391.85482	21	SYNTHETIC_TEACHING_FIXTURE
SYN_TRAJ_0269	SYN_CPX_SPK_23	SYN_CPX_ITEM_05	A	0	368.79806	21	SYNTHETIC_TEACHING_FIXTURE
SYN_TRAJ_0270	SYN_CPX_SPK_23	SYN_CPX_ITEM_06	A	0	428.67260	21	SYNTHETIC_TEACHING_FIXTURE
SYN_TRAJ_0271	SYN_CPX_SPK_23	SYN_CPX_ITEM_07	A	0	370.36194	21	SYNTHETIC_TEACHING_FIXTURE
SYN_TRAJ_0272	SYN_CPX_SPK_23	SYN_CPX_ITEM_08	A	0	447.25221	21	SYNTHETIC_TEACHING_FIXTURE
SYN_TRAJ_0273	SYN_CPX_SPK_23	SYN_CPX_ITEM_09	A	0	425.64680	21	SYNTHETIC_TEACHING_FIXTURE
SYN_TRAJ_0274	SYN_CPX_SPK_23	SYN_CPX_ITEM_10	A	0	461.18553	21	SYNTHETIC_TEACHING_FIXTURE
SYN_TRAJ_0275	SYN_CPX_SPK_23	SYN_CPX_ITEM_11	A	0	448.19562	21	SYNTHETIC_TEACHING_FIXTURE
SYN_TRAJ_0276	SYN_CPX_SPK_23	SYN_CPX_ITEM_12	A	0	436.06550	21	SYNTHETIC_TEACHING_FIXTURE
SYN_TRAJ_0277	SYN_CPX_SPK_24	SYN_CPX_ITEM_01	B	0	396.70238	21	SYNTHETIC_TEACHING_FIXTURE
SYN_TRAJ_0278	SYN_CPX_SPK_24	SYN_CPX_ITEM_02	B	0	470.77921	21	SYNTHETIC_TEACHING_FIXTURE
SYN_TRAJ_0279	SYN_CPX_SPK_24	SYN_CPX_ITEM_03	B	0	407.51544	21	SYNTHETIC_TEACHING_FIXTURE
SYN_TRAJ_0280	SYN_CPX_SPK_24	SYN_CPX_ITEM_04	B	0	466.39573	21	SYNTHETIC_TEACHING_FIXTURE
SYN_TRAJ_0281	SYN_CPX_SPK_24	SYN_CPX_ITEM_05	B	0	421.50290	21	SYNTHETIC_TEACHING_FIXTURE
SYN_TRAJ_0282	SYN_CPX_SPK_24	SYN_CPX_ITEM_06	B	0	444.88284	21	SYNTHETIC_TEACHING_FIXTURE
SYN_TRAJ_0283	SYN_CPX_SPK_24	SYN_CPX_ITEM_07	B	0	407.27590	21	SYNTHETIC_TEACHING_FIXTURE
SYN_TRAJ_0284	SYN_CPX_SPK_24	SYN_CPX_ITEM_08	B	0	378.18683	21	SYNTHETIC_TEACHING_FIXTURE
SYN_TRAJ_0285	SYN_CPX_SPK_24	SYN_CPX_ITEM_09	B	0	365.58338	21	SYNTHETIC_TEACHING_FIXTURE
SYN_TRAJ_0286	SYN_CPX_SPK_24	SYN_CPX_ITEM_10	B	0	469.02202	21	SYNTHETIC_TEACHING_FIXTURE
SYN_TRAJ_0287	SYN_CPX_SPK_24	SYN_CPX_ITEM_11	B	0	428.08457	21	SYNTHETIC_TEACHING_FIXTURE
SYN_TRAJ_0288	SYN_CPX_SPK_24	SYN_CPX_ITEM_12	B	0	383.71656	21	SYNTHETIC_TEACHING_FIXTURE
SYN_TRAJ_0289	SYN_CPX_SPK_25	SYN_CPX_ITEM_01	A	0	393.69090	21	SYNTHETIC_TEACHING_FIXTURE
SYN_TRAJ_0290	SYN_CPX_SPK_25	SYN_CPX_ITEM_02	A	0	465.09740	21	SYNTHETIC_TEACHING_FIXTURE
SYN_TRAJ_0291	SYN_CPX_SPK_25	SYN_CPX_ITEM_03	A	0	432.93819	21	SYNTHETIC_TEACHING_FIXTURE
SYN_TRAJ_0292	SYN_CPX_SPK_25	SYN_CPX_ITEM_04	A	0	423.96099	21	SYNTHETIC_TEACHING_FIXTURE
SYN_TRAJ_0293	SYN_CPX_SPK_25	SYN_CPX_ITEM_05	A	0	436.40564	21	SYNTHETIC_TEACHING_FIXTURE
SYN_TRAJ_0294	SYN_CPX_SPK_25	SYN_CPX_ITEM_06	A	0	377.27027	21	SYNTHETIC_TEACHING_FIXTURE
SYN_TRAJ_0295	SYN_CPX_SPK_25	SYN_CPX_ITEM_07	A	0	414.94115	21	SYNTHETIC_TEACHING_FIXTURE
SYN_TRAJ_0296	SYN_CPX_SPK_25	SYN_CPX_ITEM_08	A	0	386.88838	21	SYNTHETIC_TEACHING_FIXTURE
SYN_TRAJ_0297	SYN_CPX_SPK_25	SYN_CPX_ITEM_09	A	0	437.58462	21	SYNTHETIC_TEACHING_FIXTURE
SYN_TRAJ_0298	SYN_CPX_SPK_25	SYN_CPX_ITEM_10	A	0	443.42888	21	SYNTHETIC_TEACHING_FIXTURE
SYN_TRAJ_0299	SYN_CPX_SPK_25	SYN_CPX_ITEM_11	A	0	448.02510	21	SYNTHETIC_TEACHING_FIXTURE
SYN_TRAJ_0300	SYN_CPX_SPK_25	SYN_CPX_ITEM_12	A	0	400.42316	21	SYNTHETIC_TEACHING_FIXTURE
SYN_TRAJ_0301	SYN_CPX_SPK_26	SYN_CPX_ITEM_01	B	0	441.75415	21	SYNTHETIC_TEACHING_FIXTURE
SYN_TRAJ_0302	SYN_CPX_SPK_26	SYN_CPX_ITEM_02	B	0	369.40985	21	SYNTHETIC_TEACHING_FIXTURE
SYN_TRAJ_0303	SYN_CPX_SPK_26	SYN_CPX_ITEM_03	B	0	442.68877	21	SYNTHETIC_TEACHING_FIXTURE
SYN_TRAJ_0304	SYN_CPX_SPK_26	SYN_CPX_ITEM_04	B	0	389.04724	21	SYNTHETIC_TEACHING_FIXTURE
SYN_TRAJ_0305	SYN_CPX_SPK_26	SYN_CPX_ITEM_05	B	0	378.54148	21	SYNTHETIC_TEACHING_FIXTURE
SYN_TRAJ_0306	SYN_CPX_SPK_26	SYN_CPX_ITEM_06	B	0	398.12459	21	SYNTHETIC_TEACHING_FIXTURE
SYN_TRAJ_0307	SYN_CPX_SPK_26	SYN_CPX_ITEM_07	B	0	404.67371	21	SYNTHETIC_TEACHING_FIXTURE
SYN_TRAJ_0308	SYN_CPX_SPK_26	SYN_CPX_ITEM_08	B	0	463.34904	21	SYNTHETIC_TEACHING_FIXTURE
SYN_TRAJ_0309	SYN_CPX_SPK_26	SYN_CPX_ITEM_09	B	0	410.12016	21	SYNTHETIC_TEACHING_FIXTURE
SYN_TRAJ_0310	SYN_CPX_SPK_26	SYN_CPX_ITEM_10	B	0	397.99730	21	SYNTHETIC_TEACHING_FIXTURE
SYN_TRAJ_0311	SYN_CPX_SPK_26	SYN_CPX_ITEM_11	B	0	435.32955	21	SYNTHETIC_TEACHING_FIXTURE
SYN_TRAJ_0312	SYN_CPX_SPK_26	SYN_CPX_ITEM_12	B	0	405.72828	21	SYNTHETIC_TEACHING_FIXTURE
SYN_TRAJ_0313	SYN_CPX_SPK_27	SYN_CPX_ITEM_01	A	0	373.66842	21	SYNTHETIC_TEACHING_FIXTURE
SYN_TRAJ_0314	SYN_CPX_SPK_27	SYN_CPX_ITEM_02	A	0	419.72997	21	SYNTHETIC_TEACHING_FIXTURE
SYN_TRAJ_0315	SYN_CPX_SPK_27	SYN_CPX_ITEM_03	A	0	402.55726	21	SYNTHETIC_TEACHING_FIXTURE
SYN_TRAJ_0316	SYN_CPX_SPK_27	SYN_CPX_ITEM_04	A	0	450.12621	21	SYNTHETIC_TEACHING_FIXTURE
SYN_TRAJ_0317	SYN_CPX_SPK_27	SYN_CPX_ITEM_05	A	0	397.15989	21	SYNTHETIC_TEACHING_FIXTURE
SYN_TRAJ_0318	SYN_CPX_SPK_27	SYN_CPX_ITEM_06	A	0	419.54680	21	SYNTHETIC_TEACHING_FIXTURE
SYN_TRAJ_0319	SYN_CPX_SPK_27	SYN_CPX_ITEM_07	A	0	413.53255	21	SYNTHETIC_TEACHING_FIXTURE
SYN_TRAJ_0320	SYN_CPX_SPK_27	SYN_CPX_ITEM_08	A	0	379.96448	21	SYNTHETIC_TEACHING_FIXTURE
SYN_TRAJ_0321	SYN_CPX_SPK_27	SYN_CPX_ITEM_09	A	0	413.54395	21	SYNTHETIC_TEACHING_FIXTURE
SYN_TRAJ_0322	SYN_CPX_SPK_27	SYN_CPX_ITEM_10	A	0	395.53431	21	SYNTHETIC_TEACHING_FIXTURE
SYN_TRAJ_0323	SYN_CPX_SPK_27	SYN_CPX_ITEM_11	A	0	443.71323	21	SYNTHETIC_TEACHING_FIXTURE
SYN_TRAJ_0324	SYN_CPX_SPK_27	SYN_CPX_ITEM_12	A	0	420.86658	21	SYNTHETIC_TEACHING_FIXTURE
SYN_TRAJ_0325	SYN_CPX_SPK_28	SYN_CPX_ITEM_01	B	0	365.69923	21	SYNTHETIC_TEACHING_FIXTURE
SYN_TRAJ_0326	SYN_CPX_SPK_28	SYN_CPX_ITEM_02	B	0	403.18404	21	SYNTHETIC_TEACHING_FIXTURE
SYN_TRAJ_0327	SYN_CPX_SPK_28	SYN_CPX_ITEM_03	B	0	456.56149	21	SYNTHETIC_TEACHING_FIXTURE
SYN_TRAJ_0328	SYN_CPX_SPK_28	SYN_CPX_ITEM_04	B	0	423.70385	21	SYNTHETIC_TEACHING_FIXTURE
SYN_TRAJ_0329	SYN_CPX_SPK_28	SYN_CPX_ITEM_05	B	0	367.47583	21	SYNTHETIC_TEACHING_FIXTURE
SYN_TRAJ_0330	SYN_CPX_SPK_28	SYN_CPX_ITEM_06	B	0	424.41319	21	SYNTHETIC_TEACHING_FIXTURE
SYN_TRAJ_0331	SYN_CPX_SPK_28	SYN_CPX_ITEM_07	B	0	443.91296	21	SYNTHETIC_TEACHING_FIXTURE
SYN_TRAJ_0332	SYN_CPX_SPK_28	SYN_CPX_ITEM_08	B	0	419.91947	21	SYNTHETIC_TEACHING_FIXTURE
SYN_TRAJ_0333	SYN_CPX_SPK_28	SYN_CPX_ITEM_09	B	0	445.85448	21	SYNTHETIC_TEACHING_FIXTURE
SYN_TRAJ_0334	SYN_CPX_SPK_28	SYN_CPX_ITEM_10	B	0	388.83838	21	SYNTHETIC_TEACHING_FIXTURE
SYN_TRAJ_0335	SYN_CPX_SPK_28	SYN_CPX_ITEM_11	B	0	467.03542	21	SYNTHETIC_TEACHING_FIXTURE
SYN_TRAJ_0336	SYN_CPX_SPK_28	SYN_CPX_ITEM_12	B	0	447.46089	21	SYNTHETIC_TEACHING_FIXTURE
SYN_TRAJ_0337	SYN_CPX_SPK_29	SYN_CPX_ITEM_01	A	0	417.94259	21	SYNTHETIC_TEACHING_FIXTURE
SYN_TRAJ_0338	SYN_CPX_SPK_29	SYN_CPX_ITEM_02	A	0	381.56744	21	SYNTHETIC_TEACHING_FIXTURE
SYN_TRAJ_0339	SYN_CPX_SPK_29	SYN_CPX_ITEM_03	A	0	458.22675	21	SYNTHETIC_TEACHING_FIXTURE
SYN_TRAJ_0340	SYN_CPX_SPK_29	SYN_CPX_ITEM_04	A	0	420.33545	21	SYNTHETIC_TEACHING_FIXTURE
SYN_TRAJ_0341	SYN_CPX_SPK_29	SYN_CPX_ITEM_05	A	0	436.96848	21	SYNTHETIC_TEACHING_FIXTURE
SYN_TRAJ_0342	SYN_CPX_SPK_29	SYN_CPX_ITEM_06	A	0	459.62605	21	SYNTHETIC_TEACHING_FIXTURE
SYN_TRAJ_0343	SYN_CPX_SPK_29	SYN_CPX_ITEM_07	A	0	469.75047	21	SYNTHETIC_TEACHING_FIXTURE
SYN_TRAJ_0344	SYN_CPX_SPK_29	SYN_CPX_ITEM_08	A	0	438.41630	21	SYNTHETIC_TEACHING_FIXTURE
SYN_TRAJ_0345	SYN_CPX_SPK_29	SYN_CPX_ITEM_09	A	0	451.89553	21	SYNTHETIC_TEACHING_FIXTURE
SYN_TRAJ_0346	SYN_CPX_SPK_29	SYN_CPX_ITEM_10	A	0	389.94714	21	SYNTHETIC_TEACHING_FIXTURE
SYN_TRAJ_0347	SYN_CPX_SPK_29	SYN_CPX_ITEM_11	A	0	445.85265	21	SYNTHETIC_TEACHING_FIXTURE
SYN_TRAJ_0348	SYN_CPX_SPK_29	SYN_CPX_ITEM_12	A	0	403.58020	21	SYNTHETIC_TEACHING_FIXTURE
SYN_TRAJ_0349	SYN_CPX_SPK_30	SYN_CPX_ITEM_01	B	0	396.27899	21	SYNTHETIC_TEACHING_FIXTURE
SYN_TRAJ_0350	SYN_CPX_SPK_30	SYN_CPX_ITEM_02	B	0	393.21984	21	SYNTHETIC_TEACHING_FIXTURE
SYN_TRAJ_0351	SYN_CPX_SPK_30	SYN_CPX_ITEM_03	B	0	393.90804	21	SYNTHETIC_TEACHING_FIXTURE
SYN_TRAJ_0352	SYN_CPX_SPK_30	SYN_CPX_ITEM_04	B	0	443.20191	21	SYNTHETIC_TEACHING_FIXTURE
SYN_TRAJ_0353	SYN_CPX_SPK_30	SYN_CPX_ITEM_05	B	0	445.53921	21	SYNTHETIC_TEACHING_FIXTURE
SYN_TRAJ_0354	SYN_CPX_SPK_30	SYN_CPX_ITEM_06	B	0	442.93945	21	SYNTHETIC_TEACHING_FIXTURE
SYN_TRAJ_0355	SYN_CPX_SPK_30	SYN_CPX_ITEM_07	B	0	375.51882	21	SYNTHETIC_TEACHING_FIXTURE
SYN_TRAJ_0356	SYN_CPX_SPK_30	SYN_CPX_ITEM_08	B	0	377.01934	21	SYNTHETIC_TEACHING_FIXTURE
SYN_TRAJ_0357	SYN_CPX_SPK_30	SYN_CPX_ITEM_09	B	0	465.80843	21	SYNTHETIC_TEACHING_FIXTURE
SYN_TRAJ_0358	SYN_CPX_SPK_30	SYN_CPX_ITEM_10	B	0	442.95381	21	SYNTHETIC_TEACHING_FIXTURE
SYN_TRAJ_0359	SYN_CPX_SPK_30	SYN_CPX_ITEM_11	B	0	405.51685	21	SYNTHETIC_TEACHING_FIXTURE
SYN_TRAJ_0360	SYN_CPX_SPK_30	SYN_CPX_ITEM_12	B	0	397.26985	21	SYNTHETIC_TEACHING_FIXTURE
