scenario_id	replicate	estimate	primary_estimate	error_scale	evidence_status	seed	data_status
validation_random	1	1.11018666371768	1.15319784692123	0.764494067084923	validation_derived_fixture	18042026	SYNTHETIC_TEACHING_FIXTURE
validation_random	2	1.26248133061941	1.15319784692123	0.764494067084923	validation_derived_fixture	18042026	SYNTHETIC_TEACHING_FIXTURE
validation_random	3	1.20554445877348	1.15319784692123	0.764494067084923	validation_derived_fixture	18042026	SYNTHETIC_TEACHING_FIXTURE
validation_random	4	1.03530848041623	1.15319784692123	0.764494067084923	validation_derived_fixture	18042026	SYNTHETIC_TEACHING_FIXTURE
validation_random	5	1.11460050594466	1.15319784692123	0.764494067084923	validation_derived_fixture	18042026	SYNTHETIC_TEACHING_FIXTURE
validation_random	6	1.03058636890448	1.15319784692123	0.764494067084923	validation_derived_fixture	18042026	SYNTHETIC_TEACHING_FIXTURE
validation_random	7	1.15579240174072	1.15319784692123	0.764494067084923	validation_derived_fixture	18042026	SYNTHETIC_TEACHING_FIXTURE
validation_random	8	1.36952659282421	1.15319784692123	0.764494067084923	validation_derived_fixture	18042026	SYNTHETIC_TEACHING_FIXTURE
validation_random	9	1.10705335895387	1.15319784692123	0.764494067084923	validation_derived_fixture	18042026	SYNTHETIC_TEACHING_FIXTURE
validation_random	10	1.23586916142414	1.15319784692123	0.764494067084923	validation_derived_fixture	18042026	SYNTHETIC_TEACHING_FIXTURE
validation_random	11	1.22619028305251	1.15319784692123	0.764494067084923	validation_derived_fixture	18042026	SYNTHETIC_TEACHING_FIXTURE
validation_random	12	1.09239177658338	1.15319784692123	0.764494067084923	validation_derived_fixture	18042026	SYNTHETIC_TEACHING_FIXTURE
validation_random	13	1.22224877023821	1.15319784692123	0.764494067084923	validation_derived_fixture	18042026	SYNTHETIC_TEACHING_FIXTURE
validation_random	14	1.14234422036313	1.15319784692123	0.764494067084923	validation_derived_fixture	18042026	SYNTHETIC_TEACHING_FIXTURE
validation_random	15	1.15630833598565	1.15319784692123	0.764494067084923	validation_derived_fixture	18042026	SYNTHETIC_TEACHING_FIXTURE
validation_random	16	1.27902919148757	1.15319784692123	0.764494067084923	validation_derived_fixture	18042026	SYNTHETIC_TEACHING_FIXTURE
validation_random	17	1.15545509234552	1.15319784692123	0.764494067084923	validation_derived_fixture	18042026	SYNTHETIC_TEACHING_FIXTURE
validation_random	18	1.16472798797618	1.15319784692123	0.764494067084923	validation_derived_fixture	18042026	SYNTHETIC_TEACHING_FIXTURE
validation_random	19	1.23950065271094	1.15319784692123	0.764494067084923	validation_derived_fixture	18042026	SYNTHETIC_TEACHING_FIXTURE
validation_random	20	1.0881514764007	1.15319784692123	0.764494067084923	validation_derived_fixture	18042026	SYNTHETIC_TEACHING_FIXTURE
validation_random	21	1.12107580923917	1.15319784692123	0.764494067084923	validation_derived_fixture	18042026	SYNTHETIC_TEACHING_FIXTURE
validation_random	22	1.13737568797966	1.15319784692123	0.764494067084923	validation_derived_fixture	18042026	SYNTHETIC_TEACHING_FIXTURE
validation_random	23	1.1732427487411	1.15319784692123	0.764494067084923	validation_derived_fixture	18042026	SYNTHETIC_TEACHING_FIXTURE
validation_random	24	1.08554470720535	1.15319784692123	0.764494067084923	validation_derived_fixture	18042026	SYNTHETIC_TEACHING_FIXTURE
validation_random	25	1.24493108331611	1.15319784692123	0.764494067084923	validation_derived_fixture	18042026	SYNTHETIC_TEACHING_FIXTURE
validation_random	26	0.988879874303138	1.15319784692123	0.764494067084923	validation_derived_fixture	18042026	SYNTHETIC_TEACHING_FIXTURE
validation_random	27	1.15405780944721	1.15319784692123	0.764494067084923	validation_derived_fixture	18042026	SYNTHETIC_TEACHING_FIXTURE
validation_random	28	1.04342566652577	1.15319784692123	0.764494067084923	validation_derived_fixture	18042026	SYNTHETIC_TEACHING_FIXTURE
validation_random	29	1.19907258088321	1.15319784692123	0.764494067084923	validation_derived_fixture	18042026	SYNTHETIC_TEACHING_FIXTURE
validation_random	30	1.08549732701603	1.15319784692123	0.764494067084923	validation_derived_fixture	18042026	SYNTHETIC_TEACHING_FIXTURE
hypothetical_differential	1	2.05138454408019	1.15319784692123	0.898186697158962	HYPOTHETICAL_SENSITIVITY_ONLY	18042027	SYNTHETIC_TEACHING_FIXTURE
hypothetical_differential	2	3.0510848202613	1.15319784692123	1.89788697334006	HYPOTHETICAL_SENSITIVITY_ONLY	18042027	SYNTHETIC_TEACHING_FIXTURE
hypothetical_differential	3	2.88322529670417	1.15319784692123	1.73002744978294	HYPOTHETICAL_SENSITIVITY_ONLY	18042027	SYNTHETIC_TEACHING_FIXTURE
hypothetical_differential	4	2.85007844128281	1.15319784692123	1.69688059436157	HYPOTHETICAL_SENSITIVITY_ONLY	18042027	SYNTHETIC_TEACHING_FIXTURE
hypothetical_differential	5	2.44367505711138	1.15319784692123	1.29047721019015	HYPOTHETICAL_SENSITIVITY_ONLY	18042027	SYNTHETIC_TEACHING_FIXTURE
hypothetical_differential	6	1.22662374338701	1.15319784692123	0.0734258964657784	HYPOTHETICAL_SENSITIVITY_ONLY	18042027	SYNTHETIC_TEACHING_FIXTURE
hypothetical_differential	7	2.37455464954123	1.15319784692123	1.22135680261999	HYPOTHETICAL_SENSITIVITY_ONLY	18042027	SYNTHETIC_TEACHING_FIXTURE
hypothetical_differential	8	2.5806824379471	1.15319784692123	1.42748459102586	HYPOTHETICAL_SENSITIVITY_ONLY	18042027	SYNTHETIC_TEACHING_FIXTURE
hypothetical_differential	9	2.60276657863155	1.15319784692123	1.44956873171031	HYPOTHETICAL_SENSITIVITY_ONLY	18042027	SYNTHETIC_TEACHING_FIXTURE
hypothetical_differential	10	2.24479683776021	1.15319784692123	1.09159899083897	HYPOTHETICAL_SENSITIVITY_ONLY	18042027	SYNTHETIC_TEACHING_FIXTURE
hypothetical_differential	11	1.42739573967277	1.15319784692123	0.274197892751545	HYPOTHETICAL_SENSITIVITY_ONLY	18042027	SYNTHETIC_TEACHING_FIXTURE
hypothetical_differential	12	2.54281640573039	1.15319784692123	1.38961855880916	HYPOTHETICAL_SENSITIVITY_ONLY	18042027	SYNTHETIC_TEACHING_FIXTURE
hypothetical_differential	13	2.00805945423066	1.15319784692123	0.854861607309431	HYPOTHETICAL_SENSITIVITY_ONLY	18042027	SYNTHETIC_TEACHING_FIXTURE
hypothetical_differential	14	2.2651822577101	1.15319784692123	1.11198441078886	HYPOTHETICAL_SENSITIVITY_ONLY	18042027	SYNTHETIC_TEACHING_FIXTURE
hypothetical_differential	15	1.93036796533137	1.15319784692123	0.77717011841014	HYPOTHETICAL_SENSITIVITY_ONLY	18042027	SYNTHETIC_TEACHING_FIXTURE
hypothetical_differential	16	2.06528740570515	1.15319784692123	0.912089558783919	HYPOTHETICAL_SENSITIVITY_ONLY	18042027	SYNTHETIC_TEACHING_FIXTURE
hypothetical_differential	17	2.26613700537577	1.15319784692123	1.11293915845454	HYPOTHETICAL_SENSITIVITY_ONLY	18042027	SYNTHETIC_TEACHING_FIXTURE
hypothetical_differential	18	3.14810186213449	1.15319784692123	1.99490401521325	HYPOTHETICAL_SENSITIVITY_ONLY	18042027	SYNTHETIC_TEACHING_FIXTURE
hypothetical_differential	19	2.40257226776898	1.15319784692123	1.24937442084774	HYPOTHETICAL_SENSITIVITY_ONLY	18042027	SYNTHETIC_TEACHING_FIXTURE
hypothetical_differential	20	2.91902464030877	1.15319784692123	1.76582679338753	HYPOTHETICAL_SENSITIVITY_ONLY	18042027	SYNTHETIC_TEACHING_FIXTURE
hypothetical_differential	21	2.08351628024697	1.15319784692123	0.930318433325738	HYPOTHETICAL_SENSITIVITY_ONLY	18042027	SYNTHETIC_TEACHING_FIXTURE
hypothetical_differential	22	2.651535223784	1.15319784692123	1.49833737686276	HYPOTHETICAL_SENSITIVITY_ONLY	18042027	SYNTHETIC_TEACHING_FIXTURE
hypothetical_differential	23	1.44366324375018	1.15319784692123	0.290465396828949	HYPOTHETICAL_SENSITIVITY_ONLY	18042027	SYNTHETIC_TEACHING_FIXTURE
hypothetical_differential	24	2.21702298297181	1.15319784692123	1.06382513605058	HYPOTHETICAL_SENSITIVITY_ONLY	18042027	SYNTHETIC_TEACHING_FIXTURE
hypothetical_differential	25	2.50658667049005	1.15319784692123	1.35338882356882	HYPOTHETICAL_SENSITIVITY_ONLY	18042027	SYNTHETIC_TEACHING_FIXTURE
hypothetical_differential	26	2.85867354374945	1.15319784692123	1.70547569682822	HYPOTHETICAL_SENSITIVITY_ONLY	18042027	SYNTHETIC_TEACHING_FIXTURE
hypothetical_differential	27	1.23017726986303	1.15319784692123	0.0769794229418039	HYPOTHETICAL_SENSITIVITY_ONLY	18042027	SYNTHETIC_TEACHING_FIXTURE
hypothetical_differential	28	2.2844281160143	1.15319784692123	1.13123026909307	HYPOTHETICAL_SENSITIVITY_ONLY	18042027	SYNTHETIC_TEACHING_FIXTURE
hypothetical_differential	29	2.06083496993974	1.15319784692123	0.907637123018503	HYPOTHETICAL_SENSITIVITY_ONLY	18042027	SYNTHETIC_TEACHING_FIXTURE
hypothetical_differential	30	2.43447916078016	1.15319784692123	1.28128131385893	HYPOTHETICAL_SENSITIVITY_ONLY	18042027	SYNTHETIC_TEACHING_FIXTURE
