observation_id	speaker_id	context	automatic_onset_ms	automatic_offset_ms	extractor_status	data_status
SYN_DUR_001	SYN_DSPK_01	vowel	142.994	272.409	ok	SYNTHETIC_TEACHING_FIXTURE
SYN_DUR_002	SYN_DSPK_01	fricative	125.065	270.588	ok	SYNTHETIC_TEACHING_FIXTURE
SYN_DUR_003	SYN_DSPK_01	stop	291.75	336.556	ok	SYNTHETIC_TEACHING_FIXTURE
SYN_DUR_004	SYN_DSPK_01	vowel	138.027	315.569	ok	SYNTHETIC_TEACHING_FIXTURE
SYN_DUR_005	SYN_DSPK_01	fricative	110.828	198.118	ok	SYNTHETIC_TEACHING_FIXTURE
SYN_DUR_006	SYN_DSPK_01	stop	195.048	320.557	ok	SYNTHETIC_TEACHING_FIXTURE
SYN_DUR_007	SYN_DSPK_02	vowel	117.43	253.623	ok	SYNTHETIC_TEACHING_FIXTURE
SYN_DUR_008	SYN_DSPK_02	fricative	142.235	283.357	ok	SYNTHETIC_TEACHING_FIXTURE
SYN_DUR_009	SYN_DSPK_02	stop	143.14	257.985	ok	SYNTHETIC_TEACHING_FIXTURE
SYN_DUR_010	SYN_DSPK_02	vowel	194.495	316.539	ok	SYNTHETIC_TEACHING_FIXTURE
SYN_DUR_011	SYN_DSPK_02	fricative	125.305	209.805	ok	SYNTHETIC_TEACHING_FIXTURE
SYN_DUR_012	SYN_DSPK_02	stop	104.253	263.043	ok	SYNTHETIC_TEACHING_FIXTURE
SYN_DUR_013	SYN_DSPK_03	vowel	231.83	304.645	ok	SYNTHETIC_TEACHING_FIXTURE
SYN_DUR_014	SYN_DSPK_03	fricative	174.458	317.919	ok	SYNTHETIC_TEACHING_FIXTURE
SYN_DUR_015	SYN_DSPK_03	stop	147.236	233.483	ok	SYNTHETIC_TEACHING_FIXTURE
SYN_DUR_016	SYN_DSPK_03	vowel	109.817	240.227	ok	SYNTHETIC_TEACHING_FIXTURE
SYN_DUR_017	SYN_DSPK_03	fricative	257.766	395.017	ok	SYNTHETIC_TEACHING_FIXTURE
SYN_DUR_018	SYN_DSPK_03	stop	128.034	228.88	ok	SYNTHETIC_TEACHING_FIXTURE
SYN_DUR_019	SYN_DSPK_04	vowel	170.914	298.703	ok	SYNTHETIC_TEACHING_FIXTURE
SYN_DUR_020	SYN_DSPK_04	fricative	113.035	204.876	ok	SYNTHETIC_TEACHING_FIXTURE
SYN_DUR_021	SYN_DSPK_04	stop	295.771	479.601	ok	SYNTHETIC_TEACHING_FIXTURE
SYN_DUR_022	SYN_DSPK_04	vowel	173.335	336.002	ok	SYNTHETIC_TEACHING_FIXTURE
SYN_DUR_023	SYN_DSPK_04	fricative	119.688	200.077	ok	SYNTHETIC_TEACHING_FIXTURE
SYN_DUR_024	SYN_DSPK_04	stop	159.223	240.83	ok	SYNTHETIC_TEACHING_FIXTURE
SYN_DUR_025	SYN_DSPK_05	vowel	235.988	407.963	ok	SYNTHETIC_TEACHING_FIXTURE
SYN_DUR_026	SYN_DSPK_05	fricative	266.957	405.783	ok	SYNTHETIC_TEACHING_FIXTURE
SYN_DUR_027	SYN_DSPK_05	stop	238.238	406.246	ok	SYNTHETIC_TEACHING_FIXTURE
SYN_DUR_028	SYN_DSPK_05	vowel	164.215	284.847	ok	SYNTHETIC_TEACHING_FIXTURE
SYN_DUR_029	SYN_DSPK_05	fricative	241.807		missing_offset	SYNTHETIC_TEACHING_FIXTURE
SYN_DUR_030	SYN_DSPK_05	stop	199.531	288.443	ok	SYNTHETIC_TEACHING_FIXTURE
SYN_DUR_031	SYN_DSPK_06	vowel	200.181	303.242	ok	SYNTHETIC_TEACHING_FIXTURE
SYN_DUR_032	SYN_DSPK_06	fricative	138.123	223.326	ok	SYNTHETIC_TEACHING_FIXTURE
SYN_DUR_033	SYN_DSPK_06	stop	115.865	176.905	ok	SYNTHETIC_TEACHING_FIXTURE
SYN_DUR_034	SYN_DSPK_06	vowel	295.296	420.801	ok	SYNTHETIC_TEACHING_FIXTURE
SYN_DUR_035	SYN_DSPK_06	fricative	201.04	371.073	ok	SYNTHETIC_TEACHING_FIXTURE
SYN_DUR_036	SYN_DSPK_06	stop	131.858	287.969	ok	SYNTHETIC_TEACHING_FIXTURE
SYN_DUR_037	SYN_DSPK_07	vowel	257.117	360.176	ok	SYNTHETIC_TEACHING_FIXTURE
SYN_DUR_038	SYN_DSPK_07	fricative	101.303	185.495	ok	SYNTHETIC_TEACHING_FIXTURE
SYN_DUR_039	SYN_DSPK_07	stop	180.82	225.576	ok	SYNTHETIC_TEACHING_FIXTURE
SYN_DUR_040	SYN_DSPK_07	vowel	131.57	251.172	ok	SYNTHETIC_TEACHING_FIXTURE
SYN_DUR_041	SYN_DSPK_07	fricative	103.685	149.19	ok	SYNTHETIC_TEACHING_FIXTURE
SYN_DUR_042	SYN_DSPK_07	stop	136.511	322.522	ok	SYNTHETIC_TEACHING_FIXTURE
SYN_DUR_043	SYN_DSPK_08	vowel	288.167	394.879	ok	SYNTHETIC_TEACHING_FIXTURE
SYN_DUR_044	SYN_DSPK_08	fricative	162.15	295.253	ok	SYNTHETIC_TEACHING_FIXTURE
SYN_DUR_045	SYN_DSPK_08	stop	225.586	356.152	ok	SYNTHETIC_TEACHING_FIXTURE
SYN_DUR_046	SYN_DSPK_08	vowel	179.356	352.032	ok	SYNTHETIC_TEACHING_FIXTURE
SYN_DUR_047	SYN_DSPK_08	fricative	157.171	244.138	ok	SYNTHETIC_TEACHING_FIXTURE
SYN_DUR_048	SYN_DSPK_08	stop	291.992	350.294	ok	SYNTHETIC_TEACHING_FIXTURE
SYN_DUR_049	SYN_DSPK_09	vowel	163.706	277.846	ok	SYNTHETIC_TEACHING_FIXTURE
SYN_DUR_050	SYN_DSPK_09	fricative	109.971	148.263	ok	SYNTHETIC_TEACHING_FIXTURE
SYN_DUR_051	SYN_DSPK_09	stop	272.899	335.638	ok	SYNTHETIC_TEACHING_FIXTURE
SYN_DUR_052	SYN_DSPK_09	vowel	174.119	272.39	ok	SYNTHETIC_TEACHING_FIXTURE
SYN_DUR_053	SYN_DSPK_09	fricative	239.067	311.885	ok	SYNTHETIC_TEACHING_FIXTURE
SYN_DUR_054	SYN_DSPK_09	stop	170.668	324.861	ok	SYNTHETIC_TEACHING_FIXTURE
SYN_DUR_055	SYN_DSPK_10	vowel	253.741	405.642	ok	SYNTHETIC_TEACHING_FIXTURE
SYN_DUR_056	SYN_DSPK_10	fricative	255.0	342.685	ok	SYNTHETIC_TEACHING_FIXTURE
SYN_DUR_057	SYN_DSPK_10	stop	102.14	289.348	ok	SYNTHETIC_TEACHING_FIXTURE
SYN_DUR_058	SYN_DSPK_10	vowel	203.959		missing_offset	SYNTHETIC_TEACHING_FIXTURE
SYN_DUR_059	SYN_DSPK_10	fricative	269.914	335.056	ok	SYNTHETIC_TEACHING_FIXTURE
SYN_DUR_060	SYN_DSPK_10	stop	258.219	393.827	ok	SYNTHETIC_TEACHING_FIXTURE
SYN_DUR_061	SYN_DSPK_11	vowel	257.466	357.941	ok	SYNTHETIC_TEACHING_FIXTURE
SYN_DUR_062	SYN_DSPK_11	fricative	134.229	278.67	ok	SYNTHETIC_TEACHING_FIXTURE
SYN_DUR_063	SYN_DSPK_11	stop	144.113	238.359	ok	SYNTHETIC_TEACHING_FIXTURE
SYN_DUR_064	SYN_DSPK_11	vowel	154.715	251.257	ok	SYNTHETIC_TEACHING_FIXTURE
SYN_DUR_065	SYN_DSPK_11	fricative	219.245	256.422	ok	SYNTHETIC_TEACHING_FIXTURE
SYN_DUR_066	SYN_DSPK_11	stop	210.701	331.569	ok	SYNTHETIC_TEACHING_FIXTURE
SYN_DUR_067	SYN_DSPK_12	vowel	184.523	266.38	ok	SYNTHETIC_TEACHING_FIXTURE
SYN_DUR_068	SYN_DSPK_12	fricative	282.405	367.089	ok	SYNTHETIC_TEACHING_FIXTURE
SYN_DUR_069	SYN_DSPK_12	stop	145.913	287.924	ok	SYNTHETIC_TEACHING_FIXTURE
SYN_DUR_070	SYN_DSPK_12	vowel	166.119	261.768	ok	SYNTHETIC_TEACHING_FIXTURE
SYN_DUR_071	SYN_DSPK_12	fricative	195.804	347.286	ok	SYNTHETIC_TEACHING_FIXTURE
SYN_DUR_072	SYN_DSPK_12	stop	130.166	222.931	ok	SYNTHETIC_TEACHING_FIXTURE
SYN_DUR_073	SYN_DSPK_13	vowel	257.346	390.152	ok	SYNTHETIC_TEACHING_FIXTURE
SYN_DUR_074	SYN_DSPK_13	fricative	151.615	223.296	ok	SYNTHETIC_TEACHING_FIXTURE
SYN_DUR_075	SYN_DSPK_13	stop	206.139	295.204	ok	SYNTHETIC_TEACHING_FIXTURE
SYN_DUR_076	SYN_DSPK_13	vowel	230.077	407.325	ok	SYNTHETIC_TEACHING_FIXTURE
SYN_DUR_077	SYN_DSPK_13	fricative	228.802	273.984	ok	SYNTHETIC_TEACHING_FIXTURE
SYN_DUR_078	SYN_DSPK_13	stop	251.636	331.891	ok	SYNTHETIC_TEACHING_FIXTURE
SYN_DUR_079	SYN_DSPK_14	vowel	215.015	263.605	ok	SYNTHETIC_TEACHING_FIXTURE
SYN_DUR_080	SYN_DSPK_14	fricative	96.773	183.628	ok	SYNTHETIC_TEACHING_FIXTURE
SYN_DUR_081	SYN_DSPK_14	stop	198.818	280.151	ok	SYNTHETIC_TEACHING_FIXTURE
SYN_DUR_082	SYN_DSPK_14	vowel	229.948	282.656	ok	SYNTHETIC_TEACHING_FIXTURE
SYN_DUR_083	SYN_DSPK_14	fricative	289.285	420.527	ok	SYNTHETIC_TEACHING_FIXTURE
SYN_DUR_084	SYN_DSPK_14	stop	222.921	367.572	ok	SYNTHETIC_TEACHING_FIXTURE
SYN_DUR_085	SYN_DSPK_15	vowel	215.721	392.44	ok	SYNTHETIC_TEACHING_FIXTURE
SYN_DUR_086	SYN_DSPK_15	fricative	293.502	420.069	ok	SYNTHETIC_TEACHING_FIXTURE
SYN_DUR_087	SYN_DSPK_15	stop	113.039		missing_offset	SYNTHETIC_TEACHING_FIXTURE
SYN_DUR_088	SYN_DSPK_15	vowel	302.544	421.087	ok	SYNTHETIC_TEACHING_FIXTURE
SYN_DUR_089	SYN_DSPK_15	fricative	197.977	295.552	ok	SYNTHETIC_TEACHING_FIXTURE
SYN_DUR_090	SYN_DSPK_15	stop	137.116	245.646	ok	SYNTHETIC_TEACHING_FIXTURE
SYN_DUR_091	SYN_DSPK_16	vowel	163.952	286.467	ok	SYNTHETIC_TEACHING_FIXTURE
SYN_DUR_092	SYN_DSPK_16	fricative	137.74	285.653	ok	SYNTHETIC_TEACHING_FIXTURE
SYN_DUR_093	SYN_DSPK_16	stop	158.805	322.98	ok	SYNTHETIC_TEACHING_FIXTURE
SYN_DUR_094	SYN_DSPK_16	vowel	284.983	434.257	ok	SYNTHETIC_TEACHING_FIXTURE
SYN_DUR_095	SYN_DSPK_16	fricative	166.076	279.738	ok	SYNTHETIC_TEACHING_FIXTURE
SYN_DUR_096	SYN_DSPK_16	stop	124.849	219.751	ok	SYNTHETIC_TEACHING_FIXTURE
SYN_DUR_097	SYN_DSPK_17	vowel	132.624	254.255	ok	SYNTHETIC_TEACHING_FIXTURE
SYN_DUR_098	SYN_DSPK_17	fricative	243.104	379.542	ok	SYNTHETIC_TEACHING_FIXTURE
SYN_DUR_099	SYN_DSPK_17	stop	271.305	417.03	ok	SYNTHETIC_TEACHING_FIXTURE
SYN_DUR_100	SYN_DSPK_17	vowel	249.318	322.68	ok	SYNTHETIC_TEACHING_FIXTURE
SYN_DUR_101	SYN_DSPK_17	fricative	257.968	319.622	ok	SYNTHETIC_TEACHING_FIXTURE
SYN_DUR_102	SYN_DSPK_17	stop	252.142	383.724	ok	SYNTHETIC_TEACHING_FIXTURE
SYN_DUR_103	SYN_DSPK_18	vowel	136.221	190.951	ok	SYNTHETIC_TEACHING_FIXTURE
SYN_DUR_104	SYN_DSPK_18	fricative	203.104	283.655	ok	SYNTHETIC_TEACHING_FIXTURE
SYN_DUR_105	SYN_DSPK_18	stop	209.393	313.367	ok	SYNTHETIC_TEACHING_FIXTURE
SYN_DUR_106	SYN_DSPK_18	vowel	110.312	265.31	ok	SYNTHETIC_TEACHING_FIXTURE
SYN_DUR_107	SYN_DSPK_18	fricative	96.742	227.06	ok	SYNTHETIC_TEACHING_FIXTURE
SYN_DUR_108	SYN_DSPK_18	stop	266.868	426.345	ok	SYNTHETIC_TEACHING_FIXTURE
SYN_DUR_109	SYN_DSPK_19	vowel	236.114	370.835	ok	SYNTHETIC_TEACHING_FIXTURE
SYN_DUR_110	SYN_DSPK_19	fricative	169.834	220.45	ok	SYNTHETIC_TEACHING_FIXTURE
SYN_DUR_111	SYN_DSPK_19	stop	228.87	370.382	ok	SYNTHETIC_TEACHING_FIXTURE
SYN_DUR_112	SYN_DSPK_19	vowel	191.488	341.068	ok	SYNTHETIC_TEACHING_FIXTURE
SYN_DUR_113	SYN_DSPK_19	fricative	172.369	340.172	ok	SYNTHETIC_TEACHING_FIXTURE
SYN_DUR_114	SYN_DSPK_19	stop	177.906	309.858	ok	SYNTHETIC_TEACHING_FIXTURE
SYN_DUR_115	SYN_DSPK_20	vowel	98.166	231.202	ok	SYNTHETIC_TEACHING_FIXTURE
SYN_DUR_116	SYN_DSPK_20	fricative	295.393		missing_offset	SYNTHETIC_TEACHING_FIXTURE
SYN_DUR_117	SYN_DSPK_20	stop	218.776	279.652	ok	SYNTHETIC_TEACHING_FIXTURE
SYN_DUR_118	SYN_DSPK_20	vowel	274.113	332.151	ok	SYNTHETIC_TEACHING_FIXTURE
SYN_DUR_119	SYN_DSPK_20	fricative	130.006	306.625	ok	SYNTHETIC_TEACHING_FIXTURE
SYN_DUR_120	SYN_DSPK_20	stop	202.361	317.076	ok	SYNTHETIC_TEACHING_FIXTURE
