audit_id	item_id	speaker_id	counterbalance_group	annotation_mode	difficulty	automatic_default_label	automatic_default_boundary_ms	final_label	final_boundary_ms	annotation_time_s	confidence	data_status
SYN_AUTO_001	SYN_AUTO_ITEM_001	SYN_AUTO_SPK_01	A	from_scratch	easy	modal	208.235	modal	214.887	11.842	3	SYNTHETIC_TEACHING_FIXTURE
SYN_AUTO_002	SYN_AUTO_ITEM_002	SYN_AUTO_SPK_01	B	correct_default	easy	modal	194.061	modal	202.849	6.913	5	SYNTHETIC_TEACHING_FIXTURE
SYN_AUTO_003	SYN_AUTO_ITEM_003	SYN_AUTO_SPK_01	B	from_scratch	difficult	modal	210.637	creaky	212.498	17.387	4	SYNTHETIC_TEACHING_FIXTURE
SYN_AUTO_004	SYN_AUTO_ITEM_004	SYN_AUTO_SPK_01	A	correct_default	easy	modal	236.454	modal	238.197	7.585	5	SYNTHETIC_TEACHING_FIXTURE
SYN_AUTO_005	SYN_AUTO_ITEM_005	SYN_AUTO_SPK_01	A	from_scratch	easy	breathy	157.137	modal	158.139	11.614	3	SYNTHETIC_TEACHING_FIXTURE
SYN_AUTO_006	SYN_AUTO_ITEM_006	SYN_AUTO_SPK_01	B	correct_default	difficult	creaky	227.762	creaky	231.702	10.152	1	SYNTHETIC_TEACHING_FIXTURE
SYN_AUTO_007	SYN_AUTO_ITEM_007	SYN_AUTO_SPK_01	B	from_scratch	easy	modal	190.524	modal	184.89	9.62	3	SYNTHETIC_TEACHING_FIXTURE
SYN_AUTO_008	SYN_AUTO_ITEM_008	SYN_AUTO_SPK_01	A	correct_default	easy	modal	106.074	modal	108.508	5.205	4	SYNTHETIC_TEACHING_FIXTURE
SYN_AUTO_009	SYN_AUTO_ITEM_009	SYN_AUTO_SPK_02	A	from_scratch	difficult	modal	218.06	modal	204.21	15.076	3	SYNTHETIC_TEACHING_FIXTURE
SYN_AUTO_010	SYN_AUTO_ITEM_010	SYN_AUTO_SPK_02	B	correct_default	easy	breathy	226.571	breathy	230.303	4.594	3	SYNTHETIC_TEACHING_FIXTURE
SYN_AUTO_011	SYN_AUTO_ITEM_011	SYN_AUTO_SPK_02	B	from_scratch	easy	modal	191.803	modal	192.141	7.019	4	SYNTHETIC_TEACHING_FIXTURE
SYN_AUTO_012	SYN_AUTO_ITEM_012	SYN_AUTO_SPK_02	A	correct_default	difficult	modal	228.418	modal	224.859	9.319	2	SYNTHETIC_TEACHING_FIXTURE
SYN_AUTO_013	SYN_AUTO_ITEM_013	SYN_AUTO_SPK_02	A	from_scratch	easy	modal	161.983	modal	160.856	9.935	4	SYNTHETIC_TEACHING_FIXTURE
SYN_AUTO_014	SYN_AUTO_ITEM_014	SYN_AUTO_SPK_02	B	correct_default	easy	modal	228.322	creaky	230.303	6.87	5	SYNTHETIC_TEACHING_FIXTURE
SYN_AUTO_015	SYN_AUTO_ITEM_015	SYN_AUTO_SPK_02	B	from_scratch	difficult	modal	134.96	modal	137.843	14.759	3	SYNTHETIC_TEACHING_FIXTURE
SYN_AUTO_016	SYN_AUTO_ITEM_016	SYN_AUTO_SPK_02	A	correct_default	easy	breathy	218.679	breathy	220.071	5.011	3	SYNTHETIC_TEACHING_FIXTURE
SYN_AUTO_017	SYN_AUTO_ITEM_017	SYN_AUTO_SPK_03	A	from_scratch	easy	modal	120.217	creaky	120.781	9.438	4	SYNTHETIC_TEACHING_FIXTURE
SYN_AUTO_018	SYN_AUTO_ITEM_018	SYN_AUTO_SPK_03	B	correct_default	difficult	breathy	228.494	breathy	226.183	12.102	2	SYNTHETIC_TEACHING_FIXTURE
SYN_AUTO_019	SYN_AUTO_ITEM_019	SYN_AUTO_SPK_03	B	from_scratch	easy	modal	159.038	modal	154.249	6.197	3	SYNTHETIC_TEACHING_FIXTURE
SYN_AUTO_020	SYN_AUTO_ITEM_020	SYN_AUTO_SPK_03	A	correct_default	easy	modal	203.021	modal	206.058	3.703	3	SYNTHETIC_TEACHING_FIXTURE
SYN_AUTO_021	SYN_AUTO_ITEM_021	SYN_AUTO_SPK_03	A	from_scratch	difficult	creaky	165.815	modal	167.49	18.774	4	SYNTHETIC_TEACHING_FIXTURE
SYN_AUTO_022	SYN_AUTO_ITEM_022	SYN_AUTO_SPK_03	B	correct_default	easy	modal	135.109	modal	137.267	5.167	5	SYNTHETIC_TEACHING_FIXTURE
SYN_AUTO_023	SYN_AUTO_ITEM_023	SYN_AUTO_SPK_03	B	from_scratch	easy	modal	217.508	creaky	220.252	10.752	4	SYNTHETIC_TEACHING_FIXTURE
SYN_AUTO_024	SYN_AUTO_ITEM_024	SYN_AUTO_SPK_03	A	correct_default	difficult	breathy	151.671	breathy	153.4	9.862	1	SYNTHETIC_TEACHING_FIXTURE
SYN_AUTO_025	SYN_AUTO_ITEM_025	SYN_AUTO_SPK_04	A	from_scratch	easy	breathy	236.785	modal	238.012	10.077	3	SYNTHETIC_TEACHING_FIXTURE
SYN_AUTO_026	SYN_AUTO_ITEM_026	SYN_AUTO_SPK_04	B	correct_default	easy	modal	176.253	modal	173.286	6.876	4	SYNTHETIC_TEACHING_FIXTURE
SYN_AUTO_027	SYN_AUTO_ITEM_027	SYN_AUTO_SPK_04	B	from_scratch	difficult	modal	154.058	modal	153.909	16.01	4	SYNTHETIC_TEACHING_FIXTURE
SYN_AUTO_028	SYN_AUTO_ITEM_028	SYN_AUTO_SPK_04	A	correct_default	easy	modal	147.846	modal	147.035	8.182	3	SYNTHETIC_TEACHING_FIXTURE
SYN_AUTO_029	SYN_AUTO_ITEM_029	SYN_AUTO_SPK_04	A	from_scratch	easy	modal	140.034	modal	138.78	8.719	4	SYNTHETIC_TEACHING_FIXTURE
SYN_AUTO_030	SYN_AUTO_ITEM_030	SYN_AUTO_SPK_04	B	correct_default	difficult	modal	198.124	modal	187.326	10.955	4	SYNTHETIC_TEACHING_FIXTURE
SYN_AUTO_031	SYN_AUTO_ITEM_031	SYN_AUTO_SPK_04	B	from_scratch	easy	modal	121.266	breathy	120.359	10.838	4	SYNTHETIC_TEACHING_FIXTURE
SYN_AUTO_032	SYN_AUTO_ITEM_032	SYN_AUTO_SPK_04	A	correct_default	easy	modal	186.056	modal	184.714	7.616	3	SYNTHETIC_TEACHING_FIXTURE
SYN_AUTO_033	SYN_AUTO_ITEM_033	SYN_AUTO_SPK_05	A	from_scratch	difficult	breathy	228.306	breathy	231.375	15.997	4	SYNTHETIC_TEACHING_FIXTURE
SYN_AUTO_034	SYN_AUTO_ITEM_034	SYN_AUTO_SPK_05	B	correct_default	easy	modal	234.186	modal	234.679	7.962	3	SYNTHETIC_TEACHING_FIXTURE
SYN_AUTO_035	SYN_AUTO_ITEM_035	SYN_AUTO_SPK_05	B	from_scratch	easy	modal	223.759	breathy	225.222	8.98	5	SYNTHETIC_TEACHING_FIXTURE
SYN_AUTO_036	SYN_AUTO_ITEM_036	SYN_AUTO_SPK_05	A	correct_default	difficult	creaky	177.401	creaky	170.174	8.473	3	SYNTHETIC_TEACHING_FIXTURE
SYN_AUTO_037	SYN_AUTO_ITEM_037	SYN_AUTO_SPK_05	A	from_scratch	easy	breathy	136.022	modal	139.908	9.151	3	SYNTHETIC_TEACHING_FIXTURE
SYN_AUTO_038	SYN_AUTO_ITEM_038	SYN_AUTO_SPK_05	B	correct_default	easy	modal	127.039	modal	130.0	7.022	3	SYNTHETIC_TEACHING_FIXTURE
SYN_AUTO_039	SYN_AUTO_ITEM_039	SYN_AUTO_SPK_05	B	from_scratch	difficult	modal	176.889	modal	186.162	13.166	4	SYNTHETIC_TEACHING_FIXTURE
SYN_AUTO_040	SYN_AUTO_ITEM_040	SYN_AUTO_SPK_05	A	correct_default	easy	modal	211.651	modal	212.058	7.003	3	SYNTHETIC_TEACHING_FIXTURE
SYN_AUTO_041	SYN_AUTO_ITEM_041	SYN_AUTO_SPK_06	A	from_scratch	easy	modal	209.539	modal	203.96	12.243	5	SYNTHETIC_TEACHING_FIXTURE
SYN_AUTO_042	SYN_AUTO_ITEM_042	SYN_AUTO_SPK_06	B	correct_default	difficult	modal	232.807	modal	227.8	9.115	4	SYNTHETIC_TEACHING_FIXTURE
SYN_AUTO_043	SYN_AUTO_ITEM_043	SYN_AUTO_SPK_06	B	from_scratch	easy	creaky	102.191	breathy	103.535	8.975	3	SYNTHETIC_TEACHING_FIXTURE
SYN_AUTO_044	SYN_AUTO_ITEM_044	SYN_AUTO_SPK_06	A	correct_default	easy	modal	223.507	modal	220.066	6.042	4	SYNTHETIC_TEACHING_FIXTURE
SYN_AUTO_045	SYN_AUTO_ITEM_045	SYN_AUTO_SPK_06	A	from_scratch	difficult	modal	186.345	modal	174.603	13.747	2	SYNTHETIC_TEACHING_FIXTURE
SYN_AUTO_046	SYN_AUTO_ITEM_046	SYN_AUTO_SPK_06	B	correct_default	easy	modal	147.623	modal	149.814	6.791	5	SYNTHETIC_TEACHING_FIXTURE
SYN_AUTO_047	SYN_AUTO_ITEM_047	SYN_AUTO_SPK_06	B	from_scratch	easy	modal	183.833	modal	187.384	10.309	3	SYNTHETIC_TEACHING_FIXTURE
SYN_AUTO_048	SYN_AUTO_ITEM_048	SYN_AUTO_SPK_06	A	correct_default	difficult	modal	195.465	breathy	204.219	10.359	3	SYNTHETIC_TEACHING_FIXTURE
SYN_AUTO_049	SYN_AUTO_ITEM_049	SYN_AUTO_SPK_07	A	from_scratch	easy	modal	236.653	modal	238.07	7.609	3	SYNTHETIC_TEACHING_FIXTURE
SYN_AUTO_050	SYN_AUTO_ITEM_050	SYN_AUTO_SPK_07	B	correct_default	easy	modal	170.02	modal	172.309	5.078	4	SYNTHETIC_TEACHING_FIXTURE
SYN_AUTO_051	SYN_AUTO_ITEM_051	SYN_AUTO_SPK_07	B	from_scratch	difficult	modal	147.745	creaky	146.249	11.755	3	SYNTHETIC_TEACHING_FIXTURE
SYN_AUTO_052	SYN_AUTO_ITEM_052	SYN_AUTO_SPK_07	A	correct_default	easy	modal	234.215	modal	230.106	7.155	4	SYNTHETIC_TEACHING_FIXTURE
SYN_AUTO_053	SYN_AUTO_ITEM_053	SYN_AUTO_SPK_07	A	from_scratch	easy	modal	135.657	modal	135.125	10.38	3	SYNTHETIC_TEACHING_FIXTURE
SYN_AUTO_054	SYN_AUTO_ITEM_054	SYN_AUTO_SPK_07	B	correct_default	difficult	breathy	103.716	modal	94.776	8.761	4	SYNTHETIC_TEACHING_FIXTURE
SYN_AUTO_055	SYN_AUTO_ITEM_055	SYN_AUTO_SPK_07	B	from_scratch	easy	modal	133.77	creaky	132.198	8.557	3	SYNTHETIC_TEACHING_FIXTURE
SYN_AUTO_056	SYN_AUTO_ITEM_056	SYN_AUTO_SPK_07	A	correct_default	easy	creaky	116.352	creaky	115.061	7.39	4	SYNTHETIC_TEACHING_FIXTURE
SYN_AUTO_057	SYN_AUTO_ITEM_057	SYN_AUTO_SPK_08	A	from_scratch	difficult	creaky	137.98	modal	145.476	15.107	4	SYNTHETIC_TEACHING_FIXTURE
SYN_AUTO_058	SYN_AUTO_ITEM_058	SYN_AUTO_SPK_08	B	correct_default	easy	modal	168.443	modal	168.449	8.644	3	SYNTHETIC_TEACHING_FIXTURE
SYN_AUTO_059	SYN_AUTO_ITEM_059	SYN_AUTO_SPK_08	B	from_scratch	easy	breathy	149.612	creaky	149.296	14.3	4	SYNTHETIC_TEACHING_FIXTURE
SYN_AUTO_060	SYN_AUTO_ITEM_060	SYN_AUTO_SPK_08	A	correct_default	difficult	modal	165.419	modal	174.676	9.067	2	SYNTHETIC_TEACHING_FIXTURE
SYN_AUTO_061	SYN_AUTO_ITEM_061	SYN_AUTO_SPK_08	A	from_scratch	easy	modal	197.615	modal	193.642	7.502	5	SYNTHETIC_TEACHING_FIXTURE
SYN_AUTO_062	SYN_AUTO_ITEM_062	SYN_AUTO_SPK_08	B	correct_default	easy	modal	197.167	modal	202.566	4.011	4	SYNTHETIC_TEACHING_FIXTURE
SYN_AUTO_063	SYN_AUTO_ITEM_063	SYN_AUTO_SPK_08	B	from_scratch	difficult	modal	169.148	modal	172.219	16.059	3	SYNTHETIC_TEACHING_FIXTURE
SYN_AUTO_064	SYN_AUTO_ITEM_064	SYN_AUTO_SPK_08	A	correct_default	easy	modal	184.935	modal	188.341	4.899	4	SYNTHETIC_TEACHING_FIXTURE
SYN_AUTO_065	SYN_AUTO_ITEM_065	SYN_AUTO_SPK_09	A	from_scratch	easy	breathy	177.781	modal	178.221	8.492	5	SYNTHETIC_TEACHING_FIXTURE
SYN_AUTO_066	SYN_AUTO_ITEM_066	SYN_AUTO_SPK_09	B	correct_default	difficult	breathy	139.393	breathy	126.597	11.756	1	SYNTHETIC_TEACHING_FIXTURE
SYN_AUTO_067	SYN_AUTO_ITEM_067	SYN_AUTO_SPK_09	B	from_scratch	easy	modal	149.675	modal	145.266	11.453	3	SYNTHETIC_TEACHING_FIXTURE
SYN_AUTO_068	SYN_AUTO_ITEM_068	SYN_AUTO_SPK_09	A	correct_default	easy	breathy	109.202	breathy	106.57	6.615	3	SYNTHETIC_TEACHING_FIXTURE
SYN_AUTO_069	SYN_AUTO_ITEM_069	SYN_AUTO_SPK_09	A	from_scratch	difficult	modal	209.608	modal	215.707	13.086	3	SYNTHETIC_TEACHING_FIXTURE
SYN_AUTO_070	SYN_AUTO_ITEM_070	SYN_AUTO_SPK_09	B	correct_default	easy	breathy	115.326	breathy	115.333	6.878	4	SYNTHETIC_TEACHING_FIXTURE
SYN_AUTO_071	SYN_AUTO_ITEM_071	SYN_AUTO_SPK_09	B	from_scratch	easy	creaky	102.397	breathy	106.478	11.027	4	SYNTHETIC_TEACHING_FIXTURE
SYN_AUTO_072	SYN_AUTO_ITEM_072	SYN_AUTO_SPK_09	A	correct_default	difficult	modal	196.388	modal	195.491	9.109	2	SYNTHETIC_TEACHING_FIXTURE
SYN_AUTO_073	SYN_AUTO_ITEM_073	SYN_AUTO_SPK_10	A	from_scratch	easy	modal	153.576	breathy	158.967	9.115	4	SYNTHETIC_TEACHING_FIXTURE
SYN_AUTO_074	SYN_AUTO_ITEM_074	SYN_AUTO_SPK_10	B	correct_default	easy	modal	189.957	modal	191.543	7.914	5	SYNTHETIC_TEACHING_FIXTURE
SYN_AUTO_075	SYN_AUTO_ITEM_075	SYN_AUTO_SPK_10	B	from_scratch	difficult	breathy	110.631	modal	108.346	14.367	1	SYNTHETIC_TEACHING_FIXTURE
SYN_AUTO_076	SYN_AUTO_ITEM_076	SYN_AUTO_SPK_10	A	correct_default	easy	breathy	178.603	breathy	180.101	8.037	3	SYNTHETIC_TEACHING_FIXTURE
SYN_AUTO_077	SYN_AUTO_ITEM_077	SYN_AUTO_SPK_10	A	from_scratch	easy	breathy	209.682	modal	213.133	4.31	5	SYNTHETIC_TEACHING_FIXTURE
SYN_AUTO_078	SYN_AUTO_ITEM_078	SYN_AUTO_SPK_10	B	correct_default	difficult	modal	141.391	modal	140.516	10.7	4	SYNTHETIC_TEACHING_FIXTURE
SYN_AUTO_079	SYN_AUTO_ITEM_079	SYN_AUTO_SPK_10	B	from_scratch	easy	modal	135.185	modal	135.739	7.814	3	SYNTHETIC_TEACHING_FIXTURE
SYN_AUTO_080	SYN_AUTO_ITEM_080	SYN_AUTO_SPK_10	A	correct_default	easy	modal	162.893	modal	171.352	7.323	3	SYNTHETIC_TEACHING_FIXTURE
SYN_AUTO_081	SYN_AUTO_ITEM_081	SYN_AUTO_SPK_11	A	from_scratch	difficult	modal	132.99	breathy	133.933	16.329	4	SYNTHETIC_TEACHING_FIXTURE
SYN_AUTO_082	SYN_AUTO_ITEM_082	SYN_AUTO_SPK_11	B	correct_default	easy	creaky	219.857	creaky	222.585	5.51	4	SYNTHETIC_TEACHING_FIXTURE
SYN_AUTO_083	SYN_AUTO_ITEM_083	SYN_AUTO_SPK_11	B	from_scratch	easy	breathy	105.379	creaky	107.223	6.695	5	SYNTHETIC_TEACHING_FIXTURE
SYN_AUTO_084	SYN_AUTO_ITEM_084	SYN_AUTO_SPK_11	A	correct_default	difficult	modal	107.225	modal	112.303	11.574	2	SYNTHETIC_TEACHING_FIXTURE
SYN_AUTO_085	SYN_AUTO_ITEM_085	SYN_AUTO_SPK_11	A	from_scratch	easy	modal	106.863	creaky	107.903	11.304	5	SYNTHETIC_TEACHING_FIXTURE
SYN_AUTO_086	SYN_AUTO_ITEM_086	SYN_AUTO_SPK_11	B	correct_default	easy	modal	195.937	modal	201.079	8.453	4	SYNTHETIC_TEACHING_FIXTURE
SYN_AUTO_087	SYN_AUTO_ITEM_087	SYN_AUTO_SPK_11	B	from_scratch	difficult	breathy	177.027	modal	183.351	16.515	4	SYNTHETIC_TEACHING_FIXTURE
SYN_AUTO_088	SYN_AUTO_ITEM_088	SYN_AUTO_SPK_11	A	correct_default	easy	creaky	145.157	creaky	144.148	8.451	4	SYNTHETIC_TEACHING_FIXTURE
SYN_AUTO_089	SYN_AUTO_ITEM_089	SYN_AUTO_SPK_12	A	from_scratch	easy	modal	127.834	breathy	126.441	14.089	5	SYNTHETIC_TEACHING_FIXTURE
SYN_AUTO_090	SYN_AUTO_ITEM_090	SYN_AUTO_SPK_12	B	correct_default	difficult	modal	120.937	modal	127.435	10.342	4	SYNTHETIC_TEACHING_FIXTURE
SYN_AUTO_091	SYN_AUTO_ITEM_091	SYN_AUTO_SPK_12	B	from_scratch	easy	modal	216.886	modal	218.603	9.244	4	SYNTHETIC_TEACHING_FIXTURE
SYN_AUTO_092	SYN_AUTO_ITEM_092	SYN_AUTO_SPK_12	A	correct_default	easy	modal	175.534	modal	180.31	5.361	5	SYNTHETIC_TEACHING_FIXTURE
SYN_AUTO_093	SYN_AUTO_ITEM_093	SYN_AUTO_SPK_12	A	from_scratch	difficult	breathy	118.443	modal	124.908	14.215	4	SYNTHETIC_TEACHING_FIXTURE
SYN_AUTO_094	SYN_AUTO_ITEM_094	SYN_AUTO_SPK_12	B	correct_default	easy	modal	136.248	modal	137.205	7.838	4	SYNTHETIC_TEACHING_FIXTURE
SYN_AUTO_095	SYN_AUTO_ITEM_095	SYN_AUTO_SPK_12	B	from_scratch	easy	breathy	233.832	modal	232.688	8.911	4	SYNTHETIC_TEACHING_FIXTURE
SYN_AUTO_096	SYN_AUTO_ITEM_096	SYN_AUTO_SPK_12	A	correct_default	difficult	modal	137.507	breathy	146.493	11.125	4	SYNTHETIC_TEACHING_FIXTURE
SYN_AUTO_097	SYN_AUTO_ITEM_097	SYN_AUTO_SPK_13	A	from_scratch	easy	breathy	179.939	breathy	183.257	9.968	4	SYNTHETIC_TEACHING_FIXTURE
SYN_AUTO_098	SYN_AUTO_ITEM_098	SYN_AUTO_SPK_13	B	correct_default	easy	modal	153.011	modal	152.618	7.742	4	SYNTHETIC_TEACHING_FIXTURE
SYN_AUTO_099	SYN_AUTO_ITEM_099	SYN_AUTO_SPK_13	B	from_scratch	difficult	modal	106.109	breathy	93.561	14.846	2	SYNTHETIC_TEACHING_FIXTURE
SYN_AUTO_100	SYN_AUTO_ITEM_100	SYN_AUTO_SPK_13	A	correct_default	easy	creaky	182.68	creaky	185.625	6.492	4	SYNTHETIC_TEACHING_FIXTURE
SYN_AUTO_101	SYN_AUTO_ITEM_101	SYN_AUTO_SPK_13	A	from_scratch	easy	modal	184.978	modal	182.403	6.375	3	SYNTHETIC_TEACHING_FIXTURE
SYN_AUTO_102	SYN_AUTO_ITEM_102	SYN_AUTO_SPK_13	B	correct_default	difficult	creaky	117.074	creaky	117.914	11.641	1	SYNTHETIC_TEACHING_FIXTURE
SYN_AUTO_103	SYN_AUTO_ITEM_103	SYN_AUTO_SPK_13	B	from_scratch	easy	modal	237.927	modal	240.292	9.953	4	SYNTHETIC_TEACHING_FIXTURE
SYN_AUTO_104	SYN_AUTO_ITEM_104	SYN_AUTO_SPK_13	A	correct_default	easy	modal	132.621	modal	128.65	6.583	5	SYNTHETIC_TEACHING_FIXTURE
SYN_AUTO_105	SYN_AUTO_ITEM_105	SYN_AUTO_SPK_14	A	from_scratch	difficult	modal	158.25	breathy	149.313	16.378	2	SYNTHETIC_TEACHING_FIXTURE
SYN_AUTO_106	SYN_AUTO_ITEM_106	SYN_AUTO_SPK_14	B	correct_default	easy	modal	116.766	modal	113.44	5.949	4	SYNTHETIC_TEACHING_FIXTURE
SYN_AUTO_107	SYN_AUTO_ITEM_107	SYN_AUTO_SPK_14	B	from_scratch	easy	creaky	232.169	modal	231.45	8.567	3	SYNTHETIC_TEACHING_FIXTURE
SYN_AUTO_108	SYN_AUTO_ITEM_108	SYN_AUTO_SPK_14	A	correct_default	difficult	modal	148.512	modal	154.931	9.108	2	SYNTHETIC_TEACHING_FIXTURE
SYN_AUTO_109	SYN_AUTO_ITEM_109	SYN_AUTO_SPK_14	A	from_scratch	easy	breathy	150.028	modal	150.281	12.117	4	SYNTHETIC_TEACHING_FIXTURE
SYN_AUTO_110	SYN_AUTO_ITEM_110	SYN_AUTO_SPK_14	B	correct_default	easy	creaky	126.665	creaky	132.223	5.636	4	SYNTHETIC_TEACHING_FIXTURE
SYN_AUTO_111	SYN_AUTO_ITEM_111	SYN_AUTO_SPK_14	B	from_scratch	difficult	modal	101.961	creaky	97.465	15.525	4	SYNTHETIC_TEACHING_FIXTURE
SYN_AUTO_112	SYN_AUTO_ITEM_112	SYN_AUTO_SPK_14	A	correct_default	easy	breathy	103.015	breathy	103.238	4.871	4	SYNTHETIC_TEACHING_FIXTURE
SYN_AUTO_113	SYN_AUTO_ITEM_113	SYN_AUTO_SPK_15	A	from_scratch	easy	modal	177.826	creaky	177.469	10.544	5	SYNTHETIC_TEACHING_FIXTURE
SYN_AUTO_114	SYN_AUTO_ITEM_114	SYN_AUTO_SPK_15	B	correct_default	difficult	modal	107.862	modal	112.598	9.972	3	SYNTHETIC_TEACHING_FIXTURE
SYN_AUTO_115	SYN_AUTO_ITEM_115	SYN_AUTO_SPK_15	B	from_scratch	easy	breathy	155.755	creaky	153.206	11.516	4	SYNTHETIC_TEACHING_FIXTURE
SYN_AUTO_116	SYN_AUTO_ITEM_116	SYN_AUTO_SPK_15	A	correct_default	easy	modal	129.454	modal	128.071	5.821	4	SYNTHETIC_TEACHING_FIXTURE
SYN_AUTO_117	SYN_AUTO_ITEM_117	SYN_AUTO_SPK_15	A	from_scratch	difficult	modal	152.809	modal	156.136	17.227	4	SYNTHETIC_TEACHING_FIXTURE
SYN_AUTO_118	SYN_AUTO_ITEM_118	SYN_AUTO_SPK_15	B	correct_default	easy	creaky	206.558	creaky	207.183	5.576	3	SYNTHETIC_TEACHING_FIXTURE
SYN_AUTO_119	SYN_AUTO_ITEM_119	SYN_AUTO_SPK_15	B	from_scratch	easy	modal	217.281	creaky	218.167	7.627	3	SYNTHETIC_TEACHING_FIXTURE
SYN_AUTO_120	SYN_AUTO_ITEM_120	SYN_AUTO_SPK_15	A	correct_default	difficult	breathy	193.143	modal	201.693	11.781	1	SYNTHETIC_TEACHING_FIXTURE
SYN_AUTO_121	SYN_AUTO_ITEM_121	SYN_AUTO_SPK_16	A	from_scratch	easy	modal	157.777	modal	166.208	10.716	3	SYNTHETIC_TEACHING_FIXTURE
SYN_AUTO_122	SYN_AUTO_ITEM_122	SYN_AUTO_SPK_16	B	correct_default	easy	creaky	191.512	creaky	191.427	4.705	3	SYNTHETIC_TEACHING_FIXTURE
SYN_AUTO_123	SYN_AUTO_ITEM_123	SYN_AUTO_SPK_16	B	from_scratch	difficult	modal	185.828	modal	177.352	13.749	1	SYNTHETIC_TEACHING_FIXTURE
SYN_AUTO_124	SYN_AUTO_ITEM_124	SYN_AUTO_SPK_16	A	correct_default	easy	modal	234.616	modal	238.016	7.292	4	SYNTHETIC_TEACHING_FIXTURE
SYN_AUTO_125	SYN_AUTO_ITEM_125	SYN_AUTO_SPK_16	A	from_scratch	easy	breathy	104.444	creaky	104.221	9.442	3	SYNTHETIC_TEACHING_FIXTURE
SYN_AUTO_126	SYN_AUTO_ITEM_126	SYN_AUTO_SPK_16	B	correct_default	difficult	modal	110.11	breathy	111.716	9.801	1	SYNTHETIC_TEACHING_FIXTURE
SYN_AUTO_127	SYN_AUTO_ITEM_127	SYN_AUTO_SPK_16	B	from_scratch	easy	modal	154.954	modal	159.052	10.34	4	SYNTHETIC_TEACHING_FIXTURE
SYN_AUTO_128	SYN_AUTO_ITEM_128	SYN_AUTO_SPK_16	A	correct_default	easy	creaky	197.384	creaky	200.235	7.511	3	SYNTHETIC_TEACHING_FIXTURE
SYN_AUTO_129	SYN_AUTO_ITEM_129	SYN_AUTO_SPK_17	A	from_scratch	difficult	creaky	184.658	breathy	196.315	13.989	3	SYNTHETIC_TEACHING_FIXTURE
SYN_AUTO_130	SYN_AUTO_ITEM_130	SYN_AUTO_SPK_17	B	correct_default	easy	modal	228.066	modal	233.591	7.057	5	SYNTHETIC_TEACHING_FIXTURE
SYN_AUTO_131	SYN_AUTO_ITEM_131	SYN_AUTO_SPK_17	B	from_scratch	easy	modal	209.659	modal	208.931	12.247	3	SYNTHETIC_TEACHING_FIXTURE
SYN_AUTO_132	SYN_AUTO_ITEM_132	SYN_AUTO_SPK_17	A	correct_default	difficult	breathy	207.385	breathy	203.984	11.374	4	SYNTHETIC_TEACHING_FIXTURE
SYN_AUTO_133	SYN_AUTO_ITEM_133	SYN_AUTO_SPK_17	A	from_scratch	easy	modal	167.459	modal	163.956	11.069	4	SYNTHETIC_TEACHING_FIXTURE
SYN_AUTO_134	SYN_AUTO_ITEM_134	SYN_AUTO_SPK_17	B	correct_default	easy	modal	185.28	modal	189.12	6.791	5	SYNTHETIC_TEACHING_FIXTURE
SYN_AUTO_135	SYN_AUTO_ITEM_135	SYN_AUTO_SPK_17	B	from_scratch	difficult	modal	110.919	modal	98.15	17.192	3	SYNTHETIC_TEACHING_FIXTURE
SYN_AUTO_136	SYN_AUTO_ITEM_136	SYN_AUTO_SPK_17	A	correct_default	easy	modal	190.642	modal	185.214	4.879	5	SYNTHETIC_TEACHING_FIXTURE
SYN_AUTO_137	SYN_AUTO_ITEM_137	SYN_AUTO_SPK_18	A	from_scratch	easy	modal	118.678	modal	116.449	11.663	3	SYNTHETIC_TEACHING_FIXTURE
SYN_AUTO_138	SYN_AUTO_ITEM_138	SYN_AUTO_SPK_18	B	correct_default	difficult	breathy	216.963	modal	219.049	9.206	3	SYNTHETIC_TEACHING_FIXTURE
SYN_AUTO_139	SYN_AUTO_ITEM_139	SYN_AUTO_SPK_18	B	from_scratch	easy	modal	115.944	creaky	113.698	10.233	4	SYNTHETIC_TEACHING_FIXTURE
SYN_AUTO_140	SYN_AUTO_ITEM_140	SYN_AUTO_SPK_18	A	correct_default	easy	modal	219.443	modal	216.943	6.608	3	SYNTHETIC_TEACHING_FIXTURE
SYN_AUTO_141	SYN_AUTO_ITEM_141	SYN_AUTO_SPK_18	A	from_scratch	difficult	modal	199.924	breathy	204.957	14.913	2	SYNTHETIC_TEACHING_FIXTURE
SYN_AUTO_142	SYN_AUTO_ITEM_142	SYN_AUTO_SPK_18	B	correct_default	easy	modal	236.593	modal	235.177	7.12	5	SYNTHETIC_TEACHING_FIXTURE
SYN_AUTO_143	SYN_AUTO_ITEM_143	SYN_AUTO_SPK_18	B	from_scratch	easy	modal	224.256	modal	222.671	11.935	4	SYNTHETIC_TEACHING_FIXTURE
SYN_AUTO_144	SYN_AUTO_ITEM_144	SYN_AUTO_SPK_18	A	correct_default	difficult	breathy	150.653	modal	156.446	7.513	4	SYNTHETIC_TEACHING_FIXTURE
SYN_AUTO_145	SYN_AUTO_ITEM_145	SYN_AUTO_SPK_19	A	from_scratch	easy	modal	239.501	modal	238.398	8.639	4	SYNTHETIC_TEACHING_FIXTURE
SYN_AUTO_146	SYN_AUTO_ITEM_146	SYN_AUTO_SPK_19	B	correct_default	easy	breathy	239.447	breathy	244.61	5.017	5	SYNTHETIC_TEACHING_FIXTURE
SYN_AUTO_147	SYN_AUTO_ITEM_147	SYN_AUTO_SPK_19	B	from_scratch	difficult	modal	230.516	modal	229.675	12.883	1	SYNTHETIC_TEACHING_FIXTURE
SYN_AUTO_148	SYN_AUTO_ITEM_148	SYN_AUTO_SPK_19	A	correct_default	easy	modal	156.757	modal	162.705	5.623	5	SYNTHETIC_TEACHING_FIXTURE
SYN_AUTO_149	SYN_AUTO_ITEM_149	SYN_AUTO_SPK_19	A	from_scratch	easy	modal	160.11	creaky	156.048	11.035	3	SYNTHETIC_TEACHING_FIXTURE
SYN_AUTO_150	SYN_AUTO_ITEM_150	SYN_AUTO_SPK_19	B	correct_default	difficult	breathy	194.387	breathy	198.187	9.426	3	SYNTHETIC_TEACHING_FIXTURE
SYN_AUTO_151	SYN_AUTO_ITEM_151	SYN_AUTO_SPK_19	B	from_scratch	easy	creaky	136.14	modal	139.327	12.475	3	SYNTHETIC_TEACHING_FIXTURE
SYN_AUTO_152	SYN_AUTO_ITEM_152	SYN_AUTO_SPK_19	A	correct_default	easy	modal	143.556	modal	147.791	5.22	4	SYNTHETIC_TEACHING_FIXTURE
SYN_AUTO_153	SYN_AUTO_ITEM_153	SYN_AUTO_SPK_20	A	from_scratch	difficult	creaky	231.143	breathy	230.769	12.743	4	SYNTHETIC_TEACHING_FIXTURE
SYN_AUTO_154	SYN_AUTO_ITEM_154	SYN_AUTO_SPK_20	B	correct_default	easy	modal	191.074	modal	198.976	6.049	4	SYNTHETIC_TEACHING_FIXTURE
SYN_AUTO_155	SYN_AUTO_ITEM_155	SYN_AUTO_SPK_20	B	from_scratch	easy	modal	160.917	modal	164.343	11.432	4	SYNTHETIC_TEACHING_FIXTURE
SYN_AUTO_156	SYN_AUTO_ITEM_156	SYN_AUTO_SPK_20	A	correct_default	difficult	breathy	163.839	breathy	179.105	11.104	1	SYNTHETIC_TEACHING_FIXTURE
SYN_AUTO_157	SYN_AUTO_ITEM_157	SYN_AUTO_SPK_20	A	from_scratch	easy	modal	145.574	breathy	148.172	9.004	5	SYNTHETIC_TEACHING_FIXTURE
SYN_AUTO_158	SYN_AUTO_ITEM_158	SYN_AUTO_SPK_20	B	correct_default	easy	modal	105.851	modal	110.67	6.541	4	SYNTHETIC_TEACHING_FIXTURE
SYN_AUTO_159	SYN_AUTO_ITEM_159	SYN_AUTO_SPK_20	B	from_scratch	difficult	breathy	139.313	breathy	156.381	13.168	2	SYNTHETIC_TEACHING_FIXTURE
SYN_AUTO_160	SYN_AUTO_ITEM_160	SYN_AUTO_SPK_20	A	correct_default	easy	modal	144.713	modal	142.59	8.26	3	SYNTHETIC_TEACHING_FIXTURE
SYN_AUTO_161	SYN_AUTO_ITEM_161	SYN_AUTO_SPK_21	A	from_scratch	easy	creaky	185.666	modal	180.133	11.269	4	SYNTHETIC_TEACHING_FIXTURE
SYN_AUTO_162	SYN_AUTO_ITEM_162	SYN_AUTO_SPK_21	B	correct_default	difficult	breathy	236.704	breathy	227.611	10.12	3	SYNTHETIC_TEACHING_FIXTURE
SYN_AUTO_163	SYN_AUTO_ITEM_163	SYN_AUTO_SPK_21	B	from_scratch	easy	modal	106.188	creaky	106.985	11.426	5	SYNTHETIC_TEACHING_FIXTURE
SYN_AUTO_164	SYN_AUTO_ITEM_164	SYN_AUTO_SPK_21	A	correct_default	easy	modal	194.525	modal	193.708	7.692	5	SYNTHETIC_TEACHING_FIXTURE
SYN_AUTO_165	SYN_AUTO_ITEM_165	SYN_AUTO_SPK_21	A	from_scratch	difficult	modal	171.372	breathy	164.693	13.428	3	SYNTHETIC_TEACHING_FIXTURE
SYN_AUTO_166	SYN_AUTO_ITEM_166	SYN_AUTO_SPK_21	B	correct_default	easy	modal	138.1	modal	140.161	9.279	3	SYNTHETIC_TEACHING_FIXTURE
SYN_AUTO_167	SYN_AUTO_ITEM_167	SYN_AUTO_SPK_21	B	from_scratch	easy	breathy	123.535	breathy	123.447	11.216	4	SYNTHETIC_TEACHING_FIXTURE
SYN_AUTO_168	SYN_AUTO_ITEM_168	SYN_AUTO_SPK_21	A	correct_default	difficult	modal	188.622	modal	187.306	9.183	3	SYNTHETIC_TEACHING_FIXTURE
SYN_AUTO_169	SYN_AUTO_ITEM_169	SYN_AUTO_SPK_22	A	from_scratch	easy	creaky	209.377	creaky	206.132	10.508	3	SYNTHETIC_TEACHING_FIXTURE
SYN_AUTO_170	SYN_AUTO_ITEM_170	SYN_AUTO_SPK_22	B	correct_default	easy	modal	147.329	modal	156.835	5.074	3	SYNTHETIC_TEACHING_FIXTURE
SYN_AUTO_171	SYN_AUTO_ITEM_171	SYN_AUTO_SPK_22	B	from_scratch	difficult	creaky	157.569	creaky	163.937	14.133	2	SYNTHETIC_TEACHING_FIXTURE
SYN_AUTO_172	SYN_AUTO_ITEM_172	SYN_AUTO_SPK_22	A	correct_default	easy	breathy	219.229	breathy	221.206	5.25	3	SYNTHETIC_TEACHING_FIXTURE
SYN_AUTO_173	SYN_AUTO_ITEM_173	SYN_AUTO_SPK_22	A	from_scratch	easy	creaky	111.815	modal	113.225	10.763	3	SYNTHETIC_TEACHING_FIXTURE
SYN_AUTO_174	SYN_AUTO_ITEM_174	SYN_AUTO_SPK_22	B	correct_default	difficult	breathy	153.942	creaky	156.235	10.06	1	SYNTHETIC_TEACHING_FIXTURE
SYN_AUTO_175	SYN_AUTO_ITEM_175	SYN_AUTO_SPK_22	B	from_scratch	easy	modal	158.378	modal	158.15	10.312	3	SYNTHETIC_TEACHING_FIXTURE
SYN_AUTO_176	SYN_AUTO_ITEM_176	SYN_AUTO_SPK_22	A	correct_default	easy	creaky	121.524	modal	121.274	6.572	4	SYNTHETIC_TEACHING_FIXTURE
SYN_AUTO_177	SYN_AUTO_ITEM_177	SYN_AUTO_SPK_23	A	from_scratch	difficult	modal	208.408	breathy	212.661	11.886	4	SYNTHETIC_TEACHING_FIXTURE
SYN_AUTO_178	SYN_AUTO_ITEM_178	SYN_AUTO_SPK_23	B	correct_default	easy	modal	131.949	modal	133.935	9.22	3	SYNTHETIC_TEACHING_FIXTURE
SYN_AUTO_179	SYN_AUTO_ITEM_179	SYN_AUTO_SPK_23	B	from_scratch	easy	breathy	114.333	breathy	109.833	13.106	4	SYNTHETIC_TEACHING_FIXTURE
SYN_AUTO_180	SYN_AUTO_ITEM_180	SYN_AUTO_SPK_23	A	correct_default	difficult	modal	172.541	modal	176.059	12.021	4	SYNTHETIC_TEACHING_FIXTURE
SYN_AUTO_181	SYN_AUTO_ITEM_181	SYN_AUTO_SPK_23	A	from_scratch	easy	creaky	204.507	breathy	206.57	11.012	4	SYNTHETIC_TEACHING_FIXTURE
SYN_AUTO_182	SYN_AUTO_ITEM_182	SYN_AUTO_SPK_23	B	correct_default	easy	breathy	196.561	breathy	196.305	8.434	4	SYNTHETIC_TEACHING_FIXTURE
SYN_AUTO_183	SYN_AUTO_ITEM_183	SYN_AUTO_SPK_23	B	from_scratch	difficult	creaky	117.563	modal	121.053	16.337	1	SYNTHETIC_TEACHING_FIXTURE
SYN_AUTO_184	SYN_AUTO_ITEM_184	SYN_AUTO_SPK_23	A	correct_default	easy	creaky	127.194	creaky	127.354	5.464	4	SYNTHETIC_TEACHING_FIXTURE
SYN_AUTO_185	SYN_AUTO_ITEM_185	SYN_AUTO_SPK_24	A	from_scratch	easy	breathy	204.659	modal	206.338	10.421	4	SYNTHETIC_TEACHING_FIXTURE
SYN_AUTO_186	SYN_AUTO_ITEM_186	SYN_AUTO_SPK_24	B	correct_default	difficult	modal	215.734	modal	209.344	9.838	2	SYNTHETIC_TEACHING_FIXTURE
SYN_AUTO_187	SYN_AUTO_ITEM_187	SYN_AUTO_SPK_24	B	from_scratch	easy	modal	118.678	breathy	126.193	9.513	4	SYNTHETIC_TEACHING_FIXTURE
SYN_AUTO_188	SYN_AUTO_ITEM_188	SYN_AUTO_SPK_24	A	correct_default	easy	modal	207.873	modal	211.638	5.185	5	SYNTHETIC_TEACHING_FIXTURE
SYN_AUTO_189	SYN_AUTO_ITEM_189	SYN_AUTO_SPK_24	A	from_scratch	difficult	modal	189.852	modal	191.058	12.879	2	SYNTHETIC_TEACHING_FIXTURE
SYN_AUTO_190	SYN_AUTO_ITEM_190	SYN_AUTO_SPK_24	B	correct_default	easy	modal	197.259	modal	197.539	6.108	5	SYNTHETIC_TEACHING_FIXTURE
SYN_AUTO_191	SYN_AUTO_ITEM_191	SYN_AUTO_SPK_24	B	from_scratch	easy	creaky	176.704	creaky	184.847	12.356	4	SYNTHETIC_TEACHING_FIXTURE
SYN_AUTO_192	SYN_AUTO_ITEM_192	SYN_AUTO_SPK_24	A	correct_default	difficult	modal	109.836	breathy	114.016	8.867	3	SYNTHETIC_TEACHING_FIXTURE
SYN_AUTO_193	SYN_AUTO_ITEM_193	SYN_AUTO_SPK_25	A	from_scratch	easy	modal	179.663	modal	182.495	10.614	5	SYNTHETIC_TEACHING_FIXTURE
SYN_AUTO_194	SYN_AUTO_ITEM_194	SYN_AUTO_SPK_25	B	correct_default	easy	modal	222.261	modal	227.167	5.572	3	SYNTHETIC_TEACHING_FIXTURE
SYN_AUTO_195	SYN_AUTO_ITEM_195	SYN_AUTO_SPK_25	B	from_scratch	difficult	modal	111.583	modal	114.581	13.483	4	SYNTHETIC_TEACHING_FIXTURE
SYN_AUTO_196	SYN_AUTO_ITEM_196	SYN_AUTO_SPK_25	A	correct_default	easy	modal	151.122	modal	152.072	5.905	3	SYNTHETIC_TEACHING_FIXTURE
SYN_AUTO_197	SYN_AUTO_ITEM_197	SYN_AUTO_SPK_25	A	from_scratch	easy	modal	112.434	breathy	114.253	9.199	3	SYNTHETIC_TEACHING_FIXTURE
SYN_AUTO_198	SYN_AUTO_ITEM_198	SYN_AUTO_SPK_25	B	correct_default	difficult	breathy	176.562	breathy	168.669	9.495	4	SYNTHETIC_TEACHING_FIXTURE
SYN_AUTO_199	SYN_AUTO_ITEM_199	SYN_AUTO_SPK_25	B	from_scratch	easy	modal	190.049	modal	190.588	8.359	5	SYNTHETIC_TEACHING_FIXTURE
SYN_AUTO_200	SYN_AUTO_ITEM_200	SYN_AUTO_SPK_25	A	correct_default	easy	modal	239.663	modal	239.437	6.063	4	SYNTHETIC_TEACHING_FIXTURE
SYN_AUTO_201	SYN_AUTO_ITEM_201	SYN_AUTO_SPK_26	A	from_scratch	difficult	creaky	183.53	breathy	186.574	14.08	3	SYNTHETIC_TEACHING_FIXTURE
SYN_AUTO_202	SYN_AUTO_ITEM_202	SYN_AUTO_SPK_26	B	correct_default	easy	modal	146.641	modal	147.225	5.683	4	SYNTHETIC_TEACHING_FIXTURE
SYN_AUTO_203	SYN_AUTO_ITEM_203	SYN_AUTO_SPK_26	B	from_scratch	easy	creaky	166.437	breathy	169.753	11.033	3	SYNTHETIC_TEACHING_FIXTURE
SYN_AUTO_204	SYN_AUTO_ITEM_204	SYN_AUTO_SPK_26	A	correct_default	difficult	breathy	168.817	breathy	176.335	6.745	3	SYNTHETIC_TEACHING_FIXTURE
SYN_AUTO_205	SYN_AUTO_ITEM_205	SYN_AUTO_SPK_26	A	from_scratch	easy	modal	224.911	modal	227.05	13.609	3	SYNTHETIC_TEACHING_FIXTURE
SYN_AUTO_206	SYN_AUTO_ITEM_206	SYN_AUTO_SPK_26	B	correct_default	easy	creaky	142.765	creaky	143.534	3.637	4	SYNTHETIC_TEACHING_FIXTURE
SYN_AUTO_207	SYN_AUTO_ITEM_207	SYN_AUTO_SPK_26	B	from_scratch	difficult	modal	221.477	modal	229.983	12.984	3	SYNTHETIC_TEACHING_FIXTURE
SYN_AUTO_208	SYN_AUTO_ITEM_208	SYN_AUTO_SPK_26	A	correct_default	easy	modal	176.627	modal	175.461	7.997	5	SYNTHETIC_TEACHING_FIXTURE
SYN_AUTO_209	SYN_AUTO_ITEM_209	SYN_AUTO_SPK_27	A	from_scratch	easy	modal	188.349	modal	188.689	9.133	3	SYNTHETIC_TEACHING_FIXTURE
SYN_AUTO_210	SYN_AUTO_ITEM_210	SYN_AUTO_SPK_27	B	correct_default	difficult	modal	150.986	modal	148.138	11.037	1	SYNTHETIC_TEACHING_FIXTURE
SYN_AUTO_211	SYN_AUTO_ITEM_211	SYN_AUTO_SPK_27	B	from_scratch	easy	modal	137.713	modal	136.327	9.111	5	SYNTHETIC_TEACHING_FIXTURE
SYN_AUTO_212	SYN_AUTO_ITEM_212	SYN_AUTO_SPK_27	A	correct_default	easy	modal	152.724	modal	156.193	6.048	5	SYNTHETIC_TEACHING_FIXTURE
SYN_AUTO_213	SYN_AUTO_ITEM_213	SYN_AUTO_SPK_27	A	from_scratch	difficult	creaky	237.34	modal	239.271	15.807	4	SYNTHETIC_TEACHING_FIXTURE
SYN_AUTO_214	SYN_AUTO_ITEM_214	SYN_AUTO_SPK_27	B	correct_default	easy	modal	134.04	modal	133.689	5.112	4	SYNTHETIC_TEACHING_FIXTURE
SYN_AUTO_215	SYN_AUTO_ITEM_215	SYN_AUTO_SPK_27	B	from_scratch	easy	modal	109.218	breathy	106.758	11.448	3	SYNTHETIC_TEACHING_FIXTURE
SYN_AUTO_216	SYN_AUTO_ITEM_216	SYN_AUTO_SPK_27	A	correct_default	difficult	modal	105.788	modal	111.739	11.151	2	SYNTHETIC_TEACHING_FIXTURE
SYN_AUTO_217	SYN_AUTO_ITEM_217	SYN_AUTO_SPK_28	A	from_scratch	easy	breathy	103.867	breathy	106.779	8.665	5	SYNTHETIC_TEACHING_FIXTURE
SYN_AUTO_218	SYN_AUTO_ITEM_218	SYN_AUTO_SPK_28	B	correct_default	easy	breathy	190.045	modal	187.37	5.743	3	SYNTHETIC_TEACHING_FIXTURE
SYN_AUTO_219	SYN_AUTO_ITEM_219	SYN_AUTO_SPK_28	B	from_scratch	difficult	modal	229.472	breathy	248.272	16.098	4	SYNTHETIC_TEACHING_FIXTURE
SYN_AUTO_220	SYN_AUTO_ITEM_220	SYN_AUTO_SPK_28	A	correct_default	easy	breathy	160.42	breathy	166.331	5.901	5	SYNTHETIC_TEACHING_FIXTURE
SYN_AUTO_221	SYN_AUTO_ITEM_221	SYN_AUTO_SPK_28	A	from_scratch	easy	modal	144.18	creaky	145.824	11.239	5	SYNTHETIC_TEACHING_FIXTURE
SYN_AUTO_222	SYN_AUTO_ITEM_222	SYN_AUTO_SPK_28	B	correct_default	difficult	modal	107.632	modal	108.149	10.454	4	SYNTHETIC_TEACHING_FIXTURE
SYN_AUTO_223	SYN_AUTO_ITEM_223	SYN_AUTO_SPK_28	B	from_scratch	easy	modal	141.68	modal	140.062	11.069	5	SYNTHETIC_TEACHING_FIXTURE
SYN_AUTO_224	SYN_AUTO_ITEM_224	SYN_AUTO_SPK_28	A	correct_default	easy	breathy	181.716	breathy	176.581	7.203	4	SYNTHETIC_TEACHING_FIXTURE
SYN_AUTO_225	SYN_AUTO_ITEM_225	SYN_AUTO_SPK_29	A	from_scratch	difficult	modal	144.32	modal	143.55	15.031	1	SYNTHETIC_TEACHING_FIXTURE
SYN_AUTO_226	SYN_AUTO_ITEM_226	SYN_AUTO_SPK_29	B	correct_default	easy	modal	192.716	modal	194.698	5.886	3	SYNTHETIC_TEACHING_FIXTURE
SYN_AUTO_227	SYN_AUTO_ITEM_227	SYN_AUTO_SPK_29	B	from_scratch	easy	modal	132.927	modal	132.941	10.217	3	SYNTHETIC_TEACHING_FIXTURE
SYN_AUTO_228	SYN_AUTO_ITEM_228	SYN_AUTO_SPK_29	A	correct_default	difficult	modal	107.715	creaky	116.461	11.171	4	SYNTHETIC_TEACHING_FIXTURE
SYN_AUTO_229	SYN_AUTO_ITEM_229	SYN_AUTO_SPK_29	A	from_scratch	easy	breathy	100.885	modal	98.752	9.18	4	SYNTHETIC_TEACHING_FIXTURE
SYN_AUTO_230	SYN_AUTO_ITEM_230	SYN_AUTO_SPK_29	B	correct_default	easy	creaky	145.341	creaky	145.221	5.353	4	SYNTHETIC_TEACHING_FIXTURE
SYN_AUTO_231	SYN_AUTO_ITEM_231	SYN_AUTO_SPK_29	B	from_scratch	difficult	creaky	201.157	modal	208.685	14.023	1	SYNTHETIC_TEACHING_FIXTURE
SYN_AUTO_232	SYN_AUTO_ITEM_232	SYN_AUTO_SPK_29	A	correct_default	easy	modal	105.769	modal	102.675	8.536	3	SYNTHETIC_TEACHING_FIXTURE
SYN_AUTO_233	SYN_AUTO_ITEM_233	SYN_AUTO_SPK_30	A	from_scratch	easy	modal	162.899	creaky	160.04	8.962	3	SYNTHETIC_TEACHING_FIXTURE
SYN_AUTO_234	SYN_AUTO_ITEM_234	SYN_AUTO_SPK_30	B	correct_default	difficult	modal	124.409	modal	130.612	9.913	1	SYNTHETIC_TEACHING_FIXTURE
SYN_AUTO_235	SYN_AUTO_ITEM_235	SYN_AUTO_SPK_30	B	from_scratch	easy	modal	118.38	modal	114.316	9.97	5	SYNTHETIC_TEACHING_FIXTURE
SYN_AUTO_236	SYN_AUTO_ITEM_236	SYN_AUTO_SPK_30	A	correct_default	easy	modal	108.408	modal	109.982	5.903	3	SYNTHETIC_TEACHING_FIXTURE
SYN_AUTO_237	SYN_AUTO_ITEM_237	SYN_AUTO_SPK_30	A	from_scratch	difficult	modal	239.12	creaky	232.517	14.967	2	SYNTHETIC_TEACHING_FIXTURE
SYN_AUTO_238	SYN_AUTO_ITEM_238	SYN_AUTO_SPK_30	B	correct_default	easy	modal	210.935	modal	210.651	6.932	3	SYNTHETIC_TEACHING_FIXTURE
SYN_AUTO_239	SYN_AUTO_ITEM_239	SYN_AUTO_SPK_30	B	from_scratch	easy	modal	234.96	modal	233.131	8.241	5	SYNTHETIC_TEACHING_FIXTURE
SYN_AUTO_240	SYN_AUTO_ITEM_240	SYN_AUTO_SPK_30	A	correct_default	difficult	modal	141.738	modal	144.936	12.542	2	SYNTHETIC_TEACHING_FIXTURE
